
{
	"type": "Feature",
	"geometry": {
		"type": "LineString",
		"coordinates": [
		[-113.38603100,52.43719400,894.25744600],[-113.38610100,52.43717300,897.42901600],[-113.38616600,52.43718200,895.24023400],[-113.38621710,52.43717906,896.46978800],[-113.38626240,52.43717646,896.50628700],[-113.38630090,52.43717424,898.43682900],[-113.38637150,52.43717018,899.40618900],[-113.38643030,52.43716680,898.89978000],[-113.38647900,52.43716400,898.23449700],[-113.38652900,52.43714500,897.65112300],[-113.38654020,52.43712806,897.68139600],[-113.38655600,52.43710400,896.83337400],[-113.38656290,52.43708031,898.00732400],[-113.38657320,52.43704456,897.78491200],[-113.38658470,52.43700472,897.71527100],[-113.38659530,52.43696824,897.76867700],[-113.38660590,52.43693145,897.83807400],[-113.38661500,52.43690000,897.76776100],[-113.38661770,52.43686102,897.63940400],[-113.38662030,52.43682403,897.47180200],[-113.38662310,52.43678405,897.43548600],[-113.38662500,52.43675600,897.38275100],[-113.38661760,52.43672460,897.32031300],[-113.38660890,52.43668774,897.21630900],[-113.38660000,52.43664974,897.12921100],[-113.38659200,52.43661600,896.22894300],[-113.38658680,52.43659889,896.96008300],[-113.38657590,52.43656333,896.74078400],[-113.38656470,52.43652669,896.41009500],[-113.38655360,52.43649016,896.24487300],[-113.38654280,52.43645502,895.83178700],[-113.38653300,52.43642300,895.45520000],[-113.38652200,52.43638678,895.14849900],[-113.38651130,52.43635196,894.71850600],[-113.38650160,52.43632005,894.45300300],[-113.38649100,52.43628556,894.30798300],[-113.38647970,52.43624838,893.98388700],[-113.38646850,52.43621194,893.79431200],[-113.38645700,52.43617434,893.37469500],[-113.38644530,52.43613588,893.22271700],[-113.38643390,52.43609860,892.98162800],[-113.38642390,52.43606572,892.75872800],[-113.38641300,52.43603025,892.69012500],[-113.38640190,52.43599381,892.52368200],[-113.38639060,52.43595673,892.40228300],[-113.38637990,52.43592192,892.26178000],[-113.38636930,52.43588721,892.14117400],[-113.38635920,52.43585400,892.03100600],[-113.38634900,52.43582068,891.89038100],[-113.38633810,52.43578510,891.80120800],[-113.38632730,52.43574974,891.68188500],[-113.38631620,52.43571330,891.72650100],[-113.38630540,52.43567796,891.67681900],[-113.38629500,52.43564400,891.61938500],[-113.38629010,52.43562867,890.92218000],[-113.38627960,52.43559609,890.80572500],[-113.38626840,52.43556147,890.91839600],[-113.38625730,52.43552701,890.78747600],[-113.38624700,52.43549505,890.79058800],[-113.38623550,52.43545950,890.53381300],[-113.38622510,52.43542731,890.43103000],[-113.38621410,52.43539303,890.21087600],[-113.38620300,52.43535876,890.30041500],[-113.38619240,52.43532579,890.30871600],[-113.38618280,52.43529606,890.33050500],[-113.38617290,52.43526522,890.26709000],[-113.38616300,52.43523460,890.23547400],[-113.38615340,52.43520479,890.11962900],[-113.38614250,52.43517102,890.09613000],[-113.38613290,52.43514133,889.89502000],[-113.38611890,52.43509793,889.82019000],[-113.38610910,52.43506762,889.71521000],[-113.38609750,52.43503169,889.67657500],[-113.38608640,52.43499715,889.50897200],[-113.38607580,52.43496430,889.47607400],[-113.38606520,52.43493152,889.44061300],[-113.38605490,52.43489949,889.33740200],[-113.38604390,52.43486518,889.29730200],[-113.38603360,52.43483348,889.37158200],[-113.38602270,52.43479948,889.43957500],[-113.38601190,52.43476609,889.32507300],[-113.38600200,52.43473532,889.31982400],[-113.38599060,52.43470012,889.25817900],[-113.38598110,52.43467059,889.27148400],[-113.38597070,52.43463839,889.18328900],[-113.38596080,52.43460751,889.14752200],[-113.38595030,52.43457497,889.00720200],[-113.38593780,52.43453627,888.76641800],[-113.38592770,52.43450503,888.77600100],[-113.38591900,52.43447800,888.86877400],[-113.38591170,52.43445337,888.74969500],[-113.38590270,52.43442292,888.94018600],[-113.38589320,52.43439065,888.97900400],[-113.38588460,52.43436161,888.91369600],[-113.38587650,52.43433450,888.89642300],[-113.38586790,52.43430524,888.92822300],[-113.38585740,52.43426974,888.90832500],[-113.38584800,52.43423800,888.03131100],[-113.38584270,52.43421943,888.13562000],[-113.38583420,52.43418994,888.15582300],[-113.38582520,52.43415852,888.24212600],[-113.38581590,52.43412647,888.15570100],[-113.38580680,52.43409449,887.76593000],[-113.38580000,52.43407100,886.96856700],[-113.38579410,52.43404510,887.80438200],[-113.38578670,52.43401288,887.75750700],[-113.38577880,52.43397870,887.58599900],[-113.38577050,52.43394230,887.60571300],[-113.38576260,52.43390795,887.38189700],[-113.38575470,52.43387385,887.34661900],[-113.38574700,52.43383998,887.18902600],[-113.38574100,52.43381400,886.96283000],[-113.38572990,52.43377850,887.09161400],[-113.38571870,52.43374287,887.00219700],[-113.38570750,52.43370701,886.90008500],[-113.38569700,52.43367342,886.97222900],[-113.38568640,52.43363961,886.78558300],[-113.38567540,52.43360460,886.62872300],[-113.38566500,52.43357130,886.48730500],[-113.38565520,52.43354016,886.39581300],[-113.38564500,52.43350731,886.42681900],[-113.38563430,52.43347327,886.43627900],[-113.38562390,52.43344019,886.42498800],[-113.38561420,52.43340911,886.40881300],[-113.38560370,52.43337564,886.42608600],[-113.38559260,52.43334000,886.45141600],[-113.38558160,52.43330489,886.40252700],[-113.38557070,52.43327029,886.35028100],[-113.38555890,52.43323261,886.44152800],[-113.38554780,52.43319720,886.37872300],[-113.38553900,52.43316900,886.50701900],[-113.38552880,52.43313673,886.42810100],[-113.38551820,52.43310310,886.56543000],[-113.38550880,52.43307326,886.81439200],[-113.38549910,52.43304252,887.02630600],[-113.38548920,52.43301104,887.67749000],[-113.38548010,52.43298201,887.77832000],[-113.38547010,52.43295047,888.02179000],[-113.38545930,52.43291604,888.12329100],[-113.38545050,52.43288813,887.88391100],[-113.38543980,52.43285427,887.87750200],[-113.38542900,52.43281995,887.81317100],[-113.38541840,52.43278637,887.60430900],[-113.38540700,52.43275012,887.49377400],[-113.38539570,52.43271421,887.24157700],[-113.38538450,52.43267853,887.17199700],[-113.38537320,52.43264280,887.15472400],[-113.38536300,52.43261035,887.20379600],[-113.38535310,52.43257910,887.09277300],[-113.38534160,52.43254263,887.32232700],[-113.38533060,52.43250763,887.25622600],[-113.38531920,52.43247156,887.41131600],[-113.38530770,52.43243503,887.39099100],[-113.38529710,52.43240140,887.26208500],[-113.38528630,52.43236697,887.26251200],[-113.38527490,52.43233067,887.10589600],[-113.38526350,52.43229448,887.14959700],[-113.38525160,52.43225693,887.12591600],[-113.38524000,52.43222000,887.11621100],[-113.38522780,52.43218137,887.07647700],[-113.38521600,52.43214382,887.00250200],[-113.38520470,52.43210786,887.00299100],[-113.38519400,52.43207394,887.15930200],[-113.38518280,52.43203843,887.26092500],[-113.38517250,52.43200593,887.35522500],[-113.38516180,52.43197184,887.54821800],[-113.38515130,52.43193860,887.46917700],[-113.38514200,52.43190900,887.40991200],[-113.38513500,52.43188654,887.44708300],[-113.38512450,52.43185297,887.52337600],[-113.38511360,52.43181773,887.32470700],[-113.38510390,52.43178658,887.38623000],[-113.38509290,52.43175135,887.17559800],[-113.38508160,52.43171515,887.13598600],[-113.38506970,52.43167713,887.05950900],[-113.38505840,52.43164060,886.84368900],[-113.38504840,52.43160878,886.93469200],[-113.38503570,52.43156798,886.72760000],[-113.38502500,52.43153348,886.59527600],[-113.38501400,52.43149836,886.50610400],[-113.38500350,52.43146454,886.77392600],[-113.38499290,52.43143065,886.73040800],[-113.38498210,52.43139579,886.81732200],[-113.38497140,52.43136152,886.66467300],[-113.38496030,52.43132599,886.76361100],[-113.38494960,52.43129161,886.93042000],[-113.38493900,52.43125775,886.86120600],[-113.38492750,52.43122059,886.93212900],[-113.38491550,52.43118205,886.91357400],[-113.38490440,52.43114659,886.80358900],[-113.38489310,52.43111017,886.76318400],[-113.38488180,52.43107390,886.70770300],[-113.38487010,52.43103644,886.73107900],[-113.38485810,52.43099813,886.54901100],[-113.38484660,52.43096097,886.49169900],[-113.38483550,52.43092540,886.56140100],[-113.38482410,52.43088879,886.36248800],[-113.38481260,52.43085212,886.33752400],[-113.38480110,52.43081506,886.21472200],[-113.38478970,52.43077864,886.14190700],[-113.38477880,52.43074359,886.19702100],[-113.38476770,52.43070780,886.46307400],[-113.38475610,52.43067074,886.40771500],[-113.38474590,52.43063807,886.19030800],[-113.38473500,52.43060295,886.08392300],[-113.38472460,52.43056953,886.08361800],[-113.38471420,52.43053627,885.97497600],[-113.38470340,52.43050159,885.94067400],[-113.38469290,52.43046788,886.18811000],[-113.38468200,52.43043287,886.19537400],[-113.38467220,52.43040132,886.14129600],[-113.38466290,52.43037176,886.22680700],[-113.38465240,52.43033794,886.24237100],[-113.38464180,52.43030401,886.29467800],[-113.38463100,52.43026911,886.14288300],[-113.38462090,52.43023670,886.13018800],[-113.38461030,52.43020288,886.06127900],[-113.38460010,52.43017002,886.18701200],[-113.38458990,52.43013746,886.06481900],[-113.38457910,52.43010286,886.07830800],[-113.38456820,52.43006784,886.04541000],[-113.38455790,52.43003481,886.10553000],[-113.38454840,52.43000422,885.91229200],[-113.38453860,52.42997266,885.84472700],[-113.38452630,52.42993341,884.68469200],[-113.38451600,52.42990018,884.53881800],[-113.38450580,52.42986762,884.52691700],[-113.38449530,52.42983368,884.42468300],[-113.38448480,52.42980009,884.44561800],[-113.38447400,52.42976559,884.38769500],[-113.38446300,52.42973029,884.39959700],[-113.38445220,52.42969561,884.38177500],[-113.38444150,52.42966127,884.32342500],[-113.38443090,52.42962705,884.32348600],[-113.38442000,52.42959215,884.30310100],[-113.38440970,52.42955907,884.06860400],[-113.38440000,52.42952800,885.05902100],[-113.38439650,52.42951668,885.32727100],[-113.38438780,52.42948875,885.33288600],[-113.38437890,52.42945997,885.28601100],[-113.38436870,52.42942700,885.29010000],[-113.38435960,52.42939755,885.30352800],[-113.38434970,52.42936565,885.26208500],[-113.38433990,52.42933398,885.30981400],[-113.38432960,52.42930078,885.23407000],[-113.38432030,52.42927082,885.23901400],[-113.38430950,52.42923602,885.20092800],[-113.38429870,52.42920123,885.12432900],[-113.38428840,52.42916792,885.08697500],[-113.38427850,52.42913613,884.93872100],[-113.38426830,52.42910327,884.91467300],[-113.38425730,52.42906770,884.85321000],[-113.38424760,52.42903643,884.86431900],[-113.38423840,52.42900669,885.00708000],[-113.38422870,52.42897531,884.82348600],[-113.38421900,52.42894430,884.73150600],[-113.38421060,52.42891701,884.69427500],[-113.38420110,52.42888638,884.57110600],[-113.38419160,52.42885589,884.52368200],[-113.38417900,52.42881508,884.55078100],[-113.38416830,52.42878069,884.51940900],[-113.38415880,52.42874998,884.56811500],[-113.38414980,52.42872080,884.72528100],[-113.38413980,52.42868857,884.65771500],[-113.38413020,52.42865782,884.68109100],[-113.38412020,52.42862548,884.81012000],[-113.38411050,52.42859421,884.75012200],[-113.38410140,52.42856477,884.89160200],[-113.38408880,52.42852421,884.95892300],[-113.38407890,52.42849224,885.00360100],[-113.38406970,52.42846239,885.14502000],[-113.38405970,52.42843015,885.20391800],[-113.38404970,52.42839803,885.10980200],[-113.38403990,52.42836647,885.08618200],[-113.38402940,52.42833242,884.96191400],[-113.38401880,52.42829826,884.87042200],[-113.38400890,52.42826655,884.79467800],[-113.38399860,52.42823316,884.90997300],[-113.38398830,52.42819997,884.63623000],[-113.38397820,52.42816751,884.64178500],[-113.38396810,52.42813495,884.58288600],[-113.38395700,52.42809900,884.34820600],[-113.38394680,52.42806804,884.62127700],[-113.38393760,52.42803993,884.59619100],[-113.38392770,52.42800977,885.02380400],[-113.38391790,52.42797987,884.99249300],[-113.38390710,52.42794711,884.72387700],[-113.38389520,52.42791086,884.53448500],[-113.38388350,52.42787533,884.29229700],[-113.38387160,52.42783895,884.12762500],[-113.38385980,52.42780331,884.00280800],[-113.38384870,52.42776942,883.75250200],[-113.38383730,52.42773460,883.65881300],[-113.38382640,52.42770158,883.47583000],[-113.38381550,52.42766819,883.31231700],[-113.38380420,52.42763397,882.99627700],[-113.38379250,52.42759845,882.83532700],[-113.38378040,52.42756135,882.62719700],[-113.38376830,52.42752474,882.49499500],[-113.38375660,52.42748893,882.11438000],[-113.38374560,52.42745544,881.81781000],[-113.38373380,52.42741954,881.46948200],[-113.38372240,52.42738509,881.34527600],[-113.38371090,52.42735003,880.92010500],[-113.38370090,52.42731941,880.84240700],[-113.38369120,52.42728986,880.80200200],[-113.38368200,52.42726200,880.87689200],[-113.38367550,52.42724083,880.44958500],[-113.38366500,52.42720655,880.75042700],[-113.38365430,52.42717193,880.64398200],[-113.38364330,52.42713594,880.88678000],[-113.38363220,52.42709984,881.13287400],[-113.38362100,52.42706362,881.20001200],[-113.38361040,52.42702893,881.21472200],[-113.38359970,52.42699432,881.19799800],[-113.38358960,52.42696144,881.23431400],[-113.38358040,52.42693130,881.39672900],[-113.38356950,52.42689594,881.46801800],[-113.38355840,52.42685984,881.55950900],[-113.38354860,52.42682793,881.81292700],[-113.38353980,52.42679936,882.20452900],[-113.38352850,52.42676251,882.60778800],[-113.38352020,52.42673532,882.67169200],[-113.38351060,52.42670416,882.98620600],[-113.38350040,52.42667107,882.88769500],[-113.38349130,52.42664142,883.18261700],[-113.38348160,52.42660993,883.20361300],[-113.38347160,52.42657725,883.20379600],[-113.38346170,52.42654523,883.05401600],[-113.38345210,52.42651374,883.07501200],[-113.38344180,52.42648042,883.02722200],[-113.38343130,52.42644603,883.14563000],[-113.38342060,52.42641130,883.21490500],[-113.38341050,52.42637835,883.17327900],[-113.38340200,52.42635077,883.21478300],[-113.38339150,52.42631649,883.27441400],[-113.38338240,52.42628693,883.48309300],[-113.38337170,52.42625221,883.57470700],[-113.38336150,52.42621889,883.40112300],[-113.38335170,52.42618698,883.53637700],[-113.38334290,52.42615855,883.69677700],[-113.38333470,52.42613192,883.81079100],[-113.38332450,52.42609871,883.79998800],[-113.38331450,52.42606614,883.54461700],[-113.38330480,52.42603443,883.64660600],[-113.38329480,52.42600197,883.59710700],[-113.38328470,52.42596917,883.61590600],[-113.38327510,52.42593787,883.39849900],[-113.38326550,52.42590660,883.40179400],[-113.38325510,52.42587284,883.35699500],[-113.38324510,52.42584011,883.32251000],[-113.38323560,52.42580925,883.22320600],[-113.38322570,52.42577723,883.03869600],[-113.38321710,52.42574910,883.07202100],[-113.38320750,52.42571780,883.26837200],[-113.38319650,52.42568214,883.45721400],[-113.38318770,52.42565346,883.71221900],[-113.38317910,52.42562542,884.02618400],[-113.38317070,52.42559820,884.18090800],[-113.38316070,52.42556555,884.34137000],[-113.38315100,52.42553400,884.32000700],[-113.38314930,52.42552851,884.18121300],[-113.38314090,52.42550079,884.29022200],[-113.38313090,52.42546802,884.19378700],[-113.38312140,52.42543696,884.24951200],[-113.38311040,52.42540084,884.16699200],[-113.38310000,52.42536689,884.13122600],[-113.38308860,52.42532959,884.06152300],[-113.38307890,52.42529787,883.93432600],[-113.38307040,52.42526982,883.98150600],[-113.38306130,52.42524015,884.14428700],[-113.38305230,52.42521069,884.17919900],[-113.38304360,52.42518187,884.16540500],[-113.38303390,52.42515027,884.29968300],[-113.38302560,52.42512296,884.22479200],[-113.38301670,52.42509373,884.24511700],[-113.38300650,52.42506052,883.99517800],[-113.38299750,52.42503095,884.00708000],[-113.38298840,52.42500106,883.89007600],[-113.38297800,52.42496688,883.86242700],[-113.38296840,52.42493549,883.86157200],[-113.38295940,52.42490595,883.80749500],[-113.38295090,52.42487827,883.80651900],[-113.38294120,52.42484641,883.78839100],[-113.38293090,52.42481267,883.71118200],[-113.38292060,52.42477882,883.75628700],[-113.38290980,52.42474346,884.08038300],[-113.38290000,52.42471154,883.81787100],[-113.38289080,52.42468134,883.70251500],[-113.38288100,52.42464909,883.86572300],[-113.38287100,52.42461652,883.58880600],[-113.38286160,52.42458544,883.57788100],[-113.38285230,52.42455513,883.47161900],[-113.38284370,52.42452697,883.41650400],[-113.38283330,52.42449292,883.45800800],[-113.38282320,52.42445964,883.57141100],[-113.38281460,52.42443150,883.55517600],[-113.38280580,52.42440281,883.49377400],[-113.38279600,52.42437048,883.45300300],[-113.38278620,52.42433845,883.34271200],[-113.38277660,52.42430687,883.40582300],[-113.38276650,52.42427398,883.33721900],[-113.38275730,52.42424389,883.27722200],[-113.38274760,52.42421208,883.18640100],[-113.38273770,52.42417966,883.20922900],[-113.38272780,52.42414717,883.01379400],[-113.38271920,52.42411899,882.81457500],[-113.38271100,52.42409200,882.71008300],[-113.38270140,52.42406137,882.52868700],[-113.38269090,52.42402796,882.30371100],[-113.38268010,52.42399382,882.19702100],[-113.38266970,52.42396075,882.02197300],[-113.38265810,52.42392370,881.85992400],[-113.38264770,52.42389075,881.77478000],[-113.38263710,52.42385705,881.69928000],[-113.38262690,52.42382443,881.51281700],[-113.38261520,52.42378750,881.49859600],[-113.38260420,52.42375239,881.25402800],[-113.38259380,52.42371943,881.10412600],[-113.38258360,52.42368693,881.03527800],[-113.38257290,52.42365301,880.98877000],[-113.38256220,52.42361897,880.97692900],[-113.38255160,52.42358516,880.81543000],[-113.38254060,52.42355016,880.65417500],[-113.38253020,52.42351698,880.55432100],[-113.38252040,52.42348589,880.74670400],[-113.38251000,52.42345282,880.68512000],[-113.38249940,52.42341919,880.69128400],[-113.38248840,52.42338430,880.59387200],[-113.38247670,52.42334697,880.65777600],[-113.38246680,52.42331560,880.55139200],[-113.38245720,52.42328504,880.40637200],[-113.38244680,52.42325197,880.24762000],[-113.38243620,52.42321816,880.25732400],[-113.38242470,52.42318168,880.19421400],[-113.38241370,52.42314651,879.94140600],[-113.38240330,52.42311355,879.91119400],[-113.38239230,52.42307844,879.74249300],[-113.38238150,52.42304411,879.74108900],[-113.38237070,52.42300997,879.61102300],[-113.38236060,52.42297786,879.53100600],[-113.38235060,52.42294587,879.39758300],[-113.38234090,52.42291518,879.39202900],[-113.38233080,52.42288308,879.20581100],[-113.38231970,52.42284781,879.01782200],[-113.38230960,52.42281548,878.79290800],[-113.38229840,52.42277997,878.64288300],[-113.38228630,52.42274145,878.29327400],[-113.38227450,52.42270395,877.95227100],[-113.38226340,52.42266873,877.72381600],[-113.38225260,52.42263441,877.43579100],[-113.38224130,52.42259849,877.25262500],[-113.38223300,52.42257200,876.49163800],[-113.38223040,52.42256361,876.43768300],[-113.38221940,52.42252837,876.36492900],[-113.38220870,52.42249403,876.09179700],[-113.38219770,52.42245846,875.91430700],[-113.38218860,52.42242935,875.63452100],[-113.38217840,52.42239649,875.53387500],[-113.38216750,52.42236148,875.37487800],[-113.38215650,52.42232636,874.96258500],[-113.38214590,52.42229231,874.76239000],[-113.38213460,52.42225593,874.37890600],[-113.38212350,52.42222018,873.84521500],[-113.38211210,52.42218346,873.35540800],[-113.38210050,52.42214640,873.07519500],[-113.38208910,52.42210980,872.50170900],[-113.38207810,52.42207449,872.02301000],[-113.38206810,52.42204215,871.68878200],[-113.38205780,52.42200903,871.27130100],[-113.38204950,52.42198248,870.92089800],[-113.38203840,52.42194695,870.71771200],[-113.38202760,52.42191227,870.40667700],[-113.38201660,52.42187686,870.23358200],[-113.38200560,52.42184133,869.86041300],[-113.38199420,52.42180472,869.41650400],[-113.38198320,52.42176937,869.12597700],[-113.38197180,52.42173276,868.55798300],[-113.38196090,52.42169802,868.25982700],[-113.38195000,52.42166271,867.98407000],[-113.38193990,52.42163030,867.71142600],[-113.38193000,52.42159848,867.36621100],[-113.38191920,52.42156376,866.93377700],[-113.38190760,52.42152667,866.50451700],[-113.38189650,52.42149098,865.93780500],[-113.38188520,52.42145474,865.41980000],[-113.38187420,52.42141947,864.80529800],[-113.38186290,52.42138316,864.29821800],[-113.38185130,52.42134588,863.75231900],[-113.38184000,52.42130945,863.19848600],[-113.38182870,52.42127314,862.64428700],[-113.38181720,52.42123627,862.14172400],[-113.38180600,52.42120029,861.77081300],[-113.38179500,52.42116499,861.23168900],[-113.38178370,52.42112849,860.59960900],[-113.38177280,52.42109370,860.15667700],[-113.38176220,52.42105959,859.75561500],[-113.38175130,52.42102462,859.20251500],[-113.38173980,52.42098767,858.70190400],[-113.38172820,52.42095044,858.32861300],[-113.38171780,52.42091684,857.94677700],[-113.38170680,52.42088171,857.53979500],[-113.38169640,52.42084818,857.21069300],[-113.38168550,52.42081324,856.89147900],[-113.38167500,52.42077953,856.56658900],[-113.38166470,52.42074627,856.12512200],[-113.38165460,52.42071393,855.96771200],[-113.38164410,52.42068007,855.72412100],[-113.38163410,52.42064802,855.49823000],[-113.38162340,52.42061364,855.37939500],[-113.38161240,52.42057829,854.98742700],[-113.38160120,52.42054220,854.72778300],[-113.38159090,52.42050935,854.53540000],[-113.38158010,52.42047467,854.11602800],[-113.38156850,52.42043717,853.97070300],[-113.38155440,52.42039210,853.54858400],[-113.38154460,52.42036039,853.38592500],[-113.38153360,52.42032526,853.05407700],[-113.38152220,52.42028866,852.87158200],[-113.38151300,52.42025900,852.78350800],[-113.38150180,52.42022516,852.57360800],[-113.38149220,52.42019599,852.46441700],[-113.38148240,52.42016633,852.41882300],[-113.38147160,52.42013344,852.35650600],[-113.38146010,52.42009862,852.22869900],[-113.38144830,52.42006296,852.33477800],[-113.38143760,52.42003043,852.15130600],[-113.38142660,52.41999707,852.15869100],[-113.38141620,52.41996560,852.12951700],[-113.38140470,52.41993055,852.21832300],[-113.38139470,52.41990018,852.10882600],[-113.38138480,52.41987015,852.02600100],[-113.38137340,52.41983581,852.01470900],[-113.38136220,52.41980183,851.86108400],[-113.38135110,52.41976797,851.81878700],[-113.38134070,52.41973665,851.84222400],[-113.38132960,52.41970279,851.81781000],[-113.38131940,52.41967205,851.33972200],[-113.38130990,52.41964322,851.14288300],[-113.38130060,52.41961505,851.15130600],[-113.38129500,52.41959800,851.13256800],[-113.38128810,52.41957405,849.01428200],[-113.38127820,52.41953926,848.93591300],[-113.38126740,52.41950167,848.71740700],[-113.38125680,52.41946473,848.55358900],[-113.38124590,52.41942662,848.63348400],[-113.38123520,52.41938947,848.46691900],[-113.38122620,52.41935825,848.53399700],[-113.38121700,52.41932600,848.68389900],[-113.38121300,52.41931289,848.61157200],[-113.38120220,52.41927764,848.46600300],[-113.38119130,52.41924197,848.50030500],[-113.38117920,52.41920244,848.36438000],[-113.38116780,52.41916547,848.36200000],[-113.38115750,52.41913163,848.37439000],[-113.38114650,52.41909585,848.24707000],[-113.38113660,52.41906339,848.34191900],[-113.38112550,52.41902717,848.34887700],[-113.38111650,52.41899772,849.64740000],[-113.38110600,52.41896346,849.46191400],[-113.38109520,52.41892821,849.50970500],[-113.38108460,52.41889373,849.44317600],[-113.38107320,52.41885643,849.97827100],[-113.38106260,52.41882182,849.93212900],[-113.38105160,52.41878593,849.92028800],[-113.38104110,52.41875165,849.93029800],[-113.38103050,52.41871714,849.77319300],[-113.38101980,52.41868200,849.76562500],[-113.38100970,52.41864901,849.65399200],[-113.38099910,52.41861442,849.65338100],[-113.38098770,52.41857746,849.46411100],[-113.38097660,52.41854124,849.33490000],[-113.38096570,52.41850536,849.34307900],[-113.38095510,52.41847077,849.22192400],[-113.38094400,52.41843466,849.12890600],[-113.38093300,52.41839877,849.00128200],[-113.38092250,52.41836438,849.01361100],[-113.38091120,52.41832752,849.17187500],[-113.38090030,52.41829186,849.21112100],[-113.38088950,52.41825682,849.48809800],[-113.38087820,52.41821986,849.54309100],[-113.38086780,52.41818580,849.59191900],[-113.38085830,52.41815485,849.51709000],[-113.38085100,52.41813100,848.33795200],[-113.38084570,52.41810967,848.13690200],[-113.38083870,52.41808121,848.34521500],[-113.38083070,52.41804903,848.06768800],[-113.38082400,52.41802200,847.52691700],[-113.38081650,52.41799812,847.59069800],[-113.38080750,52.41796965,847.76837200],[-113.38079720,52.41793698,848.01422100],[-113.38078660,52.41790323,847.97619600],[-113.38077570,52.41786863,848.06829800],[-113.38076530,52.41783579,848.12091100],[-113.38075460,52.41780187,848.13732900],[-113.38074320,52.41776569,848.05682400],[-113.38073210,52.41773046,848.14862100],[-113.38072120,52.41769592,848.12561000],[-113.38071030,52.41766138,848.20867900],[-113.38070010,52.41762893,848.31219500],[-113.38068940,52.41759490,848.54589800],[-113.38067900,52.41756200,849.26293900],[-113.38067630,52.41755349,849.63549800],[-113.38066590,52.41752106,849.60351600],[-113.38065410,52.41748416,849.39880400],[-113.38064220,52.41744714,849.35711700],[-113.38063330,52.41741925,849.14367700],[-113.38062080,52.41738019,848.89392100],[-113.38061170,52.41735196,849.00250200],[-113.38059980,52.41731483,848.94122300],[-113.38058790,52.41727747,848.91827400],[-113.38057620,52.41724084,848.82971200],[-113.38056410,52.41720320,848.89868200],[-113.38055220,52.41716595,848.87591600],[-113.38054000,52.41712809,848.60949700],[-113.38052840,52.41709169,848.69708300],[-113.38051640,52.41705410,848.62310800],[-113.38050510,52.41701889,848.54522700],[-113.38049360,52.41698307,848.45397900],[-113.38048140,52.41694486,848.03698700],[-113.38047090,52.41691215,847.86242700],[-113.38046020,52.41687876,847.65887500],[-113.38044870,52.41684293,847.59387200],[-113.38043790,52.41680904,847.64868200],[-113.38042680,52.41677456,847.50030500],[-113.38041590,52.41674032,847.46368400],[-113.38040400,52.41670319,847.38061500],[-113.38039270,52.41666798,847.43347200],[-113.38038130,52.41663227,847.43499800],[-113.38036950,52.41659560,847.31250000],[-113.38035800,52.41655955,847.16351300],[-113.38034630,52.41652310,846.95147700],[-113.38033390,52.41648427,846.67791700],[-113.38032180,52.41644652,846.39697300],[-113.38030980,52.41640912,846.22149700],[-113.38030120,52.41638231,846.01001000],[-113.38028940,52.41634552,845.77777100],[-113.38027780,52.41630923,845.73767100],[-113.38026660,52.41627426,845.61828600],[-113.38025540,52.41623928,845.53002900],[-113.38024450,52.41620527,845.60900900],[-113.38023330,52.41617018,845.64251700],[-113.38022270,52.41613713,845.58142100],[-113.38021080,52.41609988,845.63940400],[-113.38019890,52.41606275,845.43951400],[-113.38018680,52.41602511,845.29571500],[-113.38017500,52.41598817,845.14257800],[-113.38016220,52.41594826,844.79449500],[-113.38015000,52.41591016,844.72412100],[-113.38013810,52.41587303,844.86621100],[-113.38012720,52.41583890,844.81042500],[-113.38011540,52.41580211,844.75872800],[-113.38010400,52.41576652,844.84137000],[-113.38009310,52.41573239,844.78387500],[-113.38008150,52.41569611,844.66027800],[-113.38007000,52.41566028,844.76141400],[-113.38005920,52.41562655,844.59558100],[-113.38004810,52.41559180,844.70489500],[-113.38003710,52.41555751,844.60937500],[-113.38002560,52.41552157,844.39587400],[-113.38001450,52.41548699,844.43121300],[-113.38000300,52.41545105,844.35791000],[-113.37999260,52.41541857,844.54412800],[-113.37998410,52.41539187,844.56109600],[-113.37997460,52.41536222,844.41803000],[-113.37996400,52.41532928,844.50372300],[-113.37995340,52.41529619,844.80102500],[-113.37994100,52.41525754,844.98968500],[-113.37993030,52.41522404,844.94360400],[-113.37992020,52.41519245,844.76812700],[-113.37990920,52.41515798,844.75567600],[-113.37989890,52.41512601,844.61499000],[-113.37988850,52.41509342,844.53289800],[-113.37987740,52.41505883,844.34399400],[-113.37986600,52.41502324,844.13848900],[-113.37985600,52.41499211,844.07580600],[-113.37984800,52.41496700,844.58886700],[-113.37984090,52.41494420,844.85400400],[-113.37983030,52.41491016,844.63079800],[-113.37982000,52.41487719,844.57098400],[-113.37980890,52.41484167,844.68847700],[-113.37979810,52.41480711,844.66888400],[-113.37978720,52.41477210,844.57971200],[-113.37977640,52.41473772,844.53179900],[-113.37976570,52.41470345,844.47839400],[-113.37975490,52.41466885,844.00897200],[-113.37974490,52.41463669,844.08099400],[-113.37973450,52.41460346,844.11737100],[-113.37972380,52.41456908,844.12109400],[-113.37971250,52.41453299,844.09478800],[-113.37970110,52.41449646,843.87182600],[-113.37969020,52.41446134,843.97601300],[-113.37967980,52.41442815,843.92828400],[-113.37966900,52.41439365,843.75671400],[-113.37965840,52.41435961,843.76257300],[-113.37964820,52.41432682,844.07232700],[-113.37963770,52.41429341,844.04827900],[-113.37962750,52.41426056,844.26800500],[-113.37961670,52.41422595,844.26477100],[-113.37960620,52.41419220,844.15057400],[-113.37959570,52.41415879,844.23828100],[-113.37958520,52.41412504,844.08569300],[-113.37957490,52.41409191,844.10022000],[-113.37956370,52.41405623,843.92327900],[-113.37955300,52.41402185,843.68908700],[-113.37954290,52.41398967,843.64300500],[-113.37953270,52.41395688,843.70422400],[-113.37952400,52.41392900,843.50451700],[-113.37952050,52.41391749,843.21337900],[-113.37950940,52.41388180,843.20477300],[-113.37949930,52.41384893,843.41101100],[-113.37948880,52.41381499,843.48541300],[-113.37947920,52.41378364,843.62591600],[-113.37946980,52.41375314,843.87329100],[-113.37946010,52.41372165,843.92120400],[-113.37945110,52.41369261,844.13970900],[-113.37944210,52.41366338,844.48522900],[-113.37943340,52.41363504,844.56958000],[-113.37942300,52.41360151,844.79827900],[-113.37941320,52.41356949,844.96978800],[-113.37940260,52.41353521,844.98742700],[-113.37939280,52.41350342,845.21228000],[-113.37938220,52.41346925,845.15289300],[-113.37937160,52.41343486,844.97259500],[-113.37936140,52.41340169,844.79022200],[-113.37935050,52.41336645,844.19427500],[-113.37933960,52.41333079,844.14239500],[-113.37932890,52.41329640,844.13501000],[-113.37931790,52.41326049,843.79437300],[-113.37930780,52.41322781,844.06408700],[-113.37929740,52.41319417,844.26068100],[-113.37928800,52.41316353,844.54821800],[-113.37927710,52.41312839,845.17169200],[-113.37926660,52.41309434,845.58642600],[-113.37925720,52.41306362,845.86932400],[-113.37924850,52.41303536,846.17620800],[-113.37923820,52.41300216,846.25738500],[-113.37922800,52.41296895,846.02471900],[-113.37921830,52.41293738,845.91619900],[-113.37920780,52.41290334,845.87677000],[-113.37919740,52.41286961,845.59759500],[-113.37918620,52.41283340,845.52533000],[-113.37917530,52.41279816,845.40551800],[-113.37916480,52.41276391,845.44549600],[-113.37915370,52.41272803,845.44189500],[-113.37914340,52.41269450,845.35131800],[-113.37913280,52.41266033,845.61578400],[-113.37912260,52.41262713,845.71368400],[-113.37911200,52.41259277,845.55859400],[-113.37910210,52.41256065,845.43768300],[-113.37909200,52.41252778,845.43560800],[-113.37908120,52.41249275,845.24560500],[-113.37907020,52.41245710,845.10650600],[-113.37905910,52.41242122,845.00091600],[-113.37904960,52.41239039,844.88690200],[-113.37904300,52.41236900,843.96661400],[-113.37903880,52.41235523,842.79382300],[-113.37902870,52.41232202,842.68341100],[-113.37901740,52.41228505,842.55529800],[-113.37900630,52.41224883,842.52319300],[-113.37899770,52.41222056,843.14202900],[-113.37898590,52.41218165,842.83062700],[-113.37897400,52.41214264,842.48400900],[-113.37896210,52.41210363,842.49707000],[-113.37895040,52.41206537,842.34832800],[-113.37893870,52.41202688,842.10528600],[-113.37892800,52.41199205,842.29632600],[-113.37891690,52.41195571,842.00262500],[-113.37890540,52.41191800,842.04699700],[-113.37889390,52.41188028,841.90167200],[-113.37888310,52.41184481,841.92077600],[-113.37887210,52.41180881,841.84027100],[-113.37886090,52.41177195,841.84021000],[-113.37884960,52.41173487,841.81207300],[-113.37883840,52.41169832,841.63409400],[-113.37882720,52.41166135,841.58190900],[-113.37881650,52.41162653,841.53271500],[-113.37880590,52.41159161,841.60809300],[-113.37879490,52.41155550,841.60430900],[-113.37878440,52.41152099,841.58557100],[-113.37877280,52.41148305,841.59350600],[-113.37876120,52.41144523,841.52117900],[-113.37875030,52.41140933,841.81512500],[-113.37873930,52.41137311,841.71069300],[-113.37872810,52.41133645,841.72998000],[-113.37871690,52.41129990,841.87628200],[-113.37870560,52.41126293,841.82928500],[-113.37869480,52.41122748,841.91021700],[-113.37868390,52.41119159,841.83667000],[-113.37867280,52.41115537,841.77429200],[-113.37866180,52.41111903,841.63922100],[-113.37865100,52.41108367,841.37902800],[-113.37863920,52.41104499,841.30371100],[-113.37862810,52.41100857,841.08117700],[-113.37861790,52.41097524,841.29541000],[-113.37860760,52.41094140,841.26721200],[-113.37859690,52.41090636,841.41302500],[-113.37858590,52.41087036,841.21527100],[-113.37857650,52.41083952,841.28527800],[-113.37856630,52.41080606,841.14837600],[-113.37855610,52.41077265,841.12719700],[-113.37854620,52.41074009,841.10241700],[-113.37853700,52.41071000,840.97161900],[-113.37853480,52.41070302,841.01879900],[-113.37852430,52.41066919,841.05212400],[-113.37851270,52.41063161,840.87329100],[-113.37850040,52.41059188,840.56469700],[-113.37848860,52.41055397,840.38061500],[-113.37848030,52.41052723,840.17169200],[-113.37846820,52.41048824,839.79370100],[-113.37845690,52.41045185,839.75170900],[-113.37844850,52.41042467,838.69470200],[-113.37843740,52.41038891,838.80218500],[-113.37842600,52.41035197,838.97302200],[-113.37841460,52.41031524,838.81347700],[-113.37840340,52.41027915,838.72467000],[-113.37839190,52.41024209,838.49432400],[-113.37838010,52.41020396,838.30511500],[-113.37836900,52.41016820,838.14440900],[-113.37835790,52.41013244,837.89611800],[-113.37834620,52.41009464,837.57470700],[-113.37833410,52.41005576,837.38580300],[-113.37832290,52.41001978,837.38049300],[-113.37831190,52.40998424,837.14471400],[-113.37830050,52.40994729,837.23321500],[-113.37828840,52.40990853,837.18890400],[-113.37827690,52.40987136,837.15277100],[-113.37826550,52.40983452,837.16650400],[-113.37825390,52.40979728,837.36602800],[-113.37824260,52.40976089,837.12280300],[-113.37823120,52.40972383,837.04821800],[-113.37822280,52.40969687,836.68103000],[-113.37821440,52.40966980,836.31060800],[-113.37820270,52.40963219,836.10778800],[-113.37819100,52.40959435,835.82189900],[-113.37817950,52.40955736,835.65930200],[-113.37816790,52.40951975,835.44537400],[-113.37815670,52.40948373,835.44897500],[-113.37814540,52.40944730,835.62939500],[-113.37813460,52.40941251,835.66387900],[-113.37812370,52.40937742,836.07037400],[-113.37811230,52.40934069,836.21307400],[-113.37810150,52.40930590,836.21508800],[-113.37809050,52.40927048,836.36279300],[-113.37807950,52.40923483,836.33990500],[-113.37806870,52.40919992,836.44982900],[-113.37805730,52.40916331,836.31848100],[-113.37804560,52.40912540,836.36108400],[-113.37803450,52.40908964,836.19458000],[-113.37802360,52.40905462,836.09582500],[-113.37801190,52.40901682,836.00317400],[-113.37800040,52.40897976,835.81689500],[-113.37798960,52.40894508,835.72650100],[-113.37797950,52.40891233,835.51641800],[-113.37796950,52.40888006,835.59332300],[-113.37796010,52.40884991,835.44732700],[-113.37795150,52.40882225,835.29449500],[-113.37794110,52.40878864,835.19909700],[-113.37793160,52.40875782,835.04870600],[-113.37792250,52.40872878,834.83239700],[-113.37791300,52.40869796,834.72399900],[-113.37790270,52.40866488,834.71368400],[-113.37789310,52.40863372,834.45068400],[-113.37788330,52.40860227,834.31207300],[-113.37787410,52.40857253,834.04809600],[-113.37786400,52.40854000,834.41864000],[-113.37786340,52.40852706,835.22711200],[-113.37786180,52.40849029,835.09570300],[-113.37786050,52.40846284,835.04138200],[-113.37785900,52.40842804,834.56219500],[-113.37785750,52.40839651,834.92419400],[-113.37785600,52.40836329,834.85638400],[-113.37785470,52.40833424,834.86828600],[-113.37785320,52.40829924,834.82598900],[-113.37785160,52.40826546,834.68310500],[-113.37785040,52.40823687,834.42541500],[-113.37784910,52.40820836,833.78820800],[-113.37784780,52.40817988,834.13610800],[-113.37784630,52.40814584,836.46142600],[-113.37784490,52.40811480,836.25280800],[-113.37784360,52.40808682,835.71832300],[-113.37784230,52.40805873,835.44317600],[-113.37784090,52.40802762,835.49102800],[-113.37783960,52.40799764,835.29998800],[-113.37783820,52.40796661,835.23022500],[-113.37783700,52.40794000,836.13580300],[-113.37783520,52.40791682,836.44152800],[-113.37783250,52.40788178,836.33862300],[-113.37782980,52.40784680,836.21057100],[-113.37782700,52.40781086,836.13482700],[-113.37782430,52.40777673,836.25311300],[-113.37782160,52.40774075,835.99877900],[-113.37781870,52.40770381,836.01440400],[-113.37781580,52.40766680,835.95312500],[-113.37781300,52.40762977,835.80481000],[-113.37781000,52.40759177,835.82342500],[-113.37780730,52.40755667,835.60699500],[-113.37780430,52.40751867,835.63562000],[-113.37780140,52.40748061,835.59320100],[-113.37779920,52.40745171,835.57061800],[-113.37779640,52.40741553,835.47491500],[-113.37779340,52.40737750,835.51458700],[-113.37779050,52.40734032,835.44757100],[-113.37778760,52.40730315,835.23370400],[-113.37778490,52.40726802,835.24011200],[-113.37778230,52.40723407,835.42608600],[-113.37777970,52.40720114,835.39959700],[-113.37777740,52.40717038,835.27990700],[-113.37777500,52.40714000,835.16137700],[-113.37777390,52.40712495,834.97772200],[-113.37777140,52.40708994,834.93750000],[-113.37776870,52.40705195,835.10369900],[-113.37776590,52.40701308,835.04351800],[-113.37776330,52.40697626,835.03680400],[-113.37776070,52.40694046,835.18188500],[-113.37775810,52.40690361,835.08581500],[-113.37775540,52.40686665,835.16442900],[-113.37775290,52.40683180,835.00122100],[-113.37775040,52.40679592,835.11621100],[-113.37774780,52.40676010,835.10650600],[-113.37774540,52.40672705,835.20312500],[-113.37774290,52.40669096,835.31280500],[-113.37774030,52.40665498,835.44250500],[-113.37773770,52.40661913,835.72100800],[-113.37773520,52.40658406,835.96020500],[-113.37773280,52.40654986,836.06408700],[-113.37773020,52.40651379,836.19110100],[-113.37772770,52.40647978,836.29351800],[-113.37772520,52.40644369,836.39361600],[-113.37772260,52.40640870,836.36328100],[-113.37772010,52.40637377,836.44628900],[-113.37771780,52.40634094,836.44287100],[-113.37771100,52.40624600,835.83953900],[-113.37770980,52.40622598,835.77801500],[-113.37770750,52.40618897,835.57928500],[-113.37770510,52.40614900,835.28021200],[-113.37770290,52.40611205,835.04107700],[-113.37770070,52.40607605,835.07342500],[-113.37769840,52.40603895,834.88928200],[-113.37769630,52.40600399,834.95477300],[-113.37769420,52.40597013,834.89959700],[-113.37769200,52.40593418,835.06280500],[-113.37768990,52.40589816,834.94152800],[-113.37768790,52.40586512,835.12591600],[-113.37768580,52.40583107,835.20202600],[-113.37768380,52.40579796,835.42077600],[-113.37768160,52.40576190,835.44512900],[-113.37767950,52.40572788,835.62487800],[-113.37767740,52.40569379,835.80578600],[-113.37767530,52.40565874,836.00000000],[-113.37767320,52.40562472,836.09997600],[-113.37767120,52.40559163,836.41857900],[-113.37766920,52.40555768,836.57220500],[-113.37766710,52.40552373,836.69842500],[-113.37766510,52.40549066,836.63079800],[-113.37766320,52.40545988,836.59320100],[-113.37766120,52.40542677,836.62011700],[-113.37765910,52.40539168,836.52368200],[-113.37765690,52.40535564,836.54559300],[-113.37765480,52.40532162,836.51019300],[-113.37765280,52.40528762,836.49560500],[-113.37765080,52.40525569,836.44329800],[-113.37764910,52.40522670,836.54742400],[-113.37764690,52.40519062,836.55151400],[-113.37764500,52.40516000,836.96160900],[-113.37764130,52.40512682,837.07617200],[-113.37763800,52.40509700,837.86047400],[-113.37763740,52.40508687,837.49017300],[-113.37763590,52.40505890,838.01068100],[-113.37763400,52.40502394,838.13928200],[-113.37763200,52.40498792,837.94232200],[-113.37763000,52.40495100,837.56329300],[-113.37762900,52.40494700,837.93701200],[-113.37762670,52.40493474,837.67669700],[-113.37762100,52.40490500,837.92102100],[-113.37761960,52.40488289,838.19158900],[-113.37761800,52.40485700,838.03985600],[-113.37761540,52.40483836,838.37329100],[-113.37761100,52.40480600,838.42700200],[-113.37760920,52.40480166,837.69238300],[-113.37759730,52.40477264,838.56420900],[-113.37758600,52.40474500,838.21209700],[-113.37758300,52.40471800,838.24334700],[-113.37757960,52.40471115,837.59851100],[-113.37756220,52.40467604,837.47949200],[-113.37754540,52.40464211,837.21661400],[-113.37752830,52.40460767,837.02722200],[-113.37751150,52.40457365,836.81152300],[-113.37749350,52.40453738,836.69799800],[-113.37747600,52.40450200,836.54296900],[-113.37745920,52.40447351,836.36407500],[-113.37743870,52.40443864,836.44458000],[-113.37741960,52.40440633,836.73889200],[-113.37739910,52.40437145,836.63769500],[-113.37737880,52.40433704,836.47668500],[-113.37735960,52.40430452,836.42071500],[-113.37734150,52.40427368,836.54119900],[-113.37732080,52.40423861,836.39617900],[-113.37730100,52.40420500,836.35882600],[-113.37728990,52.40418708,836.45959500],[-113.37726940,52.40415375,836.50158700],[-113.37724880,52.40412042,836.57238800],[-113.37722850,52.40408750,836.44061300],[-113.37720820,52.40405464,836.55267300],[-113.37718910,52.40402367,836.58007800],[-113.37717200,52.40399600,837.12445100],[-113.37715370,52.40396414,836.91668700],[-113.37713100,52.40392471,837.24902300],[-113.37711270,52.40389278,836.98339800],[-113.37709440,52.40386085,836.85870400],[-113.37707650,52.40382982,836.75378400],[-113.37705570,52.40379350,837.09771700],[-113.37703830,52.40376322,837.37518300],[-113.37702050,52.40373232,837.52008100],[-113.37700590,52.40370688,837.74438500],[-113.37698720,52.40367438,837.00720200],[-113.37697130,52.40364671,837.54412800],[-113.37695420,52.40361682,837.03833000],[-113.37693910,52.40359068,836.55548100],[-113.37692330,52.40356308,836.27838100],[-113.37690580,52.40353255,836.15020800],[-113.37688880,52.40350298,835.58160400],[-113.37686940,52.40346927,836.76440400],[-113.37685230,52.40343944,836.30737300],[-113.37683560,52.40341050,835.85083000],[-113.37681870,52.40338106,835.51007100],[-113.37680170,52.40335148,835.15692100],[-113.37678380,52.40332020,834.84307900],[-113.37676790,52.40329266,834.60437000],[-113.37675140,52.40326379,834.38659700],[-113.37673210,52.40323027,834.11218300],[-113.37671270,52.40319650,833.86688200],[-113.37669240,52.40316114,833.54669200],[-113.37667180,52.40312540,833.56250000],[-113.37665410,52.40309442,833.50817900],[-113.37663600,52.40306300,834.39434800],[-113.37662900,52.40305300,834.86639400],[-113.37661280,52.40302573,835.58148200],[-113.37657970,52.40296998,834.51892100],[-113.37655890,52.40293504,834.52752700],[-113.37653830,52.40290030,834.66021700],[-113.37652250,52.40287380,835.17132600],[-113.37650300,52.40284102,835.24047900],[-113.37648260,52.40280667,835.55609100],[-113.37646260,52.40277291,835.97528100],[-113.37644520,52.40274376,836.26031500],[-113.37642900,52.40271648,836.47821000],[-113.37641210,52.40268793,836.62988300],[-113.37639360,52.40265681,836.83172600],[-113.37637600,52.40262727,836.89837600],[-113.37635760,52.40259636,837.07812500],[-113.37634360,52.40257270,836.28021200],[-113.37632570,52.40254256,836.55560300],[-113.37630790,52.40251261,836.67492700],[-113.37629110,52.40248443,836.92352300],[-113.37627570,52.40245841,837.10491900],[-113.37625970,52.40243161,837.15039100],[-113.37624280,52.40240314,837.36859100],[-113.37622530,52.40237360,837.40600600],[-113.37620900,52.40234620,837.53582800],[-113.37619350,52.40232009,837.65661600],[-113.37617620,52.40229095,837.56927500],[-113.37616090,52.40226535,837.46447800],[-113.37614290,52.40223503,837.52502400],[-113.37612420,52.40220344,837.39007600],[-113.37610600,52.40217291,837.39160200],[-113.37608460,52.40213688,837.30731200],[-113.37606480,52.40210361,837.37170400],[-113.37604500,52.40207024,837.51940900],[-113.37602660,52.40203932,837.72808800],[-113.37600860,52.40200899,838.04303000],[-113.37598900,52.40197600,838.33386200],[-113.37597220,52.40194734,838.24597200],[-113.37595390,52.40191630,838.26757800],[-113.37593380,52.40188202,838.26123000],[-113.37591430,52.40184882,838.08960000],[-113.37589690,52.40181924,838.12762500],[-113.37587850,52.40178787,838.20861800],[-113.37586090,52.40175796,838.03027300],[-113.37584350,52.40172833,837.93859900],[-113.37582610,52.40169876,837.85162400],[-113.37580610,52.40166467,837.64282200],[-113.37578540,52.40162951,837.42102100],[-113.37576580,52.40159619,837.31890900],[-113.37574670,52.40156366,837.18597400],[-113.37572770,52.40153131,837.18090800],[-113.37570860,52.40149878,837.01580800],[-113.37568810,52.40146389,837.03137200],[-113.37566980,52.40143282,837.22790500],[-113.37565400,52.40140590,837.38732900],[-113.37563740,52.40137760,837.48010300],[-113.37562000,52.40134800,837.44805900],[-113.37560840,52.40132848,837.44708300],[-113.37559010,52.40129787,837.45477300],[-113.37557160,52.40126687,837.40472400],[-113.37555170,52.40123341,837.27172900],[-113.37553220,52.40120084,837.30352800],[-113.37551150,52.40116601,837.17932100],[-113.37549200,52.40113335,837.23248300],[-113.37547160,52.40109920,837.15869100],[-113.37545080,52.40106428,837.13220200],[-113.37543040,52.40103004,837.24212600],[-113.37541110,52.40099776,837.40600600],[-113.37539290,52.40096725,837.64422600],[-113.37537570,52.40093841,837.78692600],[-113.37535890,52.40091025,838.03247100],[-113.37534370,52.40088474,838.52331500],[-113.37532810,52.40085854,838.82147200],[-113.37531010,52.40082832,839.20538300],[-113.37529070,52.40079585,839.55041500],[-113.37527360,52.40076720,839.56860400],[-113.37525690,52.40073914,839.74212600],[-113.37523860,52.40070843,839.97088600],[-113.37522090,52.40067880,840.02948000],[-113.37520160,52.40064643,840.17828400],[-113.37518240,52.40061425,840.26361100],[-113.37516400,52.40058344,840.48278800],[-113.37514660,52.40055420,840.44348100],[-113.37513060,52.40052742,840.50720200],[-113.37511400,52.40049965,840.90527300],[-113.37509570,52.40046885,840.95117200],[-113.37507790,52.40043912,841.10009800],[-113.37506270,52.40041352,841.08429000],[-113.37504230,52.40037937,841.12042200],[-113.37502300,52.40034700,841.01068100],[-113.37501440,52.40033249,840.98187300],[-113.37499580,52.40030117,840.92327900],[-113.37497590,52.40026750,840.71337900],[-113.37495670,52.40023521,840.63238500],[-113.37493750,52.40020281,840.57501200],[-113.37491860,52.40017091,840.59649700],[-113.37490070,52.40014078,840.67108200],[-113.37488290,52.40011074,840.72509800],[-113.37486420,52.40007921,840.81201200],[-113.37484720,52.40005053,840.77270500],[-113.37483190,52.40002469,840.68847700],[-113.37481300,52.39999288,840.64160200],[-113.37479590,52.39996402,840.46252400],[-113.37477960,52.39993654,840.11242700],[-113.37476020,52.39990376,839.88928200],[-113.37474050,52.39987058,839.60528600],[-113.37472060,52.39983711,839.37323000],[-113.37470200,52.39980569,839.11541700],[-113.37468360,52.39977466,838.79052700],[-113.37466570,52.39974441,838.81311000],[-113.37464910,52.39971653,838.96392800],[-113.37463180,52.39968727,839.06390400],[-113.37461540,52.39965968,839.31207300],[-113.37459850,52.39963111,839.43579100],[-113.37458030,52.39960049,839.51922600],[-113.37456390,52.39957271,839.70428500],[-113.37454570,52.39954217,839.79870600],[-113.37452850,52.39951302,839.79010000],[-113.37451080,52.39948317,839.63067600],[-113.37449560,52.39945764,839.42761200],[-113.37447890,52.39942947,838.97937000],[-113.37446110,52.39939934,838.78472900],[-113.37444360,52.39936990,838.68792700],[-113.37442550,52.39933946,838.60632300],[-113.37440770,52.39930933,838.55761700],[-113.37438960,52.39927881,838.56567400],[-113.37437150,52.39924828,838.54480000],[-113.37435350,52.39921796,838.51397700],[-113.37433690,52.39918989,838.60137900],[-113.37432020,52.39916181,838.60467500],[-113.37430240,52.39913178,838.43237300],[-113.37428620,52.39910450,838.27978500],[-113.37426830,52.39907437,838.07171600],[-113.37425150,52.39904600,837.74420200],[-113.37423370,52.39901587,837.53222700],[-113.37421650,52.39898692,837.43920900],[-113.37419860,52.39895668,837.47900400],[-113.37417870,52.39892312,837.44378700],[-113.37415990,52.39889142,837.50347900],[-113.37414010,52.39885815,837.51971400],[-113.37412110,52.39882605,837.70068400],[-113.37410270,52.39879511,837.67627000],[-113.37408480,52.39876477,837.84539800],[-113.37406630,52.39873364,837.98791500],[-113.37404800,52.39870270,838.13159200],[-113.37402970,52.39867196,838.06060800],[-113.37401170,52.39864151,838.03949000],[-113.37399420,52.39861205,838.05450400],[-113.37397710,52.39858317,838.05377200],[-113.37396010,52.39855448,837.98931900],[-113.37394250,52.39852482,837.83190900],[-113.37392390,52.39849358,837.82629400],[-113.37390700,52.39846500,838.21283000],[-113.37389160,52.39843869,837.92688000],[-113.37387630,52.39841254,837.81848100],[-113.37385900,52.39838316,837.84680200],[-113.37383900,52.39834898,837.64160200],[-113.37382050,52.39831735,837.61718800],[-113.37380200,52.39828592,837.87567100],[-113.37378390,52.39825498,837.82458500],[-113.37376540,52.39822335,837.80798300],[-113.37374630,52.39819077,837.83612100],[-113.37372720,52.39815820,837.72747800],[-113.37371040,52.39812963,837.92517100],[-113.37369390,52.39810140,837.84478800],[-113.37367590,52.39807074,837.83819600],[-113.37365840,52.39804081,837.84210200],[-113.37364220,52.39801318,837.84021000],[-113.37362410,52.39798235,838.01440400],[-113.37360630,52.39795195,837.91729700],[-113.37301540,52.39694374,839.98761000],[-113.37299640,52.39691131,839.98077400],[-113.37297840,52.39688053,840.02490200],[-113.37295960,52.39684857,839.97052000],[-113.37294140,52.39681749,839.99127200],[-113.37292050,52.39678189,840.38079800],[-113.37290110,52.39674875,840.42712400],[-113.37288480,52.39672086,840.40087900],[-113.37286690,52.39669039,840.39587400],[-113.37284760,52.39665746,840.39001500],[-113.37282810,52.39662414,840.35931400],[-113.37280930,52.39659209,840.32952900],[-113.37279170,52.39656212,840.39227300],[-113.37277310,52.39653035,840.46771200],[-113.37275580,52.39650074,840.58227500],[-113.37263400,52.39629300,840.61621100],[-113.37262900,52.39628300,841.06317100],[-113.37257200,52.39618756,841.10321000],[-113.37255330,52.39615616,841.00012200],[-113.37253410,52.39612399,840.88427700],[-113.37251510,52.39609210,840.89563000],[-113.37249610,52.39606022,840.83538800],[-113.37247970,52.39603275,840.94561800],[-113.37246230,52.39600361,840.93750000],[-113.37244430,52.39597340,840.76019300],[-113.37242720,52.39594485,840.71240200],[-113.37241080,52.39591728,840.77288800],[-113.37239330,52.39588805,840.57421900],[-113.37237610,52.39585911,840.51422100],[-113.37235870,52.39583007,840.56640600],[-113.37177120,52.39484541,841.85199000],[-113.37175140,52.39481235,841.61950700],[-113.37173410,52.39478331,841.52417000],[-113.37171610,52.39475310,841.46899400],[-113.37169890,52.39472426,841.47949200],[-113.37168500,52.39470100,840.75067100],[-113.37167130,52.39467768,841.52960200],[-113.37165500,52.39464997,841.52728300],[-113.37163500,52.39461602,841.58477800],[-113.37161550,52.39458290,841.61059600],[-113.37159930,52.39455530,841.58850100],[-113.37158120,52.39452454,841.41540500],[-113.37156580,52.39449829,841.42852800],[-113.37155050,52.39447235,841.66442900],[-113.37153430,52.39444474,841.72058100],[-113.37151750,52.39441623,841.82049600],[-113.37150190,52.39438970,841.86511200],[-113.37148400,52.39435936,842.01647900],[-113.37146730,52.39433087,841.93609600],[-113.37145000,52.39430157,842.03967300],[-113.37143220,52.39427128,842.07428000],[-113.37138500,52.39419100,841.48120100],[-113.37132210,52.39408613,841.97607400],[-113.37130510,52.39405780,842.07519500],[-113.37128780,52.39402898,842.07379200],[-113.37126990,52.39399918,841.98400900],[-113.37125130,52.39396819,841.97442600],[-113.37123350,52.39393848,842.07141100],[-113.37121510,52.39390780,842.15759300],[-113.37119650,52.39387691,842.20031700],[-113.37117910,52.39384780,842.26098600],[-113.37116140,52.39381829,842.22412100],[-113.37114370,52.39378888,842.15771500],[-113.37112570,52.39375889,842.30310100],[-113.37110650,52.39372684,842.38769500],[-113.37108840,52.39369664,842.74597200],[-113.37107100,52.39366773,842.79870600],[-113.37105260,52.39363695,842.93109100],[-113.37103490,52.39360754,843.04303000],[-113.37101850,52.39358009,843.39788800],[-113.37100260,52.39355362,843.58288600],[-113.37098580,52.39352568,843.60321000],[-113.37096830,52.39349646,843.69677700],[-113.37095000,52.39346600,843.30358900],[-113.37094680,52.39345530,843.81207300],[-113.37093900,52.39342910,843.54541000],[-113.37092980,52.39339802,843.68090800],[-113.37092160,52.39337060,843.61157200],[-113.37091240,52.39333942,843.63360600],[-113.37090430,52.39331210,843.61682100],[-113.37089510,52.39328134,843.78997800],[-113.37088600,52.39325079,843.63348400],[-113.37087660,52.39321918,843.60070800],[-113.37086810,52.39319047,843.50268600],[-113.37085890,52.39315938,843.54077100],[-113.37084950,52.39312785,843.30651900],[-113.37084030,52.39309676,843.23962400],[-113.37083200,52.39306900,842.90802000],[-113.37082240,52.39303727,842.71289100],[-113.37081190,52.39300252,842.80401600],[-113.37080160,52.39296821,842.81408700],[-113.37079090,52.39293294,842.85601800],[-113.37078050,52.39289851,842.75628700],[-113.37077030,52.39286473,842.66278100],[-113.37076030,52.39283159,842.75531000],[-113.37075130,52.39280179,842.77948000],[-113.37074320,52.39277499,842.70318600],[-113.37073460,52.39274657,842.56817600],[-113.37072490,52.39271431,842.73419200],[-113.37071480,52.39268087,842.70440700],[-113.37070630,52.39265269,842.90411400],[-113.37069630,52.39261979,842.84118700],[-113.37068600,52.39258550,842.94012500],[-113.37067590,52.39255218,842.75457800],[-113.37066580,52.39251875,842.60882600],[-113.37065570,52.39248534,842.54852300],[-113.37064500,52.39244989,842.50579800],[-113.37063150,52.39240504,841.91400100],[-113.37062110,52.39237084,842.25988800],[-113.37061110,52.39233761,842.37689200],[-113.37060150,52.39230588,842.38861100],[-113.37059430,52.39228191,843.52618400],[-113.37058580,52.39225372,843.54321300],[-113.37057560,52.39221992,843.62268100],[-113.37056640,52.39218948,843.71838400],[-113.37055790,52.39216131,843.11950700],[-113.37054840,52.39213012,843.12719700],[-113.37053780,52.39209506,843.08142100],[-113.37052750,52.39206075,842.95062300],[-113.37051780,52.39202869,842.82342500],[-113.37050830,52.39199718,842.80249000],[-113.37049710,52.39196028,843.07080100],[-113.37048760,52.39192856,843.14880400],[-113.37047770,52.39189606,843.16931200],[-113.37046980,52.39186960,843.38531500],[-113.37046020,52.39183796,843.52471900],[-113.37045060,52.39180620,843.64642300],[-113.37044180,52.39177695,843.66088900],[-113.37043190,52.39174437,843.67071500],[-113.37042270,52.39171394,843.74127200],[-113.37041290,52.39168126,843.85992400],[-113.37040330,52.39164955,843.58960000],[-113.37039370,52.39161762,843.69409200],[-113.37038490,52.39158873,843.82128900],[-113.37037570,52.39155833,843.85339400],[-113.37036590,52.39152565,843.98053000],[-113.37035600,52.39149298,843.96929900],[-113.37034630,52.39146085,843.88842800],[-113.37033570,52.39142581,844.03900100],[-113.37032650,52.39139519,844.31811500],[-113.37031650,52.39136220,844.26550300],[-113.37030680,52.39133018,844.47680700],[-113.37029740,52.39129879,844.56073000],[-113.37028770,52.39126677,844.62152100],[-113.37027800,52.39123474,844.64178500],[-113.37026870,52.39120390,844.59350600],[-113.37025850,52.39117005,844.69317600],[-113.37024890,52.39113823,844.71728500],[-113.37023820,52.39110287,844.44177200],[-113.37022780,52.39106837,844.47949200],[-113.37021770,52.39103494,844.40429700],[-113.37020860,52.39100485,844.45367400],[-113.37019930,52.39097401,844.45849600],[-113.37018970,52.39094219,844.33142100],[-113.37017990,52.39091006,844.30670200],[-113.37017060,52.39087902,844.53833000],[-113.37016100,52.39084721,844.19250500],[-113.37015160,52.39081605,844.02142300],[-113.37014150,52.39078275,843.96728500],[-113.37013230,52.39075222,843.70520000],[-113.37012250,52.39071998,843.55120800],[-113.37011240,52.39068655,843.45587200],[-113.37010280,52.39065464,843.45111100],[-113.37009460,52.39062735,843.48242200],[-113.37008550,52.39059725,843.40972900],[-113.37007660,52.39056778,843.35907000],[-113.37006720,52.39053690,843.48101800],[-113.37004670,52.39046895,844.12908900],[-113.37004100,52.39045000,844.30505400],[-113.37003190,52.39041957,843.73162800],[-113.37002300,52.39039010,843.69860800],[-113.37001310,52.39035730,843.84411600],[-113.37000340,52.39032505,843.82373000],[-113.36999410,52.39029398,843.92010500],[-113.36998470,52.39026280,843.90301500],[-113.36997470,52.39022936,843.96417200],[-113.36996500,52.39019699,843.85772700],[-113.36995500,52.39016376,843.85101300],[-113.36994550,52.39013216,843.91638200],[-113.36993580,52.39010001,843.83068800],[-113.36992630,52.39006851,843.72619600],[-113.36991610,52.39003454,843.72247300],[-113.36990720,52.39000476,843.89563000],[-113.36989780,52.38997346,843.95990000],[-113.36988820,52.38994164,843.89941400],[-113.36987860,52.38990970,844.00347900],[-113.36986820,52.38987508,844.00329600],[-113.36985950,52.38984605,844.11590600],[-113.36984970,52.38981337,844.07861300],[-113.36984070,52.38978358,844.18731700],[-113.36983120,52.38975208,844.18737800],[-113.36982260,52.38972336,844.33508300],[-113.36981380,52.38969401,844.26428200],[-113.36980550,52.38966638,844.21759000],[-113.36979730,52.38963897,844.19043000],[-113.36978770,52.38960715,844.17047100],[-113.36977920,52.38957897,844.26037600],[-113.36977010,52.38954875,844.19232200],[-113.36976000,52.38951500,844.20684800],[-113.36975170,52.38948757,844.19940200],[-113.36974280,52.38945840,844.19397000],[-113.36973400,52.38942927,844.16510000],[-113.36972560,52.38940178,844.19512900],[-113.36971550,52.38936838,843.89270000],[-113.36970710,52.38934098,844.23681600],[-113.36969800,52.38931089,844.32672100],[-113.36968800,52.38927789,844.27197300],[-113.36967810,52.38924533,844.35589600],[-113.36966890,52.38921512,844.29858400],[-113.36965840,52.38918041,844.43841600],[-113.36964830,52.38914742,844.35467500],[-113.36963840,52.38911473,844.45837400],[-113.36962830,52.38908164,844.49151600],[-113.36961910,52.38905112,844.57348600],[-113.36960910,52.38901833,844.57147200],[-113.36959950,52.38898661,844.58770800],[-113.36958990,52.38895501,844.52148400],[-113.36958000,52.38892242,844.42877200],[-113.36957080,52.38889221,844.52771000],[-113.36956170,52.38886221,844.45599400],[-113.36955340,52.38883501,844.34631300],[-113.36954400,52.38880400,844.83831800],[-113.36953230,52.38876397,844.40039100],[-113.36952280,52.38873147,844.21521000],[-113.36951440,52.38870242,844.33947800],[-113.36950460,52.38866917,844.04559300],[-113.36949480,52.38863550,844.10900900],[-113.36948600,52.38860513,844.01898200],[-113.36947640,52.38857241,844.13952600],[-113.36946740,52.38854165,843.89880400],[-113.36945800,52.38850947,843.93872100],[-113.36945130,52.38848653,845.26348900],[-113.36944190,52.38845402,845.24359100],[-113.36943190,52.38842001,845.10412600],[-113.36942270,52.38838836,845.08502200],[-113.36941460,52.38836069,845.02087400],[-113.36940540,52.38832905,844.86889600],[-113.36939560,52.38829569,844.77502400],[-113.36938660,52.38826480,845.07299800],[-113.36937840,52.38823652,844.89520300],[-113.36937010,52.38820823,844.56170700],[-113.36936210,52.38818088,844.26831100],[-113.36935350,52.38815140,844.00891100],[-113.36934340,52.38811665,843.74932900],[-113.36933340,52.38808243,843.56579600],[-113.36932310,52.38804704,843.38647500],[-113.36931300,52.38801250,843.40612800],[-113.36930290,52.38797807,843.30419900],[-113.36929250,52.38794246,843.05450400],[-113.36928290,52.38790932,843.03601100],[-113.36927370,52.38787784,843.92132600],[-113.36926390,52.38784415,843.84088100],[-113.36925440,52.38781176,843.76641800],[-113.36924450,52.38777786,843.73999000],[-113.36923500,52.38774524,843.73181200],[-113.36922500,52.38771092,843.62561000],[-113.36921490,52.38767628,843.22412100],[-113.36920510,52.38764271,843.17968800],[-113.36919600,52.38761150,843.20367400],[-113.36917800,52.38755000,844.43182400],[-113.36917070,52.38752601,843.23608400],[-113.36916200,52.38749719,843.32421900],[-113.36915240,52.38746560,843.44281000],[-113.36914280,52.38743389,843.59558100],[-113.36913290,52.38740111,843.66149900],[-113.36912290,52.38736833,843.74511700],[-113.36911320,52.38733630,843.73870800],[-113.36910320,52.38730330,843.93280000],[-113.36909420,52.38727364,843.84912100],[-113.36908540,52.38724462,843.74798600],[-113.36907550,52.38721215,843.82330300],[-113.36906650,52.38718238,843.69140600],[-113.36905640,52.38714896,843.60992400],[-113.36904630,52.38711574,843.67138700],[-113.36903680,52.38708425,843.67810100],[-113.36902720,52.38705255,843.51068100],[-113.36901680,52.38701847,843.56610100],[-113.36900750,52.38698772,843.32012900],[-113.36899830,52.38695740,843.17089800],[-113.36898900,52.38692677,843.34948700],[-113.36897880,52.38689321,843.14459200],[-113.36896950,52.38686236,843.25842300],[-113.36895990,52.38683077,843.31561300],[-113.36895100,52.38680153,843.34912100],[-113.36894100,52.38676831,843.46270800],[-113.36893090,52.38673509,843.40448000],[-113.36892180,52.38670510,843.47369400],[-113.36891220,52.38667351,843.55151400],[-113.36890280,52.38664244,843.41857900],[-113.36889360,52.38661223,843.48230000],[-113.36888440,52.38658192,843.70190400],[-113.36887480,52.38655021,843.81701700],[-113.36886530,52.38651893,843.89007600],[-113.36885610,52.38648830,843.91998300],[-113.36884750,52.38646026,843.92938200],[-113.36883940,52.38643350,843.93298300],[-113.36882880,52.38639835,844.01617400],[-113.36882040,52.38637060,844.12432900],[-113.36881170,52.38634203,844.23260500],[-113.36880230,52.38631108,844.28363000],[-113.36879310,52.38628076,844.29180900],[-113.36878380,52.38625013,844.52331500],[-113.36877510,52.38622122,844.59228500],[-113.36876600,52.38619145,844.66290300],[-113.36875590,52.38615803,844.82220500],[-113.36874610,52.38612556,844.74749800],[-113.36873800,52.38609900,844.90020800],[-113.36873490,52.38608878,844.76709000],[-113.36872590,52.38605868,844.83300800],[-113.36871620,52.38602664,844.76538100],[-113.36870700,52.38599600,844.83441200],[-113.36869770,52.38596493,844.85430900],[-113.36868790,52.38593257,844.92089800],[-113.36867810,52.38589978,845.08728000],[-113.36866930,52.38587053,845.14141800],[-113.36865940,52.38583774,845.13678000],[-113.36864980,52.38580559,845.13641400],[-113.36864070,52.38577559,845.34277300],[-113.36863180,52.38574581,845.47607400],[-113.36862290,52.38571635,845.44238300],[-113.36861340,52.38568474,845.47442600],[-113.36860420,52.38565409,845.38287400],[-113.36859500,52.38562366,845.27179000],[-113.36858600,52.38559366,845.25268600],[-113.36857740,52.38556517,845.15039100],[-113.36856870,52.38553613,845.01287800],[-113.36855950,52.38550538,844.88769500],[-113.36854970,52.38547301,844.90258800],[-113.36853990,52.38544043,844.78039600],[-113.36853000,52.38540753,844.88970900],[-113.36851920,52.38537160,844.82843000],[-113.36850830,52.38533534,844.79357900],[-113.36850010,52.38530791,844.84307900],[-113.36849110,52.38527802,844.85650600],[-113.36848280,52.38525039,844.83410600],[-113.36847370,52.38522028,844.88018800],[-113.36846390,52.38518761,844.78527800],[-113.36845290,52.38515096,844.74310300],[-113.36844300,52.38511819,844.70977800],[-113.36843260,52.38508359,844.89428700],[-113.36842280,52.38505113,844.95867900],[-113.36841360,52.38502059,845.06488000],[-113.36840300,52.38498522,845.15350300],[-113.36839420,52.38495588,845.18621800],[-113.36838480,52.38492481,845.17730700],[-113.36837480,52.38489138,845.23577900],[-113.36836600,52.38486202,845.26940900],[-113.36835770,52.38483471,845.34692400],[-113.36834700,52.38479900,845.40350300],[-113.36834290,52.38478545,845.31890900],[-113.36833380,52.38475502,845.31597900],[-113.36832450,52.38472416,845.44702100],[-113.36831500,52.38469244,845.36132800],[-113.36830510,52.38465965,845.29852300],[-113.36829430,52.38462373,845.46228000],[-113.36828420,52.38459008,845.41210900],[-113.36827450,52.38455793,845.60150100],[-113.36826500,52.38452633,845.76171900],[-113.36825600,52.38449644,845.77667200],[-113.36824740,52.38446773,845.96301300],[-113.36823870,52.38443881,846.18487500],[-113.36822990,52.38440956,846.27917500],[-113.36821930,52.38437440,846.27880900],[-113.36821070,52.38434590,846.38891600],[-113.36820250,52.38431838,846.44751000],[-113.36819150,52.38428194,846.45312500],[-113.36818270,52.38425280,846.46008300],[-113.36817240,52.38421850,846.28222700],[-113.36816290,52.38418679,846.34808300],[-113.36815340,52.38415507,846.29882800],[-113.36814420,52.38412465,846.21551500],[-113.36813460,52.38409272,846.10791000],[-113.36812460,52.38405950,845.99847400],[-113.36811530,52.38402843,845.94928000],[-113.36810510,52.38399445,845.93798800],[-113.36809520,52.38396165,845.91418500],[-113.36808680,52.38393380,845.82318100],[-113.36807860,52.38390649,845.77862500],[-113.36807060,52.38387982,845.64489700],[-113.36806230,52.38385229,845.61242700],[-113.36805400,52.38382455,845.52063000],[-113.36804460,52.38379337,845.43640100],[-113.36803450,52.38375992,845.25677500],[-113.36802440,52.38372637,845.14587400],[-113.36801530,52.38369605,845.08117700],[-113.36800560,52.38366379,845.16992200],[-113.36799640,52.38363315,845.26129200],[-113.36798700,52.38360186,845.37408400],[-113.36797890,52.38357487,845.53949000],[-113.36797080,52.38354809,845.66778600],[-113.36796260,52.38352067,845.96502700],[-113.36795350,52.38349035,846.02612300],[-113.36794490,52.38346196,846.10101300],[-113.36793580,52.38343164,846.14740000],[-113.36792690,52.38340218,846.35900900],[-113.36791760,52.38337100,846.36700400],[-113.36790800,52.38333918,846.54742400],[-113.36789770,52.38330502,846.81579600],[-113.36788900,52.38327600,846.91375700],[-113.36788140,52.38325127,846.75647000],[-113.36787160,52.38321936,846.82537800],[-113.36786080,52.38318414,846.90698200],[-113.36784940,52.38314687,846.99261500],[-113.36783990,52.38311604,846.90319800],[-113.36783080,52.38308648,846.86438000],[-113.36782080,52.38305382,846.92450000],[-113.36781170,52.38302415,846.92749000],[-113.36780190,52.38299235,846.93591300],[-113.36779260,52.38296204,846.92230200],[-113.36778250,52.38292917,846.96759000],[-113.36777260,52.38289671,847.01672400],[-113.36776300,52.38286554,847.05700700],[-113.36775420,52.38283683,847.17559800],[-113.36774520,52.38280746,847.28887900],[-113.36773550,52.38277600,847.49261500],[-113.36772610,52.38274536,847.55157500],[-113.36771760,52.38271764,847.68347200],[-113.36770860,52.38268830,847.48767100],[-113.36769910,52.38265736,847.65722700],[-113.36768920,52.38262503,847.70147700],[-113.36768040,52.38259624,847.83148200],[-113.36767210,52.38256941,847.90918000],[-113.36766300,52.38253966,847.87341300],[-113.36765340,52.38250841,847.87780800],[-113.36764290,52.38247435,847.66149900],[-113.36763390,52.38244501,847.57470700],[-113.36762380,52.38241202,847.54327400],[-113.36761400,52.38238011,847.55712900],[-113.36760410,52.38234768,847.38562000],[-113.36759460,52.38231688,847.31091300],[-113.36758460,52.38228422,847.10199000],[-113.36757520,52.38225380,847.14581300],[-113.36756590,52.38222349,847.17688000],[-113.36755640,52.38219255,847.19458000],[-113.36754750,52.38216343,847.32012900],[-113.36753680,52.38212870,847.39111300],[-113.36752610,52.38209368,847.48382600],[-113.36751750,52.38206563,847.63317900],[-113.36750900,52.38203800,847.72680700],[-113.36750300,52.38201800,847.83642600],[-113.36749440,52.38198962,847.83429000],[-113.36748380,52.38195424,847.85821500],[-113.36747490,52.38192478,847.97241200],[-113.36746550,52.38189371,847.97100800],[-113.36745640,52.38186338,848.04888900],[-113.36744680,52.38183134,848.06951900],[-113.36743820,52.38180296,848.23907500],[-113.36742960,52.38177448,848.31231700],[-113.36742060,52.38174460,848.30841100],[-113.36741060,52.38171128,848.33148200],[-113.36740100,52.38167935,848.29211400],[-113.36739170,52.38164860,848.48529100],[-113.36738280,52.38161915,848.63592500],[-113.36737430,52.38159066,848.72949200],[-113.36736620,52.38156390,848.78808600],[-113.36735680,52.38153282,848.84167500],[-113.36734850,52.38150509,849.06897000],[-113.36734010,52.38147734,849.23242200],[-113.36733020,52.38144443,849.46862800],[-113.36732110,52.38141410,849.51092500],[-113.36731260,52.38138583,849.75860600],[-113.36730350,52.38135561,849.75439500],[-113.36729490,52.38132712,849.68560800],[-113.36728650,52.38129949,849.80651900],[-113.36727850,52.38127272,849.81579600],[-113.36726880,52.38124046,849.95550500],[-113.36725880,52.38120724,849.89599600],[-113.36724880,52.38117413,849.88531500],[-113.36723910,52.38114209,849.90387000],[-113.36722990,52.38111145,849.85400400],[-113.36722100,52.38108178,849.90747100],[-113.36721230,52.38105307,850.04632600],[-113.36720380,52.38102479,850.24298100],[-113.36719340,52.38099027,850.49548300],[-113.36718520,52.38096318,850.80841100],[-113.36717520,52.38092996,851.10278300],[-113.36716450,52.38089437,851.33740200],[-113.36715460,52.38086136,851.73901400],[-113.36714480,52.38082880,851.92602500],[-113.36713700,52.38080300,852.28356900],[-113.36712830,52.38077474,852.23877000],[-113.36711940,52.38074592,852.28729200],[-113.36710950,52.38071391,852.36187700],[-113.36710030,52.38068401,852.34613000],[-113.36709070,52.38065296,852.35449200],[-113.36708020,52.38061880,852.17767300],[-113.36707120,52.38058968,852.18609600],[-113.36706090,52.38055629,852.31042500],[-113.36705140,52.38052535,852.27301000],[-113.36704160,52.38049367,852.22357200],[-113.36703200,52.38046254,852.28308100],[-113.36702310,52.38043384,852.27990700],[-113.36701380,52.38040364,852.39971900],[-113.36700350,52.38037022,852.23461900],[-113.36699350,52.38033787,851.99652100],[-113.36698280,52.38030307,851.70178200],[-113.36697210,52.38026827,851.59387200],[-113.36696140,52.38023377,851.40417500],[-113.36695150,52.38020172,851.48120100],[-113.36694230,52.38017197,851.62591600],[-113.36693300,52.38014167,851.67889400],[-113.36692370,52.38011158,851.80877700],[-113.36691410,52.38008042,851.76928700],[-113.36690480,52.38005023,851.56622300],[-113.36689500,52.38001855,851.61181600],[-113.36688450,52.37998449,851.35369900],[-113.36687440,52.37995185,851.13439900],[-113.36686470,52.37992039,851.05310100],[-113.36685500,52.37988867,850.91357400],[-113.36684540,52.37985766,850.99639900],[-113.36683570,52.37982627,850.84771700],[-113.36682610,52.37979500,850.84539800],[-113.36681590,52.37976213,850.87323000],[-113.36680650,52.37973161,850.72601300],[-113.36679740,52.37970205,850.78997800],[-113.36678690,52.37966810,850.86761500],[-113.36677780,52.37963843,850.94287100],[-113.36676860,52.37960857,851.00787400],[-113.36675880,52.37957689,851.01092500],[-113.36674910,52.37954565,851.13732900],[-113.36674030,52.37951687,851.34478800],[-113.36673170,52.37948916,851.46771200],[-113.36672330,52.37946178,851.80767800],[-113.36671460,52.37943363,851.94049100],[-113.36670620,52.37940637,852.08911100],[-113.36669670,52.37937573,852.14880400],[-113.36668590,52.37934071,852.44567900],[-113.36667540,52.37930665,852.35571300],[-113.36666700,52.37927924,852.42919900],[-113.36665710,52.37924730,852.50787400],[-113.36664800,52.37921777,852.75817900],[-113.36663790,52.37918490,852.61688200],[-113.36662840,52.37915426,852.72827100],[-113.36661840,52.37912191,852.71160900],[-113.36660950,52.37909288,852.78167700],[-113.36659990,52.37906172,852.81890900],[-113.36659040,52.37903089,852.77471900],[-113.36658130,52.37900158,852.75872800],[-113.36657180,52.37897079,852.71020500],[-113.36656270,52.37894134,852.62017800],[-113.36655420,52.37891360,852.50567600],[-113.36654380,52.37888002,852.53381300],[-113.36653490,52.37885101,852.39160200],[-113.36652500,52.37881900,852.62231400],[-113.36652180,52.37880792,852.63092000],[-113.36651350,52.37877951,852.60107400],[-113.36650460,52.37874928,852.51702900],[-113.36649590,52.37871946,852.72351100],[-113.36648740,52.37869041,852.69677700],[-113.36647860,52.37866028,852.91900600],[-113.36646980,52.37862994,852.82159400],[-113.36646100,52.37859981,852.92828400],[-113.36645220,52.37856989,852.90112300],[-113.36644340,52.37853976,852.98077400],[-113.36643440,52.37850887,853.15417500],[-113.36642500,52.37847669,853.04730200],[-113.36641560,52.37844452,852.97399900],[-113.36640600,52.37841159,853.03802500],[-113.36639700,52.37838104,853.03418000],[-113.36638800,52.37835002,853.06121800],[-113.36637910,52.37831966,853.14599600],[-113.36637000,52.37828856,853.16888400],[-113.36636030,52.37825542,853.15478500],[-113.36635040,52.37822141,853.01092500],[-113.36634150,52.37819096,853.12902800],[-113.36633250,52.37816029,853.32501200],[-113.36632310,52.37812811,853.32690400],[-113.36631380,52.37809604,853.23632800],[-113.36630450,52.37806442,853.38147000],[-113.36629600,52.37803526,853.29357900],[-113.36628710,52.37800468,853.52380400],[-113.36627850,52.37797542,853.52478000],[-113.36626910,52.37794312,853.48461900],[-113.36626060,52.37791419,853.54742400],[-113.36625200,52.37788471,853.70837400],[-113.36624400,52.37785715,853.82000700],[-113.36623560,52.37782854,853.92981000],[-113.36622720,52.37779959,854.06298800],[-113.36621790,52.37776805,854.29467800],[-113.36621020,52.37774158,854.56018100],[-113.36619940,52.37770454,854.84399400],[-113.36618990,52.37767203,855.00567600],[-113.36618150,52.37764329,855.20312500],[-113.36617200,52.37761068,855.36041300],[-113.36616290,52.37757968,855.38269000],[-113.36615460,52.37755107,855.56097400],[-113.36614660,52.37752395,855.67749000],[-113.36613700,52.37749100,855.67822300],[-113.36612920,52.37746645,855.70660400],[-113.36612030,52.37743856,855.84021000],[-113.36611010,52.37740670,855.87841800],[-113.36609960,52.37737387,856.04437300],[-113.36608910,52.37734082,856.08227500],[-113.36607860,52.37730799,856.13519300],[-113.36606840,52.37727602,856.34661900],[-113.36605830,52.37724427,856.38049300],[-113.36604850,52.37721360,856.45690900],[-113.36603830,52.37718162,856.62500000],[-113.36602870,52.37715146,856.77008100],[-113.36601910,52.37712125,856.87042200],[-113.36600920,52.37709012,856.94909700],[-113.36599960,52.37706030,857.04882800],[-113.36599050,52.37703151,857.20947300],[-113.36598070,52.37700096,857.15588400],[-113.36597070,52.37696971,857.22277800],[-113.36596080,52.37693847,857.38671900],[-113.36595090,52.37690734,857.38800000],[-113.36594100,52.37687645,857.16320800],[-113.36593060,52.37684385,857.14727800],[-113.36592160,52.37681573,857.24981700],[-113.36591190,52.37678529,857.37323000],[-113.36590200,52.37675427,857.26580800],[-113.36589210,52.37672303,857.39630100],[-113.36588260,52.37669344,857.34368900],[-113.36587170,52.37665919,856.88989300],[-113.36586180,52.37662795,856.91357400],[-113.36585120,52.37659478,856.91009500],[-113.36584140,52.37656411,856.72772200],[-113.36583190,52.37653434,856.81060800],[-113.36582210,52.37650372,856.68792700],[-113.36581320,52.37647571,856.67437700],[-113.36580500,52.37645000,856.83630400],[-113.36580040,52.37643620,856.78137200],[-113.36579150,52.37640969,856.78027300],[-113.36578110,52.37637849,856.79089400],[-113.36577070,52.37634766,856.94598400],[-113.36576010,52.37631586,856.91571000],[-113.36574740,52.37627807,857.16937300],[-113.36573650,52.37624556,857.32299800],[-113.36572680,52.37621652,857.55859400],[-113.36571740,52.37618845,857.60937500],[-113.36570580,52.37615389,858.05358900],[-113.36569670,52.37612666,858.43341100],[-113.36568770,52.37609966,858.95721400],[-113.36567900,52.37607363,859.39111300],[-113.36566940,52.37604507,859.72699000],[-113.36566000,52.37601700,860.11602800],[-113.36562000,52.37590800,861.47918700],[-113.36562200,52.37583700,861.31713900],[-113.36561330,52.37580900,862.32739300],[-113.36560320,52.37577651,862.76110800],[-113.36559500,52.37575000,863.19641100],[-113.36559060,52.37573061,862.88537600],[-113.36558390,52.37570059,863.03912400],[-113.36557710,52.37567065,863.14978000],[-113.36557040,52.37564087,863.21130400],[-113.36556330,52.37560914,863.26062000],[-113.36555610,52.37557716,863.15979000],[-113.36555200,52.37555900,861.48126200],[-113.36554590,52.37553835,863.11779800],[-113.36553720,52.37550920,864.08538800],[-113.36552640,52.37547273,863.94537400],[-113.36551660,52.37543970,864.05639600],[-113.36550610,52.37540420,864.16381800],[-113.36549690,52.37537323,864.35668900],[-113.36548650,52.37533827,864.31799300],[-113.36547830,52.37531051,864.46417200],[-113.36546960,52.37528104,864.54742400],[-113.36546030,52.37524974,864.74090600],[-113.36545050,52.37521671,864.95251500],[-113.36544060,52.37518325,865.19378700],[-113.36543020,52.37514840,865.22058100],[-113.36541980,52.37511323,865.28588900],[-113.36541040,52.37508139,865.48449700],[-113.36540150,52.37505149,865.60009800],[-113.36539240,52.37502084,865.58129900],[-113.36538380,52.37499201,865.81408700],[-113.36537360,52.37495759,865.23120100],[-113.36536250,52.37491994,865.38458300],[-113.36535320,52.37488853,865.52899200],[-113.36534500,52.37486100,865.45727500],[-113.36533550,52.37482904,865.07757600],[-113.36532610,52.37479720,864.83032200],[-113.36531650,52.37476482,864.69598400],[-113.36530690,52.37473255,864.60009800],[-113.36529800,52.37470254,864.55078100],[-113.36528960,52.37467436,864.44647200],[-113.36527930,52.37463951,864.42010500],[-113.36526960,52.37460681,864.39508100],[-113.36525940,52.37457239,864.39941400],[-113.36525040,52.37454205,864.50262500],[-113.36524220,52.37451440,864.42901600],[-113.36523330,52.37448450,864.50689700],[-113.36522370,52.37445202,864.71148700],[-113.36521500,52.37442254,864.84741200],[-113.36520560,52.37439114,865.04711900],[-113.36519760,52.37436415,865.33007800],[-113.36518880,52.37433446,865.39837600],[-113.36517840,52.37429918,865.72369400],[-113.36516830,52.37426518,865.76849400],[-113.36515800,52.37423044,865.67132600],[-113.36514780,52.37419601,865.71722400],[-113.36513930,52.37416761,866.79278600],[-113.36512960,52.37413491,866.50042700],[-113.36512080,52.37410522,866.48608400],[-113.36511150,52.37407370,866.59008800],[-113.36510210,52.37404218,866.69262700],[-113.36509350,52.37401294,867.03497300],[-113.36508400,52.37398100,866.73938000],[-113.36507540,52.37395273,866.67077600],[-113.36506530,52.37391940,866.67797900],[-113.36505480,52.37388491,866.54742400],[-113.36504490,52.37385213,866.55792200],[-113.36503420,52.37381698,866.42602500],[-113.36502410,52.37378365,866.54058800],[-113.36501450,52.37375215,866.63427700],[-113.36500330,52.37371517,866.62762500],[-113.36499200,52.37367787,866.92749000],[-113.36498080,52.37364123,866.96460000],[-113.36496950,52.37360394,866.83258100],[-113.36495830,52.37356708,867.02240000],[-113.36494700,52.37352966,867.03149400],[-113.36493660,52.37349537,867.06280500],[-113.36492590,52.37346022,867.63177500],[-113.36490630,52.37339563,867.61767600],[-113.36489640,52.37336318,867.74200400],[-113.36488640,52.37333029,867.98461900],[-113.36487720,52.37329997,868.15362500],[-113.36486770,52.37326869,868.11987300],[-113.36485740,52.37323473,868.07360800],[-113.36484760,52.37320228,867.96820100],[-113.36483730,52.37316853,868.05877700],[-113.36482710,52.37313489,868.24060100],[-113.36481750,52.37310308,868.33087200],[-113.36480900,52.37307514,868.43432600],[-113.36479930,52.37304332,868.68487500],[-113.36478960,52.37301149,868.74768100],[-113.36477940,52.37297784,868.93957500],[-113.36477030,52.37294763,868.94262700],[-113.36476210,52.37292065,868.96057100],[-113.36475320,52.37289154,869.12847900],[-113.36474470,52.37286361,869.07800300],[-113.36473470,52.37283062,869.01348900],[-113.36472420,52.37279579,869.16070600],[-113.36471430,52.37276322,869.22149700],[-113.36470600,52.37273600,869.21179200],[-113.36470170,52.37272148,869.09137000],[-113.36469270,52.37269060,869.12750200],[-113.36468270,52.37265660,869.26031500],[-113.36467280,52.37262303,869.29998800],[-113.36466250,52.37258785,869.25659200],[-113.36465210,52.37255244,869.37622100],[-113.36464250,52.37251973,869.43829300],[-113.36463380,52.37249024,869.51580800],[-113.36462480,52.37245969,869.49212600],[-113.36461490,52.37242601,869.56469700],[-113.36460560,52.37239414,869.63452100],[-113.36459550,52.37236002,869.62738000],[-113.36458650,52.37232934,869.75738500],[-113.36457630,52.37229456,869.92041000],[-113.36456770,52.37226517,869.89849900],[-113.36455850,52.37223385,870.12237500],[-113.36454960,52.37220371,870.20581100],[-113.36453990,52.37217046,870.27117900],[-113.36453020,52.37213764,870.32421900],[-113.36452060,52.37210503,870.34832800],[-113.36451190,52.37207512,870.47082500],[-113.36450170,52.37204062,870.57147200],[-113.36449180,52.37200687,870.77581800],[-113.36448210,52.37197388,871.07641600],[-113.36447370,52.37194515,871.15881300],[-113.36446460,52.37191416,871.22357200],[-113.36445510,52.37188199,871.34088100],[-113.36444590,52.37185057,871.51428200],[-113.36443620,52.37181765,871.66412400],[-113.36442630,52.37178375,871.66912800],[-113.36441650,52.37175061,871.93377700],[-113.36440680,52.37171748,872.02117900],[-113.36439700,52.37168413,872.13818400],[-113.36438790,52.37165326,872.17401100],[-113.36437920,52.37162344,872.17590300],[-113.36437010,52.37159264,872.20501700],[-113.36435990,52.37155801,872.22259500],[-113.36435100,52.37152767,872.07727100],[-113.36434160,52.37149562,872.14489700],[-113.36433310,52.37146658,872.12567100],[-113.36432360,52.37143440,872.26800500],[-113.36431410,52.37140212,872.26001000],[-113.36430580,52.37137374,872.28277600],[-113.36429700,52.37134393,872.45581100],[-113.36428850,52.37131498,872.32031300],[-113.36428030,52.37128678,872.47570800],[-113.36427190,52.37125825,872.55969200],[-113.36426330,52.37122908,872.78472900],[-113.36425300,52.37119400,873.21673600],[-113.36424740,52.37117591,873.27081300],[-113.36423830,52.37114647,873.58758500],[-113.36422880,52.37111587,873.59429900],[-113.36421930,52.37108546,873.66717500],[-113.36420960,52.37105419,873.81671100],[-113.36419970,52.37102203,873.74011200],[-113.36418990,52.37099050,873.74182100],[-113.36418010,52.37095883,873.74157700],[-113.36417090,52.37092924,873.72747800],[-113.36416000,52.37089434,873.70532200],[-113.36415030,52.37086289,873.69207800],[-113.36414130,52.37083400,873.58020000],[-113.36413200,52.37080392,873.49652100],[-113.36412340,52.37077607,873.27380400],[-113.36411400,52.37074588,873.19989000],[-113.36410400,52.37071365,872.99151600],[-113.36409400,52.37068153,872.75427200],[-113.36408360,52.37064782,872.60937500],[-113.36407300,52.37061366,872.60662800],[-113.36406400,52.37058465,872.54657000],[-113.36405300,52.37054912,872.40777600],[-113.36404300,52.37051700,872.24163800],[-113.36404050,52.37050905,872.30029300],[-113.36403120,52.37047886,872.19812000],[-113.36402160,52.37044751,872.06530800],[-113.36401120,52.37041401,872.14428700],[-113.36400160,52.37038285,872.10430900],[-113.36399330,52.37035578,872.52160600],[-113.36398380,52.37032525,872.61169400],[-113.36397490,52.37029613,872.60302700],[-113.36396500,52.37026423,872.73992900],[-113.36395600,52.37023500,873.01678500],[-113.36395010,52.37022053,872.92767300],[-113.36393900,52.37019300,873.09704600],[-113.36392110,52.37017425,873.15899700],[-113.36389700,52.37014900,873.22161900],[-113.36386000,52.37013600,873.20275900],[-113.36383090,52.37013532,873.32397500],[-113.36381390,52.37013492,873.39209000],[-113.36379700,52.37013452,873.40332000],[-113.36377790,52.37013408,873.52618400],[-113.36376690,52.37013382,873.54632600],[-113.36375090,52.37013344,873.57409700],[-113.36372380,52.37013281,873.67291300],[-113.36370790,52.37013244,873.69659400],[-113.36369400,52.37013211,873.77081300],[-113.36366310,52.37013139,873.91149900],[-113.36364610,52.37013099,873.84588600],[-113.36362810,52.37013056,873.83380100],[-113.36361400,52.37013024,873.79241900],[-113.36360400,52.37013000,873.64904800],[-113.36351700,52.37012900,873.15069600],[-113.36339000,52.37012400,874.54595900],[-113.36337600,52.37012456,874.39611800],[-113.36334320,52.37012587,874.22180200],[-113.36331460,52.37012702,875.20098900],[-113.36326500,52.37012900,874.09057600],[-113.36325270,52.37012967,874.22607400],[-113.36323720,52.37013052,874.37780800],[-113.36322350,52.37013127,874.83770800],[-113.36321110,52.37013195,875.04779100],[-113.36319700,52.37013272,875.05169700],[-113.36317880,52.37013371,875.02069100],[-113.36316260,52.37013460,875.06079100],[-113.36313700,52.37013600,875.04077100],[-113.36312280,52.37013494,875.06280500],[-113.36310800,52.37013383,875.08313000],[-113.36308910,52.37013241,875.03851300],[-113.36307390,52.37013127,875.17010500],[-113.36305400,52.37012978,875.31060800],[-113.36303590,52.37012842,875.32312000],[-113.36301880,52.37012713,875.42272900],[-113.36300080,52.37012579,875.25061000],[-113.36298110,52.37012431,875.29449500],[-113.36297700,52.37012400,875.28161600],[-113.36296970,52.37011989,875.31579600],[-113.36293600,52.37010100,874.94946300],[-113.36292970,52.37008057,875.02990700],[-113.36292120,52.37005297,875.00238000],[-113.36291290,52.37002601,874.98242200],[-113.36290400,52.36999700,874.96350100],[-113.36289340,52.36996074,874.84912100],[-113.36288430,52.36992943,874.76477100],[-113.36287440,52.36989574,874.60601800],[-113.36286490,52.36986312,874.44641100],[-113.36285520,52.36983008,874.34472700],[-113.36284560,52.36979705,874.19299300],[-113.36283630,52.36976542,874.18682900],[-113.36282730,52.36973453,874.15728800],[-113.36281790,52.36970236,874.00762900],[-113.36280890,52.36967147,873.73498500],[-113.36280000,52.36964122,873.45361300],[-113.36279050,52.36960862,873.32098400],[-113.36278190,52.36957935,873.11901900],[-113.36277280,52.36954794,872.85247800],[-113.36276350,52.36951608,872.51190200],[-113.36275490,52.36948681,872.41778600],[-113.36274650,52.36945797,872.32550000],[-113.36273510,52.36941922,872.11322000],[-113.36272730,52.36939253,872.12408400],[-113.36271830,52.36936153,872.06311000],[-113.36271000,52.36933301,872.06280500],[-113.36269980,52.36929813,872.26507600],[-113.36269080,52.36926742,872.39147900],[-113.36268210,52.36923763,872.52722200],[-113.36267390,52.36920975,872.72631800],[-113.36266450,52.36917758,872.70599400],[-113.36265660,52.36915035,872.65679900],[-113.36264770,52.36912012,872.69873000],[-113.36263940,52.36909161,872.59582500],[-113.36263110,52.36906310,872.56073000],[-113.36262230,52.36903320,872.65161100],[-113.36261340,52.36900267,872.61419700],[-113.36260410,52.36897095,872.60418700],[-113.36259490,52.36893933,872.81158400],[-113.36258660,52.36891084,872.82849100],[-113.36257750,52.36887986,872.86169400],[-113.36256900,52.36885061,873.08868400],[-113.36256090,52.36882299,873.22979700],[-113.36255300,52.36879589,873.74749800],[-113.36254460,52.36876732,873.60742200],[-113.36253640,52.36873908,873.60821500],[-113.36252850,52.36871222,873.44152800],[-113.36251920,52.36868011,873.33557100],[-113.36250920,52.36864589,873.50860600],[-113.36250100,52.36861800,873.61822500],[-113.36245550,52.36845520,874.82122800],[-113.36244620,52.36842187,875.11358600],[-113.36243800,52.36839256,875.27661100],[-113.36242920,52.36836090,875.45190400],[-113.36242140,52.36833286,875.66741900],[-113.36241320,52.36830346,875.88281300],[-113.36240410,52.36827095,876.00982700],[-113.36239590,52.36824170,876.08398400],[-113.36238770,52.36821230,876.10107400],[-113.36237910,52.36818137,876.06451400],[-113.36237100,52.36815258,876.17321800],[-113.36236250,52.36812201,876.22058100],[-113.36235430,52.36809262,876.24487300],[-113.36234530,52.36806051,876.40081800],[-113.36233490,52.36802314,876.50372300],[-113.36232630,52.36799227,876.45581100],[-113.36231810,52.36796307,876.53772000],[-113.36230990,52.36793372,876.67669700],[-113.36230190,52.36790503,876.69610600],[-113.36229430,52.36787782,876.75347900],[-113.36228680,52.36785108,876.88037100],[-113.36227710,52.36781610,876.81469700],[-113.36226920,52.36778808,876.88281300],[-113.36226000,52.36775500,876.69848600],[-113.36225610,52.36774156,876.58947800],[-113.36224690,52.36771003,876.62957800],[-113.36223790,52.36767916,876.78192100],[-113.36222860,52.36764720,876.76379400],[-113.36221870,52.36761340,876.62323000],[-113.36220850,52.36757842,876.40258800],[-113.36219890,52.36754559,876.32373000],[-113.36218910,52.36751203,876.11688200],[-113.36217980,52.36747985,875.95782500],[-113.36217040,52.36744789,875.76068100],[-113.36216080,52.36741495,875.55578600],[-113.36215060,52.36737987,875.38110400],[-113.36214100,52.36734704,875.28833000],[-113.36213120,52.36731347,875.10260000],[-113.36212180,52.36728119,875.02130100],[-113.36211130,52.36724514,874.88739000],[-113.36210330,52.36721758,874.87561000],[-113.36209490,52.36718873,874.97058100],[-113.36208640,52.36715967,875.02899200],[-113.36207850,52.36713256,875.18627900],[-113.36206820,52.36709726,875.50689700],[-113.36206020,52.36706983,875.78961200],[-113.36205000,52.36703487,876.08599900],[-113.36204150,52.36700579,876.19342000],[-113.36203400,52.36698000,875.87005600],[-113.36202710,52.36695710,875.88171400],[-113.36201870,52.36692914,875.93737800],[-113.36201030,52.36690097,876.10998500],[-113.36200140,52.36687141,876.27191200],[-113.36199160,52.36683872,876.35400400],[-113.36198260,52.36680851,876.62518300],[-113.36197390,52.36677959,876.86462400],[-113.36196500,52.36675000,877.35357700],[-113.36195990,52.36673290,877.27661100],[-113.36195160,52.36670527,877.48547400],[-113.36194330,52.36667752,877.82659900],[-113.36193300,52.36664300,877.91937300],[-113.36192660,52.36661980,878.41333000],[-113.36191820,52.36658964,878.38952600],[-113.36190930,52.36655772,878.13678000],[-113.36190080,52.36652698,877.98181200],[-113.36189150,52.36649340,877.78228800],[-113.36188250,52.36646098,877.59069800],[-113.36187320,52.36642749,877.36950700],[-113.36186430,52.36639528,877.14788800],[-113.36185700,52.36636900,877.15423600],[-113.36185410,52.36635899,876.93328900],[-113.36184560,52.36632996,876.71942100],[-113.36183600,52.36629713,876.54248000],[-113.36182750,52.36626807,876.52392600],[-113.36181840,52.36623697,876.48547400],[-113.36180980,52.36620750,876.43811000],[-113.36179970,52.36617284,876.51831100],[-113.36179120,52.36614378,876.67938200],[-113.36178300,52.36611582,876.62841800],[-113.36177410,52.36608537,876.53717000],[-113.36176490,52.36605394,876.39489700],[-113.36175720,52.36602769,875.97930900],[-113.36175040,52.36600438,877.41522200],[-113.36174210,52.36597576,877.22528100],[-113.36173340,52.36594618,876.93981900],[-113.36172450,52.36591573,876.85632300],[-113.36171590,52.36588638,876.47680700],[-113.36170790,52.36585873,876.35931400],[-113.36169870,52.36582742,876.11200000],[-113.36169010,52.36579795,875.91827400],[-113.36168170,52.36576910,875.84680200],[-113.36167290,52.36573908,875.65698200],[-113.36166380,52.36570806,875.52929700],[-113.36165480,52.36567716,875.50231900],[-113.36164570,52.36564604,875.35687300],[-113.36163650,52.36561448,875.23297100],[-113.36162690,52.36558164,874.98919700],[-113.36161900,52.36555461,874.79791300],[-113.36161100,52.36552724,874.64422600],[-113.36160230,52.36549745,874.52630600],[-113.36159310,52.36546612,874.44299300],[-113.36158400,52.36543500,874.21032700],[-113.36157920,52.36541823,874.10742200],[-113.36157090,52.36538947,874.21319600],[-113.36156220,52.36535923,874.14910900],[-113.36155390,52.36533037,874.10968000],[-113.36154540,52.36530109,874.21630900],[-113.36153760,52.36527397,874.29132100],[-113.36152780,52.36523963,874.56878700],[-113.36151760,52.36520422,874.95758100],[-113.36150990,52.36517754,874.98748800],[-113.36150140,52.36514827,875.19787600],[-113.36149320,52.36511975,875.11969000],[-113.36148460,52.36508982,875.10748300],[-113.36147620,52.36506054,875.01837200],[-113.36146820,52.36503290,874.91217000],[-113.36146050,52.36500601,874.77197300],[-113.36145270,52.36497881,874.72827100],[-113.36144490,52.36495172,874.69610600],[-113.36143570,52.36491995,874.51178000],[-113.36142800,52.36489299,874.13562000],[-113.36141890,52.36486147,873.99279800],[-113.36141010,52.36483098,873.93090800],[-113.36140060,52.36479789,873.89001500],[-113.36139210,52.36476848,873.97119100],[-113.36138340,52.36473831,874.11279300],[-113.36137450,52.36470740,874.10351600],[-113.36136600,52.36467788,874.38232400],[-113.36135750,52.36464837,874.48761000],[-113.36134840,52.36461670,874.49749800],[-113.36133940,52.36458556,874.55902100],[-113.36132940,52.36455067,874.66918900],[-113.36132130,52.36452268,874.77288800],[-113.36131180,52.36448959,874.55688500],[-113.36130300,52.36445900,874.84655800],[-113.36129820,52.36444254,874.81811500],[-113.36129000,52.36441403,874.95001200],[-113.36128030,52.36438067,875.00982700],[-113.36127210,52.36435237,875.04071000],[-113.36126430,52.36432567,875.07611100],[-113.36125600,52.36429692,875.01788300],[-113.36124740,52.36426723,875.07012900],[-113.36123870,52.36423751,875.07470700],[-113.36123050,52.36420911,875.04309100],[-113.36122200,52.36417973,875.06958000],[-113.36121420,52.36415292,875.08538800],[-113.36120610,52.36412504,875.08551000],[-113.36119700,52.36409372,875.00378400],[-113.36118810,52.36406296,874.93328900],[-113.36117820,52.36402895,874.95318600],[-113.36116960,52.36399912,874.83691400],[-113.36116050,52.36396768,874.76861600],[-113.36115100,52.36393505,874.68280000],[-113.36114180,52.36390329,874.55682400],[-113.36113300,52.36387300,874.40466300],[-113.36112500,52.36384795,873.52752700],[-113.36110400,52.36378200,873.40179400],[-113.36109790,52.36375901,873.31878700],[-113.36109090,52.36373230,872.57897900],[-113.36108280,52.36370163,872.82647700],[-113.36107500,52.36367200,872.90728800],[-113.36106850,52.36365060,873.03009000],[-113.36105850,52.36361783,872.99408000],[-113.36104990,52.36358946,873.04522700],[-113.36104070,52.36355915,873.13867200],[-113.36103170,52.36352949,873.23669400],[-113.36102310,52.36350122,873.23407000],[-113.36101300,52.36346800,873.33783000],[-113.36099730,52.36341006,873.65972900],[-113.36099000,52.36338328,873.53778100],[-113.36098070,52.36334920,873.54449500],[-113.36097130,52.36331427,873.48870800],[-113.36096350,52.36328573,873.24829100],[-113.36095470,52.36325341,873.21112100],[-113.36094700,52.36322488,873.34442100],[-113.36093920,52.36319606,873.48272700],[-113.36093090,52.36316578,873.67968800],[-113.36092330,52.36313764,873.82421900],[-113.36091540,52.36310863,874.13201900],[-113.36090770,52.36308020,874.34167500],[-113.36090010,52.36305206,874.53491200],[-113.36089080,52.36301807,874.81829800],[-113.36088220,52.36298632,875.07977300],[-113.36087340,52.36295392,875.15557900],[-113.36086390,52.36291877,875.26532000],[-113.36085420,52.36288336,874.99621600],[-113.36084600,52.36285300,874.97015400],[-113.36083750,52.36282355,874.82177700],[-113.36082760,52.36278935,874.89038100],[-113.36081980,52.36276201,874.82617200],[-113.36081200,52.36273527,874.82537800],[-113.36080140,52.36269831,874.93750000],[-113.36079120,52.36266308,874.97930900],[-113.36077840,52.36261864,875.08837900],[-113.36077040,52.36259085,875.19329800],[-113.36076240,52.36256317,875.12280300],[-113.36075310,52.36253099,875.07177700],[-113.36074390,52.36249891,874.89617900],[-113.36073530,52.36246922,874.74359100],[-113.36072610,52.36243745,874.60162400],[-113.36071620,52.36240319,874.33538800],[-113.36070670,52.36237014,874.06927500],[-113.36069760,52.36233858,874.06439200],[-113.36068840,52.36230671,873.87793000],[-113.36067860,52.36227276,874.04827900],[-113.36066980,52.36224234,874.22491500],[-113.36066090,52.36221136,874.43011500],[-113.36065040,52.36217478,875.11798100],[-113.36064050,52.36214055,875.22210700],[-113.36063030,52.36210543,875.42877200],[-113.36062240,52.36207799,875.53710900],[-113.36061420,52.36204934,875.61657700],[-113.36060570,52.36201985,875.54321300],[-113.36059640,52.36198767,875.45758100],[-113.36058660,52.36195365,875.42047100],[-113.36057750,52.36192219,875.19500700],[-113.36056870,52.36189161,874.88922100],[-113.36055930,52.36185911,874.72210700],[-113.36055000,52.36182695,874.49859600],[-113.36054200,52.36179920,874.43402100],[-113.36053320,52.36176875,874.35461400],[-113.36052490,52.36173992,874.33520500],[-113.36051650,52.36171065,874.50689700],[-113.36050870,52.36168363,874.45849600],[-113.36050100,52.36165699,874.57959000],[-113.36049240,52.36162707,874.57617200],[-113.36048330,52.36159554,874.38690200],[-113.36047420,52.36156398,874.49902300],[-113.36046640,52.36153710,874.56738300],[-113.36045750,52.36150640,874.64947500],[-113.36044940,52.36147820,874.70782500],[-113.36044150,52.36145063,874.82342500],[-113.36043320,52.36142198,874.86071800],[-113.36042310,52.36138699,875.10241700],[-113.36041430,52.36135661,875.32989500],[-113.36040570,52.36132674,875.51770000],[-113.36039800,52.36130000,875.63024900],[-113.36039150,52.36127783,875.51348900],[-113.36038340,52.36124985,875.39563000],[-113.36037510,52.36122153,875.42382800],[-113.36036670,52.36119258,875.44921900],[-113.36035670,52.36115836,875.29162600],[-113.36034810,52.36112867,875.24353000],[-113.36033890,52.36109712,875.17547600],[-113.36032930,52.36106419,875.04980500],[-113.36031990,52.36103222,874.89782700],[-113.36031020,52.36099887,874.78039600],[-113.36030100,52.36096724,874.80340600],[-113.36029140,52.36093430,874.74578900],[-113.36028170,52.36090095,874.68737800],[-113.36027220,52.36086833,874.55438200],[-113.36026170,52.36083240,874.54357900],[-113.36025330,52.36080366,874.44622800],[-113.36024500,52.36077502,874.27679400],[-113.36023590,52.36074375,874.32617200],[-113.36022590,52.36070972,874.48107900],[-113.36021570,52.36067445,874.48712200],[-113.36020770,52.36064701,874.58898900],[-113.36019940,52.36061859,874.63562000],[-113.36019080,52.36058919,874.70678700],[-113.36018020,52.36055293,874.81543000],[-113.36017190,52.36052429,874.86108400],[-113.36016350,52.36049534,874.95037800],[-113.36015520,52.36046704,875.04681400],[-113.36014490,52.36043154,875.06622300],[-113.36013610,52.36040141,875.03558300],[-113.36012790,52.36037353,875.00952100],[-113.36011860,52.36034135,874.81512500],[-113.36010900,52.36030842,875.00488300],[-113.36010050,52.36027946,874.96600300],[-113.36009220,52.36025095,874.72039800],[-113.36008390,52.36022242,874.62109400],[-113.36007490,52.36019155,874.46209700],[-113.36006540,52.36015906,874.38067600],[-113.36005560,52.36012549,874.30059800],[-113.36004670,52.36009494,874.40460200],[-113.36003850,52.36006654,874.56921400],[-113.36002990,52.36003706,874.71362300],[-113.36002090,52.36000638,874.80902100],[-113.36001220,52.35997656,875.12817400],[-113.36000210,52.35994190,875.18872100],[-113.35999400,52.35991400,875.08459500],[-113.35998030,52.35987782,875.07012900],[-113.35996760,52.35984420,875.14520300],[-113.35995800,52.35981900,876.20642100],[-113.35995100,52.35978741,875.30609100],[-113.35994500,52.35976000,875.33947800],[-113.35993220,52.35971685,875.54321300],[-113.35992400,52.35968900,875.38116500],[-113.35991740,52.35967462,875.41589400],[-113.35989930,52.35963532,875.35650600],[-113.35988400,52.35960200,874.98791500],[-113.35986020,52.35958269,875.02948000],[-113.35983030,52.35955843,874.87512200],[-113.35978960,52.35952540,874.66162100],[-113.35976200,52.35950300,874.91638200],[-113.35972800,52.35948904,874.66021700],[-113.35968460,52.35947128,874.60339400],[-113.35962210,52.35944565,874.60772700],[-113.35957760,52.35942740,874.51580800],[-113.35952940,52.35940768,874.48638900],[-113.35948490,52.35938943,874.33068800],[-113.35944230,52.35937195,874.29089400],[-113.35939970,52.35935449,874.37542700],[-113.35935700,52.35933700,874.27453600],[-113.35930540,52.35931533,873.92761200],[-113.35924690,52.35929078,873.85900900],[-113.35920550,52.35927343,873.84552000],[-113.35916400,52.35925600,873.88751200],[-113.35913730,52.35922498,874.21850600],[-113.35911540,52.35919954,874.27288800],[-113.35909000,52.35917000,874.06640600],[-113.35908210,52.35914649,874.03002900],[-113.35907250,52.35911818,874.09741200],[-113.35906110,52.35908411,874.18579100],[-113.35905200,52.35905712,874.28912400],[-113.35904140,52.35902570,874.18927000],[-113.35903060,52.35899355,873.99987800],[-113.35902000,52.35896224,874.02191200],[-113.35901050,52.35893405,873.92309600],[-113.35900150,52.35890706,874.08892800],[-113.35899190,52.35887875,873.91790800],[-113.35898220,52.35884997,873.80981400],[-113.35897170,52.35881866,873.53302000],[-113.35896100,52.35878699,873.55822800],[-113.35894990,52.35875412,873.34539800],[-113.35893900,52.35872150,873.40472400],[-113.35892780,52.35868828,873.36267100],[-113.35891610,52.35865361,873.39587400],[-113.35890440,52.35861883,873.31561300],[-113.35889400,52.35858800,873.62518300],[-113.35888950,52.35857095,873.86572300],[-113.35888120,52.35854008,873.91931200],[-113.35887190,52.35850501,874.12860100],[-113.35886230,52.35846917,874.38909900],[-113.35885350,52.35843595,874.63391100],[-113.35884600,52.35840800,874.68579100],[-113.35884420,52.35840176,874.39202900],[-113.35883600,52.35837422,874.39868200],[-113.35882790,52.35834647,874.30987500],[-113.35881920,52.35831698,874.18701200],[-113.35881010,52.35828610,873.99908400],[-113.35880090,52.35825501,873.86810300],[-113.35879090,52.35822112,873.78881800],[-113.35878270,52.35819315,873.74487300],[-113.35877440,52.35816507,873.84710700],[-113.35876360,52.35812848,874.00439500],[-113.35875240,52.35809040,874.00372300],[-113.35874410,52.35806221,874.13580300],[-113.35873620,52.35803542,874.12512200],[-113.35872680,52.35800380,873.97082500],[-113.35871830,52.35797475,874.11999500],[-113.35870830,52.35794097,874.19781500],[-113.35869840,52.35790750,874.23858600],[-113.35868800,52.35787211,874.42419400],[-113.35867920,52.35784220,874.49658200],[-113.35866980,52.35781047,874.54150400],[-113.35866000,52.35777723,874.54040500],[-113.35865060,52.35774506,874.48877000],[-113.35864060,52.35771118,874.34417700],[-113.35863060,52.35767729,874.42120400],[-113.35862060,52.35764339,874.29571500],[-113.35861060,52.35760959,874.34851100],[-113.35859750,52.35756516,874.49859600],[-113.35858730,52.35753052,874.44567900],[-113.35857720,52.35749609,874.52539100],[-113.35856710,52.35746189,874.46807900],[-113.35855620,52.35742499,874.57269300],[-113.35854650,52.35739217,874.41400100],[-113.35853630,52.35735754,874.39349400],[-113.35852620,52.35732321,874.31689500],[-113.35851600,52.35728878,874.47149700],[-113.35850630,52.35725575,874.37829600],[-113.35849690,52.35722379,874.35290500],[-113.35848670,52.35718925,874.36779800],[-113.35847600,52.35715300,874.13909900],[-113.35847170,52.35713793,874.19482400],[-113.35846260,52.35710619,874.24420200],[-113.35845300,52.35707282,874.30651900],[-113.35844420,52.35704223,874.38708500],[-113.35843420,52.35700748,874.72052000],[-113.35842450,52.35697349,874.85162400],[-113.35841520,52.35694119,875.02679400],[-113.35840520,52.35690620,875.22399900],[-113.35839580,52.35687339,875.27697800],[-113.35838630,52.35684033,875.32428000],[-113.35837660,52.35680655,875.59509300],[-113.35836730,52.35677422,875.53833000],[-113.35835830,52.35674290,875.60827600],[-113.35834870,52.35670918,875.75311300],[-113.35833920,52.35667620,875.76977500],[-113.35832980,52.35664352,875.86480700],[-113.35832040,52.35661078,875.79309100],[-113.35831080,52.35657727,875.89929200],[-113.35830220,52.35654723,875.91259800],[-113.35829360,52.35651719,875.75457800],[-113.35828450,52.35648562,875.69097900],[-113.35827490,52.35645205,875.78839100],[-113.35826490,52.35641736,875.69329800],[-113.35825510,52.35638289,875.71588100],[-113.35824540,52.35634917,875.84619100],[-113.35823500,52.35631300,875.83355700],[-113.35822550,52.35627984,875.73577900],[-113.35821740,52.35625163,875.62518300],[-113.35820920,52.35622287,875.35162400],[-113.35820120,52.35619508,875.34747300],[-113.35819320,52.35616698,875.17828400],[-113.35818540,52.35613988,875.05987500],[-113.35817680,52.35610953,874.93487500],[-113.35816680,52.35607474,874.96759000],[-113.35815690,52.35604016,874.90399200],[-113.35814720,52.35600623,874.98400900],[-113.35813840,52.35597539,875.13537600],[-113.35812990,52.35594568,875.14679000],[-113.35812130,52.35591589,875.27337600],[-113.35811210,52.35588359,875.14172400],[-113.35810300,52.35585192,875.07409700],[-113.35809460,52.35582254,874.84808300],[-113.35808560,52.35579107,874.73999000],[-113.35807690,52.35576051,874.61468500],[-113.35806720,52.35572662,874.42120400],[-113.35805940,52.35569949,874.43627900],[-113.35805100,52.35567007,874.43347200],[-113.35804150,52.35563691,874.45800800],[-113.35803170,52.35560288,874.56292700],[-113.35802180,52.35556809,874.83630400],[-113.35801290,52.35553698,875.04657000],[-113.35800340,52.35550402,875.05938700],[-113.35799420,52.35547162,875.19287100],[-113.35798440,52.35543760,875.34027100],[-113.35797470,52.35540378,875.19830300],[-113.35796420,52.35536704,876.49499500],[-113.35795460,52.35533347,876.53289800],[-113.35794510,52.35530031,876.34252900],[-113.35793570,52.35526746,876.25482200],[-113.35792700,52.35523700,876.05859400],[-113.35792570,52.35523270,875.30517600],[-113.35791650,52.35520172,874.86377000],[-113.35790690,52.35516957,874.56427000],[-113.35789720,52.35513687,874.27819800],[-113.35788800,52.35510611,874.25402800],[-113.35788060,52.35508127,875.08789100],[-113.35787050,52.35504761,875.05828900],[-113.35786080,52.35501502,874.81378200],[-113.35785110,52.35498243,874.72851600],[-113.35783990,52.35494479,874.71167000],[-113.35783000,52.35491166,874.66088900],[-113.35782170,52.35488370,874.61358600],[-113.35781260,52.35485326,874.55358900],[-113.35780280,52.35482046,874.23901400],[-113.35779330,52.35478852,874.06280500],[-113.35778360,52.35475582,873.74310300],[-113.35777320,52.35472109,873.55438200],[-113.35776350,52.35468850,873.20532200],[-113.35775360,52.35465537,873.02868700],[-113.35774340,52.35462106,873.13470500],[-113.35773400,52.35458934,873.72711200],[-113.35772400,52.35455578,873.81750500],[-113.35771440,52.35452373,873.91729700],[-113.35770430,52.35448985,874.04962200],[-113.35769600,52.35446211,874.17871100],[-113.35768780,52.35443446,874.23797600],[-113.35767890,52.35440467,874.39422600],[-113.35766930,52.35437230,874.66259800],[-113.35766000,52.35434133,874.81732200],[-113.35765060,52.35430971,874.87408400],[-113.35764050,52.35427583,874.98590100],[-113.35763250,52.35424905,874.89062500],[-113.35762400,52.35422034,874.84167500],[-113.35761480,52.35418947,875.11261000],[-113.35760600,52.35416000,875.24450700],[-113.35759620,52.35412731,875.37817400],[-113.35758900,52.35410300,874.96533200],[-113.35758630,52.35409354,875.01910400],[-113.35757780,52.35406402,875.04339600],[-113.35756840,52.35403117,875.05828900],[-113.35755880,52.35399770,875.19311500],[-113.35755000,52.35396700,875.19848600],[-113.35754030,52.35393350,875.33038300],[-113.35753110,52.35390117,875.32208300],[-113.35752210,52.35387002,875.47448700],[-113.35751250,52.35383652,875.38757300],[-113.35750300,52.35380346,875.41449000],[-113.35749320,52.35376912,875.49639900],[-113.35748280,52.35373306,875.52728300],[-113.35747300,52.35369903,875.65142800],[-113.35746320,52.35366459,875.84539800],[-113.35745310,52.35362970,875.94488500],[-113.35744310,52.35359470,876.18707300],[-113.35743240,52.35355746,876.26672400],[-113.35742180,52.35352062,876.47991900],[-113.35741160,52.35348511,876.54040500],[-113.35740160,52.35345001,876.53991700],[-113.35739140,52.35341470,876.49688700],[-113.35738150,52.35338002,876.45867900],[-113.35737170,52.35334613,876.53918500],[-113.35736220,52.35331298,876.46862800],[-113.35735220,52.35327808,876.44079600],[-113.35734190,52.35324233,876.40802000],[-113.35733110,52.35320463,876.56640600],[-113.35732070,52.35316842,876.42498800],[-113.35731110,52.35313481,876.47802700],[-113.35730110,52.35310006,876.40210000],[-113.35729070,52.35306389,876.49627700],[-113.35728030,52.35302761,876.35809300],[-113.35727000,52.35299164,876.58819600],[-113.35725900,52.35295332,876.64599600],[-113.35724860,52.35291705,876.96691900],[-113.35723850,52.35288181,877.02117900],[-113.35722910,52.35284906,877.08007800],[-113.35721930,52.35281507,877.07617200],[-113.35720990,52.35278233,877.08740200],[-113.35720030,52.35274886,876.96832300],[-113.35719040,52.35271432,876.89709500],[-113.35718010,52.35267835,876.83990500],[-113.35716920,52.35264065,876.85339400],[-113.35715920,52.35260587,876.82421900],[-113.35714870,52.35256903,876.86627200],[-113.35713860,52.35253383,876.83258100],[-113.35712800,52.35249700,877.13214100],[-113.35711980,52.35246935,877.12811300],[-113.35711000,52.35243622,877.19421400],[-113.35710000,52.35240233,877.14642300],[-113.35708920,52.35236597,877.14642300],[-113.35707940,52.35233273,877.21289100],[-113.35706960,52.35229949,877.30432100],[-113.35705880,52.35226324,877.57531700],[-113.35704760,52.35222526,877.57428000],[-113.35703700,52.35218933,877.78820800],[-113.35702660,52.35215437,877.64868200],[-113.35701640,52.35211984,877.67419400],[-113.35700700,52.35208789,877.33538800],[-113.35699840,52.35205885,877.71099900],[-113.35698870,52.35202604,877.45752000],[-113.35697840,52.35199129,877.42041000],[-113.35696790,52.35195579,877.31829800],[-113.35695770,52.35192147,877.62091100],[-113.35694710,52.35188543,877.70288100],[-113.35693680,52.35185091,878.04510500],[-113.35692600,52.35181411,878.25018300],[-113.35691530,52.35177808,878.66662600],[-113.35690620,52.35174731,878.90869100],[-113.35689610,52.35171321,879.11731000],[-113.35688760,52.35168438,878.98992900],[-113.35687800,52.35165200,879.11566200],[-113.35687540,52.35164292,879.16497800],[-113.35686410,52.35160363,878.85522500],[-113.35685570,52.35157439,878.83422900],[-113.35684710,52.35154445,878.79058800],[-113.35683790,52.35151247,878.84362800],[-113.35682790,52.35147748,879.13891600],[-113.35681800,52.35144321,879.35711700],[-113.35680940,52.35141317,879.64489700],[-113.35680100,52.35138389,879.75372300],[-113.35679270,52.35135506,879.69451900],[-113.35678460,52.35132676,879.62670900],[-113.35677560,52.35129530,879.57171600],[-113.35676680,52.35126491,879.38739000],[-113.35675700,52.35123078,879.28320300],[-113.35674770,52.35119825,879.17279100],[-113.35673870,52.35116672,879.10858200],[-113.35672970,52.35113571,879.15582300],[-113.35672070,52.35110407,879.23107900],[-113.35671230,52.35107486,879.11218300],[-113.35670320,52.35104309,879.04772900],[-113.35669480,52.35101395,879.01379400],[-113.35668600,52.35098336,878.77398700],[-113.35667700,52.35095200,878.85528600],[-113.35667140,52.35093137,878.13647500],[-113.35666320,52.35090147,877.72717300],[-113.35665480,52.35087088,877.16107200],[-113.35664630,52.35083965,877.86999500],[-113.35663820,52.35081026,877.52349900],[-113.35662990,52.35077990,877.42169200],[-113.35662160,52.35074951,877.41497800],[-113.35661360,52.35072022,877.42669700],[-113.35660400,52.35068500,877.71276900],[-113.35660280,52.35067933,877.91821300],[-113.35659480,52.35064179,878.14898700],[-113.35658790,52.35060944,878.37530500],[-113.35658170,52.35057986,878.48620600],[-113.35657470,52.35054720,878.26721200],[-113.35656750,52.35051309,878.18048100],[-113.35656000,52.35047800,878.14184600],[-113.35656660,52.35042832,878.46160900],[-113.35657070,52.35039718,878.27587900],[-113.35657490,52.35036490,878.09167500],[-113.35657960,52.35032964,877.87921100],[-113.35658400,52.35029621,877.63208000],[-113.35658860,52.35026129,877.36187700],[-113.35659360,52.35022360,877.17852800],[-113.35659750,52.35019357,877.14318800],[-113.35660200,52.35015949,877.15222200],[-113.35660650,52.35012552,876.92041000],[-113.35661110,52.35009069,876.82690400],[-113.35661570,52.35005558,876.56652800],[-113.35662060,52.35001852,876.67602500],[-113.35662540,52.34998212,876.75061000],[-113.35663030,52.34994497,876.60589600],[-113.35663400,52.34991700,876.57275400],[-113.35663990,52.34989439,876.67742900],[-113.35664810,52.34986309,876.79028300],[-113.35665690,52.34982987,876.63739000],[-113.35666560,52.34979645,876.64971900],[-113.35667510,52.34976040,876.67858900],[-113.35668430,52.34972532,876.97222900],[-113.35669460,52.34968606,876.90020800],[-113.35670370,52.34965158,877.18762200],[-113.35671280,52.34961688,877.19342000],[-113.35672230,52.34958045,877.41442900],[-113.35673130,52.34954634,877.28491200],[-113.35673880,52.34951769,877.43212900],[-113.35674690,52.34948668,877.65277100],[-113.35675500,52.34945600,877.91735800],[-113.35675940,52.34944126,878.23272700],[-113.35676790,52.34941276,878.60589600],[-113.35677670,52.34938341,878.98797600],[-113.35678570,52.34935351,879.36468500],[-113.35679600,52.34931900,879.20568800],[-113.35680120,52.34929902,878.27459700],[-113.35680880,52.34927008,878.37188700],[-113.35681740,52.34923714,878.23053000],[-113.35682500,52.34920808,877.88128700],[-113.35683380,52.34917466,877.40112300],[-113.35684150,52.34914524,876.78967300],[-113.35684990,52.34911318,876.32061800],[-113.35685820,52.34908122,876.09991500],[-113.35686660,52.34904916,875.55932600],[-113.35687460,52.34901876,875.54211400],[-113.35688310,52.34898601,875.26477100],[-113.35689200,52.34895191,875.05072000],[-113.35690110,52.34891721,875.06347700],[-113.35691040,52.34888184,875.01898200],[-113.35691960,52.34884657,874.92541500],[-113.35692870,52.34881178,874.79620400],[-113.35693770,52.34877758,874.58770800],[-113.35694690,52.34874240,874.40667700],[-113.35695580,52.34870820,874.29882800],[-113.35696470,52.34867429,874.18267800],[-113.35697360,52.34864037,874.16577100],[-113.35698270,52.34860529,874.13879400],[-113.35699130,52.34857256,873.83850100],[-113.35700060,52.34853689,873.82092300],[-113.35701090,52.34849781,873.99212600],[-113.35702040,52.34846117,874.41430700],[-113.35702750,52.34843427,874.77197300],[-113.35703740,52.34839655,875.07928500],[-113.35706220,52.34830144,875.33068800],[-113.35707200,52.34826431,875.44567900],[-113.35708190,52.34822640,875.66699200],[-113.35709170,52.34818878,875.91479500],[-113.35710060,52.34815467,876.15112300],[-113.35710910,52.34812221,876.49481200],[-113.35711720,52.34809122,876.59228500],[-113.35712550,52.34805985,876.50970500],[-113.35713300,52.34803100,876.59454300],[-113.35713490,52.34802407,876.61767600],[-113.35714410,52.34799040,876.49700900],[-113.35715190,52.34796207,876.09552000],[-113.35716030,52.34793142,875.71008300],[-113.35716760,52.34790465,875.37567100],[-113.35717580,52.34787498,875.09478800],[-113.35718440,52.34784355,874.62268100],[-113.35719390,52.34780881,874.23999000],[-113.35720380,52.34777279,874.07061800],[-113.35721410,52.34773493,874.03137200],[-113.35722430,52.34769775,873.84509300],[-113.35723460,52.34766039,873.76348900],[-113.35724490,52.34762263,873.82922400],[-113.35725510,52.34758554,873.93402100],[-113.35726420,52.34755215,874.07830800],[-113.35727400,52.34751643,874.32348600],[-113.35728300,52.34748384,874.67797900],[-113.35729180,52.34745142,874.80981400],[-113.35730120,52.34741745,875.05859400],[-113.35730860,52.34739009,875.04077100],[-113.35731630,52.34736230,874.97357200],[-113.35732400,52.34733413,874.88531500],[-113.35733200,52.34730505,874.42321800],[-113.35734060,52.34727350,873.91668700],[-113.35734940,52.34724144,873.71057100],[-113.35735890,52.34720657,873.70867900],[-113.35736910,52.34716947,874.15258800],[-113.35737950,52.34713158,874.74231000],[-113.35738950,52.34709507,875.55249000],[-113.35739880,52.34706101,875.95971700],[-113.35740790,52.34702801,876.23022500],[-113.35741610,52.34699793,876.31872600],[-113.35742500,52.34696539,876.17987100],[-113.35743200,52.34694000,876.45434600],[-113.35746000,52.34684900,877.18249500],[-113.35750300,52.34676600,877.33160400],[-113.35750450,52.34675679,876.50982700],[-113.35750890,52.34672993,877.23181200],[-113.35751630,52.34668444,875.65722700],[-113.35752150,52.34665285,875.75799600],[-113.35752690,52.34661969,876.02581800],[-113.35753210,52.34658782,876.22637900],[-113.35753750,52.34655460,876.21539300],[-113.35754250,52.34652373,876.24652100],[-113.35754780,52.34649111,876.28491200],[-113.35755290,52.34645981,876.25280800],[-113.35755830,52.34642672,876.14117400],[-113.35756400,52.34639200,875.92791700],[-113.35757120,52.34636452,875.83599900],[-113.35757860,52.34633646,875.71038800],[-113.35758720,52.34630411,875.65588400],[-113.35759440,52.34627684,875.46728500],[-113.35760240,52.34624624,875.53131100],[-113.35761160,52.34621126,875.30242900],[-113.35761980,52.34618018,875.35699500],[-113.35762750,52.34615124,875.61431900],[-113.35763450,52.34612445,875.70428500],[-113.35764320,52.34609143,875.65997300],[-113.35765090,52.34606243,875.57940700],[-113.35765850,52.34603352,875.36761500],[-113.35766600,52.34600498,875.29418900],[-113.35767370,52.34597597,875.27441400],[-113.35768160,52.34594597,875.10052500],[-113.35769080,52.34591111,875.18450900],[-113.35769930,52.34587867,875.17382800],[-113.35770810,52.34584545,875.24627700],[-113.35771730,52.34581037,875.20037800],[-113.35772640,52.34577608,875.23449700],[-113.35773520,52.34574265,875.27819800],[-113.35774410,52.34570894,875.43487500],[-113.35775270,52.34567601,875.53448500],[-113.35776110,52.34564413,875.79040500],[-113.35776990,52.34561070,875.83868400],[-113.35777900,52.34557630,875.94189500],[-113.35778740,52.34554451,875.97540300],[-113.35779570,52.34551283,875.98187300],[-113.35780510,52.34547745,876.14599600],[-113.35781430,52.34544236,876.24517800],[-113.35782400,52.34540572,876.28289800],[-113.35783280,52.34537219,876.45727500],[-113.35784180,52.34533800,876.62939500],[-113.35785000,52.34530700,876.86389200],[-113.35785670,52.34527934,877.25341800],[-113.35786370,52.34525041,877.44311500],[-113.35787230,52.34521500,877.56189000],[-113.35787920,52.34518653,877.70440700],[-113.35788730,52.34515325,877.42932100],[-113.35789380,52.34512647,877.41510000],[-113.35790030,52.34509950,877.41479500],[-113.35790880,52.34506463,877.46130400],[-113.35791660,52.34503259,877.56579600],[-113.35792340,52.34500421,877.61828600],[-113.35793280,52.34496550,877.63238500],[-113.35793970,52.34493703,877.55847200],[-113.35794770,52.34490428,877.52032500],[-113.35795410,52.34487759,877.35290500],[-113.35796090,52.34484991,877.05377200],[-113.35796830,52.34481921,876.87347400],[-113.35797640,52.34478601,876.64727800],[-113.35798340,52.34475683,876.36969000],[-113.35800500,52.34466790,876.50000000],[-113.35798370,52.34454846,874.69000200],[-113.35797810,52.34451664,874.31488000],[-113.35797320,52.34448943,874.00250200],[-113.35796700,52.34445458,873.70581100],[-113.35796190,52.34442618,873.43518100],[-113.35795490,52.34438671,873.34631300],[-113.35794950,52.34435607,873.15942400],[-113.35794410,52.34432609,873.13690200],[-113.35793880,52.34429598,873.19940200],[-113.35793360,52.34426692,873.22277800],[-113.35792830,52.34423740,873.26110800],[-113.35792220,52.34420294,873.27887000],[-113.35791600,52.34416842,873.44232200],[-113.35791020,52.34413548,873.66229200],[-113.35790450,52.34410378,873.70489500],[-113.35789830,52.34406873,873.59729000],[-113.35789300,52.34403888,873.78198200],[-113.35788730,52.34400706,873.82171600],[-113.35788160,52.34397510,873.78039600],[-113.35787590,52.34394302,873.75280800],[-113.35787040,52.34391199,873.58447300],[-113.35786520,52.34388300,873.57287600],[-113.35785950,52.34385117,873.51678500],[-113.35785420,52.34382126,873.51019300],[-113.35784670,52.34377916,873.57348600],[-113.35784080,52.34374583,873.79589800],[-113.35783550,52.34371657,873.80450400],[-113.35783030,52.34368693,873.86389200],[-113.35782510,52.34365781,873.91333000],[-113.35782030,52.34363113,873.60180700],[-113.35780790,52.34356115,873.83361800],[-113.35780300,52.34353367,873.89880400],[-113.35779720,52.34350119,874.20037800],[-113.35779150,52.34346903,874.43597400],[-113.35778610,52.34343918,874.51641800],[-113.35777970,52.34340314,874.58129900],[-113.35777480,52.34337527,874.59021000],[-113.35776890,52.34334253,874.56707800],[-113.35776330,52.34331116,874.69189500],[-113.35775790,52.34328078,875.20031700],[-113.35775310,52.34325396,875.19897500],[-113.35774840,52.34322754,875.64190700],[-113.35774300,52.34319703,876.13397200],[-113.35773740,52.34316580,876.38330100],[-113.35773130,52.34313114,876.43432600],[-113.35771930,52.34306387,876.70062300],[-113.35771290,52.34302810,876.68389900],[-113.35770710,52.34299561,876.64111300],[-113.35770140,52.34296346,876.77142300],[-113.35769570,52.34293137,876.81591800],[-113.35768970,52.34289784,876.90429700],[-113.35768360,52.34286357,877.08032200],[-113.35767840,52.34283412,877.06518600],[-113.35767220,52.34279979,877.25189200],[-113.35766450,52.34275644,877.27020300],[-113.35765840,52.34272198,877.34497100],[-113.35765270,52.34269009,877.34277300],[-113.35764640,52.34265471,877.31817600],[-113.35764060,52.34262210,877.31768800],[-113.35763510,52.34259133,877.44000200],[-113.35762900,52.34255700,877.23779300],[-113.35762280,52.34252235,877.19561800],[-113.35761600,52.34248400,877.44891400],[-113.35761130,52.34245846,877.32501200],[-113.35760570,52.34242836,877.26141400],[-113.35760010,52.34239813,877.22241200],[-113.35759410,52.34236527,877.20678700],[-113.35758800,52.34233241,877.16992200],[-113.35758220,52.34230119,877.19561800],[-113.35757620,52.34226871,877.20721400],[-113.35757070,52.34223861,877.38867200],[-113.35756470,52.34220647,877.46142600],[-113.35755880,52.34217439,877.45141600],[-113.35755320,52.34214382,877.24731400],[-113.35754680,52.34210950,877.25311300],[-113.35754140,52.34208008,877.18219000],[-113.35753530,52.34204729,877.10888700],[-113.35752900,52.34201300,876.97058100],[-113.35752340,52.34198273,876.74688700],[-113.35751770,52.34195178,876.56042500],[-113.35751110,52.34191593,876.14367700],[-113.35750510,52.34188358,875.95819100],[-113.35749910,52.34185110,875.93591300],[-113.35749280,52.34181698,875.74823000],[-113.35748660,52.34178341,875.56048600],[-113.35748000,52.34174779,875.47601300],[-113.35747380,52.34171422,875.51568600],[-113.35746740,52.34167932,875.38092000],[-113.35746130,52.34164633,874.98022500],[-113.35745540,52.34161446,875.02459700],[-113.35744940,52.34158225,874.90081800],[-113.35744350,52.34155038,874.76678500],[-113.35743720,52.34151585,874.70007300],[-113.35743050,52.34147955,874.89502000],[-113.35742420,52.34144571,874.75939900],[-113.35741760,52.34140975,874.89910900],[-113.35741110,52.34137468,874.63092000],[-113.35740440,52.34133845,874.46899400],[-113.35739850,52.34130642,874.51647900],[-113.35739210,52.34127203,874.37170400],[-113.35738640,52.34124121,874.34777800],[-113.35738030,52.34120777,874.30242900],[-113.35737350,52.34117138,873.95629900],[-113.35736740,52.34113838,873.88891600],[-113.35736110,52.34110420,873.80127000],[-113.35735500,52.34107100,873.67755100],[-113.35735390,52.34104970,873.50659200],[-113.35735200,52.34101454,873.46081500],[-113.35735010,52.34097966,873.43542500],[-113.35734840,52.34094658,873.31988500],[-113.35734660,52.34091259,873.20092800],[-113.35734450,52.34087457,873.14129600],[-113.35734280,52.34084145,873.19012500],[-113.35734100,52.34080828,873.26947000],[-113.35733910,52.34077320,873.54962200],[-113.35733730,52.34073926,873.50109900],[-113.35733570,52.34070825,873.46038800],[-113.35733410,52.34067818,873.37530500],[-113.35733210,52.34064186,873.48339800],[-113.35733040,52.34060886,873.28570600],[-113.35732870,52.34057681,873.18371600],[-113.35732680,52.34054177,873.20080600],[-113.35732500,52.34050765,872.99121100],[-113.35732320,52.34047460,872.81390400],[-113.35732140,52.34043954,872.78418000],[-113.35731980,52.34040947,872.65509000],[-113.35731810,52.34037847,872.56182900],[-113.35731660,52.34034938,872.47937000],[-113.35731490,52.34031847,872.30651900],[-113.35731340,52.34029024,872.10730000],[-113.35731190,52.34026221,871.83612100],[-113.35731000,52.34022611,870.51171900],[-113.35730840,52.34019694,870.28961200],[-113.35730690,52.34016780,870.02050800],[-113.35730530,52.34013877,869.89099100],[-113.35730350,52.34010432,869.66607700],[-113.35730190,52.34007317,869.54760700],[-113.35730030,52.34004366,869.59509300],[-113.35729860,52.34001189,869.31677200],[-113.35729700,52.33998200,869.17437700],[-113.35731130,52.33996349,868.68402100],[-113.35733100,52.33993798,868.43090800],[-113.35735090,52.33991222,868.11511200],[-113.35737660,52.33987897,867.53320300],[-113.35739760,52.33985169,866.58148200],[-113.35741630,52.33982746,866.07220500],[-113.35744090,52.33979562,865.33007800],[-113.35746190,52.33976849,864.86077900],[-113.35748590,52.33973738,864.09387200],[-113.35750880,52.33970765,863.47168000],[-113.35753190,52.33967781,862.66748000],[-113.35755440,52.33964867,861.79620400],[-113.35757880,52.33961707,860.96008300],[-113.35759910,52.33959075,860.66467300],[-113.35762400,52.33955858,860.21728500],[-113.35764300,52.33953390,859.58691400],[-113.35766110,52.33951046,858.71502700],[-113.35768000,52.33948600,859.89575200],[-113.35768680,52.33947633,858.77630600],[-113.35770570,52.33944927,858.42999300],[-113.35772650,52.33941965,857.61908000],[-113.35774290,52.33939620,857.76599100],[-113.35776040,52.33937135,857.10180700],[-113.35777800,52.33934625,856.77282700],[-113.35779870,52.33931658,856.43719500],[-113.35781810,52.33928894,856.09179700],[-113.35783760,52.33926112,855.73211700],[-113.35786100,52.33922770,855.24237100],[-113.35788000,52.33920065,855.09722900],[-113.35790290,52.33916804,854.69720500],[-113.35792590,52.33913517,854.52111800],[-113.35794360,52.33910984,853.96460000],[-113.35796440,52.33908029,853.72271700],[-113.35798440,52.33905173,853.46112100],[-113.35800480,52.33902258,853.17138700],[-113.35802360,52.33899574,853.05059800],[-113.35804380,52.33896689,852.96850600],[-113.35806470,52.33893716,852.74060100],[-113.35808580,52.33890702,852.58740200],[-113.35810820,52.33887512,852.27050800],[-113.35812780,52.33884707,852.06610100],[-113.35814940,52.33881624,851.86621100],[-113.35817120,52.33878518,851.49823000],[-113.35819220,52.33875522,851.14978000],[-113.35821380,52.33872434,850.73632800],[-113.35823400,52.33869552,850.50000000],[-113.35825430,52.33866669,850.21020500],[-113.35827470,52.33863758,850.02569600],[-113.35829710,52.33860554,850.02282700],[-113.35831890,52.33857451,849.63427700],[-113.35834030,52.33854398,849.54309100],[-113.35836200,52.33851295,849.58148200],[-113.35838300,52.33848300,849.57104500],[-113.35838350,52.33847668,849.56732200],[-113.35838640,52.33844137,849.36401400],[-113.35838870,52.33841263,849.42712400],[-113.35839110,52.33838379,849.20611600],[-113.35839340,52.33835507,849.03399700],[-113.35839600,52.33832424,848.85742200],[-113.35839840,52.33829438,848.65387000],[-113.35840080,52.33826536,848.41320800],[-113.35840320,52.33823555,848.31408700],[-113.35840540,52.33820802,848.20068400],[-113.35840790,52.33817788,848.01001000],[-113.35841040,52.33814696,847.91229200],[-113.35841300,52.33811492,848.03369100],[-113.35841580,52.33808175,847.85778800],[-113.35841850,52.33804856,847.75238000],[-113.35842120,52.33801564,847.71368400],[-113.35842360,52.33798572,847.50732400],[-113.35842600,52.33795579,847.37121600],[-113.35842850,52.33792593,847.24487300],[-113.35843080,52.33789691,846.93817100],[-113.35843330,52.33786689,846.91522200],[-113.35843610,52.33783195,846.83520500],[-113.35843900,52.33779679,846.66918900],[-113.35844180,52.33776263,846.60479700],[-113.35844450,52.33772953,846.55712900],[-113.35844720,52.33769634,846.57672100],[-113.35844980,52.33766521,846.44281000],[-113.35845250,52.33763111,846.31341600],[-113.35845530,52.33759698,846.46460000],[-113.35845780,52.33756684,846.27777100],[-113.35846050,52.33753368,846.20019500],[-113.35846320,52.33750076,846.34759500],[-113.35846570,52.33746984,846.15979000],[-113.35846840,52.33743707,846.18658400],[-113.35847100,52.33740518,846.11297600],[-113.35847370,52.33737211,846.20770300],[-113.35847640,52.33733904,846.06201200],[-113.35847900,52.33730700,846.28167700],[-113.35847950,52.33729890,846.46991000],[-113.35848110,52.33727107,846.46698000],[-113.35848310,52.33723909,846.40222200],[-113.35848490,52.33720824,846.44128400],[-113.35848670,52.33717731,846.43103000],[-113.35848860,52.33714630,846.65887500],[-113.35849050,52.33711448,846.65307600],[-113.35849250,52.33708057,846.55157500],[-113.35849440,52.33704854,846.58862300],[-113.35849630,52.33701761,846.73468000],[-113.35849790,52.33699055,847.02581800],[-113.35849970,52.33696071,847.22747800],[-113.35850150,52.33693075,847.21691900],[-113.35850330,52.33689981,847.32092300],[-113.35850520,52.33686792,847.41442900],[-113.35850690,52.33683876,847.25219700],[-113.35850870,52.33680964,847.22100800],[-113.35851050,52.33677959,846.88848900],[-113.35851230,52.33674934,846.47491500],[-113.35851410,52.33671927,846.35107400],[-113.35851580,52.33669029,846.18450900],[-113.35851770,52.33665910,845.88470500],[-113.35851970,52.33662473,845.54791300],[-113.35852170,52.33659181,845.53588900],[-113.35852380,52.33655580,845.32189900],[-113.35852570,52.33652368,845.06872600],[-113.35852750,52.33649379,845.11950700],[-113.35852940,52.33646259,844.87048300],[-113.35853120,52.33643278,844.90582300],[-113.35853310,52.33640080,844.92498800],[-113.35853480,52.33637180,844.78509500],[-113.35853650,52.33634290,844.71551500],[-113.35853840,52.33631103,844.58380100],[-113.35854020,52.33628103,844.47113000],[-113.35854230,52.33624696,844.40319800],[-113.35854420,52.33621494,844.68768300],[-113.35854620,52.33618092,844.42340100],[-113.35854820,52.33614678,844.34558100],[-113.35855010,52.33611478,844.30371100],[-113.35855210,52.33608178,844.21350100],[-113.35855400,52.33605084,844.32061800],[-113.35855590,52.33601889,844.17120400],[-113.35855790,52.33598511,844.58398400],[-113.35855980,52.33595226,844.45282000],[-113.35856180,52.33591946,844.40222200],[-113.35856370,52.33588666,844.29150400],[-113.35856570,52.33585380,844.37640400],[-113.35856760,52.33582182,844.10742200],[-113.35856940,52.33579201,843.91937300],[-113.35857120,52.33576127,843.88092000],[-113.35857290,52.33573245,843.60638400],[-113.35857480,52.33570147,843.41918900],[-113.35857680,52.33566833,843.57037400],[-113.35857890,52.33563324,843.29437300],[-113.35858100,52.33559822,843.20770300],[-113.35858290,52.33556620,842.82391400],[-113.35858480,52.33553313,842.72711200],[-113.35858680,52.33550106,842.56091300],[-113.35858870,52.33546904,842.49438500],[-113.35859080,52.33543402,842.39770500],[-113.35859270,52.33540091,842.15387000],[-113.35859450,52.33537075,842.05352800],[-113.35859660,52.33533562,841.87408400],[-113.35859860,52.33530244,841.87451200],[-113.35860060,52.33526926,841.68377700],[-113.35860280,52.33523208,841.74090600],[-113.35860470,52.33520026,841.52111800],[-113.35860670,52.33516633,841.48028600],[-113.35860880,52.33513237,841.28259300],[-113.35861070,52.33510050,841.05639600],[-113.35861270,52.33506555,840.95330800],[-113.35861460,52.33503457,840.62249800],[-113.35861670,52.33499957,840.46838400],[-113.35861880,52.33496340,840.60241700],[-113.35862110,52.33492629,840.36071800],[-113.35862300,52.33489413,840.23840300],[-113.35862470,52.33486475,839.98492400],[-113.35862680,52.33483077,839.94409200],[-113.35862880,52.33479693,839.76678500],[-113.35863070,52.33476408,839.49847400],[-113.35863270,52.33473124,839.28717000],[-113.35863480,52.33469517,838.68719500],[-113.35863700,52.33465900,840.02496300],[-113.35863990,52.33463220,838.83520500],[-113.35864380,52.33459640,838.10668900],[-113.35864730,52.33456446,837.94317600],[-113.35865040,52.33453579,837.68267800],[-113.35865410,52.33450161,837.60931400],[-113.35865720,52.33447278,837.49108900],[-113.35866050,52.33444263,837.18682900],[-113.35866350,52.33441483,836.99511700],[-113.35866690,52.33438417,836.70550500],[-113.35867000,52.33435514,836.42340100],[-113.35867330,52.33432515,836.39697300],[-113.35867670,52.33429404,836.18988000],[-113.35868000,52.33426293,835.92620800],[-113.35868340,52.33423191,835.79278600],[-113.35868730,52.33419635,835.27221700],[-113.35869040,52.33416792,835.26519800],[-113.35869350,52.33413933,834.99292000],[-113.35869640,52.33411261,834.64917000],[-113.35869960,52.33408278,834.41918900],[-113.35870360,52.33404646,833.99047900],[-113.35870680,52.33401631,833.59442100],[-113.35871010,52.33398623,833.53277600],[-113.35871300,52.33395911,833.21972700],[-113.35871670,52.33392554,832.77227800],[-113.35871960,52.33389858,832.46887200],[-113.35872290,52.33386847,832.21472200],[-113.35872600,52.33383972,831.96392800],[-113.35872920,52.33381068,831.65002400],[-113.35873220,52.33378309,831.39398200],[-113.35873530,52.33375426,831.41961700],[-113.35873830,52.33372689,830.94091800],[-113.35874210,52.33369196,830.73901400],[-113.35874590,52.33365683,830.30609100],[-113.35874890,52.33362924,829.94061300],[-113.35875270,52.33359411,829.52478000],[-113.35875600,52.33356384,829.12451200],[-113.35875910,52.33353560,828.75311300],[-113.35876220,52.33350644,828.29150400],[-113.35876530,52.33347808,827.84191900],[-113.35876840,52.33344936,827.46728500],[-113.35877200,52.33341598,827.28649900],[-113.35877510,52.33338812,826.95288100],[-113.35877900,52.33335200,826.65777600],[-113.35879180,52.33333172,826.15087900],[-113.35880780,52.33330641,826.08728000],[-113.35882640,52.33327696,826.06457500],[-113.35884530,52.33324699,826.10900900],[-113.35886390,52.33321755,826.38439900],[-113.35888520,52.33318370,826.79449500],[-113.35890840,52.33314693,827.23419200],[-113.35892880,52.33311466,827.56658900],[-113.35894500,52.33308900,827.94335900],[-113.35895400,52.33305251,827.99340800],[-113.35896130,52.33302325,827.82330300],[-113.35896940,52.33299054,827.66967800],[-113.35897770,52.33295685,827.60437000],[-113.35898650,52.33292137,827.49658200],[-113.35899320,52.33289448,827.49951200],[-113.35900020,52.33286612,827.14257800],[-113.35900730,52.33283741,826.79571500],[-113.35901540,52.33280496,826.26251200],[-113.35902290,52.33277466,826.27197300],[-113.35902990,52.33274629,826.19458000],[-113.35903740,52.33271589,826.22949200],[-113.35904560,52.33268300,826.50189200],[-113.35905430,52.33264779,826.77362100],[-113.35906290,52.33261294,827.02002000],[-113.35907150,52.33257854,827.11969000],[-113.35907950,52.33254592,827.04559300],[-113.35908770,52.33251285,827.00189200],[-113.35909580,52.33248032,826.78851300],[-113.35910460,52.33244476,826.70611600],[-113.35911280,52.33241160,826.56622300],[-113.35912120,52.33237791,826.63232400],[-113.35912880,52.33234706,826.65051300],[-113.35913700,52.33231400,826.07556200],[-113.35915000,52.33216200,825.96984900],[-113.35915220,52.33212612,826.02252200],[-113.35915410,52.33209387,826.39312700],[-113.35915580,52.33206543,826.77710000],[-113.35915770,52.33203432,827.23919700],[-113.35915970,52.33200234,827.88537600],[-113.35916160,52.33196943,828.31091300],[-113.35916360,52.33193765,828.74420200],[-113.35916560,52.33190445,828.98712200],[-113.35916760,52.33187152,829.14892600],[-113.35916940,52.33184174,829.11749300],[-113.35917140,52.33180880,828.97827100],[-113.35917310,52.33178082,828.81012000],[-113.35917490,52.33175004,828.62780800],[-113.35917680,52.33171802,828.44757100],[-113.35917870,52.33168695,828.26068100],[-113.35918080,52.33165206,828.00140400],[-113.35918290,52.33161816,827.87091100],[-113.35918490,52.33158511,827.80212400],[-113.35918690,52.33155211,827.63818400],[-113.35918890,52.33151936,827.60797100],[-113.35919100,52.33148341,827.60668900],[-113.35919330,52.33144637,827.36108400],[-113.35919560,52.33140828,827.45428500],[-113.35919770,52.33137322,827.43341100],[-113.35920000,52.33133514,827.64221200],[-113.35920220,52.33129900,827.60302700],[-113.35920420,52.33126591,827.76501500],[-113.35920600,52.33123600,827.63848900],[-113.35920720,52.33121598,827.73999000],[-113.35920890,52.33118698,827.52838100],[-113.35921100,52.33115205,827.18872100],[-113.35921310,52.33111785,826.84240700],[-113.35921510,52.33108438,826.44921900],[-113.35921710,52.33105142,826.16552700],[-113.35921920,52.33101635,825.69421400],[-113.35922110,52.33098329,825.39630100],[-113.35922320,52.33094845,825.21490500],[-113.35922530,52.33091447,825.17382800],[-113.35922730,52.33088056,825.08709700],[-113.35922920,52.33084865,824.98199500],[-113.35923120,52.33081594,824.93737800],[-113.35923290,52.33078600,824.60308800],[-113.35923460,52.33075781,824.39202900],[-113.35923640,52.33072907,824.37829600],[-113.35923800,52.33070083,824.52728300],[-113.35923990,52.33066910,824.35461400],[-113.35924170,52.33064019,824.25799600],[-113.35924360,52.33060758,824.37139900],[-113.35924570,52.33057360,824.35022000],[-113.35924760,52.33054070,824.40478500],[-113.35924930,52.33051343,824.49798600],[-113.35925110,52.33048252,824.30407700],[-113.35925300,52.33045100,824.51403800],[-113.35925560,52.33042702,825.15850800],[-113.35925890,52.33039616,825.50970500],[-113.35926270,52.33036203,825.98602300],[-113.35926590,52.33033216,826.04467800],[-113.35926960,52.33029806,826.27960200],[-113.35927300,52.33026651,826.20062300],[-113.35927690,52.33023059,826.67370600],[-113.35928090,52.33019367,827.06750500],[-113.35928470,52.33015858,827.45831300],[-113.35928840,52.33012469,827.72857700],[-113.35929220,52.33008989,827.98107900],[-113.35929590,52.33005603,828.19171100],[-113.35929900,52.33002700,828.10839800],[-113.35930110,52.32999900,828.23449700],[-113.35930330,52.32996909,828.15490700],[-113.35930560,52.32993815,828.09362800],[-113.35930860,52.32989721,828.33441200],[-113.35931100,52.32986425,828.48162800],[-113.35931360,52.32982927,828.41650400],[-113.35931590,52.32979838,828.43768300],[-113.35931840,52.32976432,828.51312300],[-113.35932100,52.32973019,828.27661100],[-113.35932350,52.32969623,828.41870100],[-113.35932600,52.32966228,828.45562700],[-113.35932860,52.32962729,828.53118900],[-113.35933110,52.32959328,828.66931200],[-113.35933360,52.32955929,828.70391800],[-113.35933610,52.32952539,828.66381800],[-113.35933850,52.32949337,828.71710200],[-113.35934090,52.32946033,828.43627900],[-113.35934340,52.32942723,828.19238300],[-113.35934540,52.32940018,828.05188000],[-113.35934780,52.32936716,827.72552500],[-113.35935030,52.32933417,827.52337600],[-113.35935260,52.32930304,827.30212400],[-113.35935470,52.32927399,826.91320800],[-113.35935700,52.32924300,826.51641800],[-113.35935800,52.32923700,826.63897700],[-113.35935900,52.32922403,826.22259500],[-113.35936120,52.32919586,825.92120400],[-113.35936350,52.32916570,825.59021000],[-113.35936600,52.32913300,825.36682100],[-113.35936560,52.32909997,824.62231400],[-113.35936530,52.32906994,823.52117900],[-113.35936500,52.32903896,822.31268300],[-113.35936460,52.32900801,821.19091800],[-113.35936440,52.32898100,820.27490200],[-113.35936400,52.32894901,819.40441900],[-113.35936370,52.32891998,818.98211700],[-113.35936340,52.32889000,818.65747100],[-113.35936300,52.32885600,818.63482700],[-113.35936480,52.32883102,818.45080600],[-113.35936670,52.32880373,818.45770300],[-113.35936860,52.32877620,818.45837400],[-113.35937080,52.32874398,818.45178200],[-113.35937320,52.32871025,818.67919900],[-113.35937560,52.32867615,818.52972400],[-113.35937790,52.32864329,818.39270000],[-113.35938020,52.32861048,818.39807100],[-113.35938250,52.32857752,818.44897500],[-113.35938480,52.32854547,818.31420900],[-113.35938680,52.32851665,819.59100300],[-113.35938890,52.32848571,819.41229200],[-113.35939100,52.32845577,819.22332800],[-113.35939340,52.32842178,818.81530800],[-113.35939600,52.32838500,818.34106400],[-113.35942100,52.32821700,823.12164300],[-113.35942100,52.32821199,823.24908400],[-113.35942120,52.32818200,823.15979000],[-113.35942140,52.32814901,823.11328100],[-113.35942160,52.32811501,823.14721700],[-113.35942180,52.32807901,823.29571500],[-113.35942210,52.32804300,823.28887900],[-113.35942230,52.32800798,823.07232700],[-113.35942250,52.32797097,823.37268100],[-113.35942270,52.32793800,823.05969200],[-113.35942290,52.32790299,822.98870800],[-113.35942310,52.32786899,822.99377400],[-113.35942330,52.32783399,822.94751000],[-113.35942360,52.32779899,822.65478500],[-113.35942380,52.32776499,822.46728500],[-113.35942400,52.32772800,822.33856200],[-113.35942400,52.32771900,822.44641100],[-113.35942400,52.32768700,822.26312300],[-113.35942350,52.32765302,822.07489000],[-113.35942310,52.32762004,822.06848100],[-113.35942270,52.32759308,822.14721700],[-113.35942230,52.32756309,822.14990200],[-113.35942180,52.32753009,822.17108200],[-113.35942140,52.32749611,822.15210000],[-113.35942100,52.32746612,822.01507600],[-113.35942050,52.32743314,821.99578900],[-113.35942010,52.32740618,821.86090100],[-113.35941960,52.32737031,821.89990200],[-113.35941920,52.32733553,821.79681400],[-113.35941870,52.32730357,822.00958300],[-113.35941820,52.32726853,822.10168500],[-113.35941780,52.32723446,822.27581800],[-113.35941730,52.32720135,822.23541300],[-113.35941690,52.32716821,822.29669200],[-113.35941640,52.32713508,822.35858200],[-113.35941600,52.32710500,822.60443100],[-113.35941570,52.32709302,822.81427000],[-113.35941480,52.32706104,823.10028100],[-113.35941400,52.32702806,823.25531000],[-113.35941310,52.32699508,823.64837600],[-113.35941220,52.32696112,823.92620800],[-113.35941130,52.32692711,824.06451400],[-113.35941030,52.32688908,824.24102800],[-113.35940930,52.32685406,824.42077600],[-113.35940830,52.32681506,824.75811800],[-113.35940730,52.32677903,825.22302200],[-113.35940630,52.32674106,825.55059800],[-113.35940530,52.32670407,825.89251700],[-113.35940440,52.32666906,826.05072000],[-113.35940350,52.32663607,826.18219000],[-113.35940250,52.32659909,826.44598400],[-113.35940160,52.32656405,826.53112800],[-113.35940070,52.32653005,826.67639200],[-113.35939980,52.32649704,826.74231000],[-113.35939890,52.32646300,826.88159200],[-113.35939810,52.32643290,826.83349600],[-113.35939730,52.32640085,827.00531000],[-113.35939650,52.32637094,826.88787800],[-113.35939560,52.32633897,826.92828400],[-113.35939470,52.32630401,826.97631800],[-113.35939380,52.32627105,826.86212200],[-113.35939300,52.32623904,826.82531700],[-113.35939210,52.32620710,826.74017300],[-113.35939120,52.32617307,826.84710700],[-113.35939040,52.32614204,826.75262500],[-113.35938940,52.32610501,826.69830300],[-113.35938840,52.32606902,826.53887900],[-113.35938760,52.32603600,826.47113000],[-113.35938670,52.32600207,826.25280800],[-113.35938570,52.32596505,826.45019500],[-113.35938470,52.32592706,826.54101600],[-113.35938380,52.32589299,826.85308800],[-113.35938280,52.32585596,826.98767100],[-113.35938170,52.32581698,827.14440900],[-113.35938080,52.32578198,827.27880900],[-113.35938000,52.32575200,827.12774700],[-113.35937950,52.32573198,826.88421600],[-113.35937870,52.32570100,826.82550000],[-113.35937790,52.32567102,826.79382300],[-113.35937710,52.32564099,826.85681200],[-113.35937640,52.32561098,826.89721700],[-113.35937560,52.32558098,827.04492200],[-113.35937480,52.32554901,827.11401400],[-113.35937390,52.32551703,827.21368400],[-113.35937310,52.32548500,827.23291000],[-113.35937230,52.32545497,827.48828100],[-113.35937150,52.32542397,827.51922600],[-113.35937070,52.32539103,827.41241500],[-113.35936980,52.32535704,827.53558300],[-113.35936890,52.32532304,827.59967000],[-113.35936810,52.32529104,827.52063000],[-113.35936720,52.32525805,827.59680200],[-113.35936630,52.32522305,827.65008500],[-113.35936550,52.32519008,827.74231000],[-113.35936460,52.32515708,827.91931200],[-113.35936380,52.32512607,828.19470200],[-113.35936300,52.32509400,828.24542200],[-113.35936280,52.32508602,828.17742900],[-113.35936190,52.32505604,828.39489700],[-113.35936090,52.32502012,828.68890400],[-113.35936010,52.32499315,828.80102500],[-113.35935920,52.32496310,828.84771700],[-113.35935840,52.32493203,829.02752700],[-113.35935740,52.32490003,829.05908200],[-113.35935660,52.32487093,829.17791700],[-113.35935580,52.32484292,829.33642600],[-113.35935490,52.32481095,829.48608400],[-113.35935390,52.32477797,829.72808800],[-113.35935310,52.32474797,829.98468000],[-113.35935220,52.32471606,830.03369100],[-113.35935130,52.32468703,830.20727500],[-113.35935050,52.32465910,830.27160600],[-113.35934960,52.32462805,830.26507600],[-113.35934880,52.32459803,830.19470200],[-113.35934780,52.32456497,829.98522900],[-113.35934700,52.32453600,829.82519500],[-113.35934560,52.32451090,829.30627400],[-113.35934350,52.32447505,828.95550500],[-113.35934170,52.32444409,828.71637000],[-113.35934000,52.32441415,828.51422100],[-113.35933810,52.32438121,828.50817900],[-113.35933660,52.32435403,828.42358400],[-113.35933470,52.32432207,828.40637200],[-113.35933310,52.32429330,828.62591600],[-113.35933100,52.32425724,828.72912600],[-113.35932920,52.32422636,829.06311000],[-113.35932760,52.32419833,828.98700000],[-113.35932580,52.32416615,829.23230000],[-113.35932390,52.32413324,829.28881800],[-113.35932220,52.32410421,829.39379900],[-113.35932050,52.32407318,829.46722400],[-113.35931870,52.32404224,829.65002400],[-113.35931670,52.32400705,829.62402300],[-113.35931500,52.32397794,828.92108200],[-113.35931330,52.32394802,828.94000200],[-113.35931160,52.32391901,828.80999800],[-113.35931000,52.32389109,828.58471700],[-113.35930810,52.32385804,828.70129400],[-113.35930630,52.32382614,828.69921900],[-113.35930460,52.32379607,828.67480500],[-113.35930260,52.32376207,828.78790300],[-113.35930080,52.32373007,828.86560100],[-113.35929880,52.32369507,828.98669400],[-113.35929700,52.32366313,829.08599900],[-113.35929510,52.32363008,829.23309300],[-113.35929320,52.32359817,829.14538600],[-113.35929140,52.32356616,829.17297400],[-113.35928950,52.32353310,829.33898900],[-113.35928780,52.32350313,829.37841800],[-113.35928590,52.32347104,829.60022000],[-113.35928420,52.32344008,829.74011200],[-113.35928230,52.32340710,829.90667700],[-113.35928060,52.32337799,829.97357200],[-113.35927910,52.32335104,830.13201900],[-113.35927730,52.32332006,830.23199500],[-113.35927550,52.32328910,830.31359900],[-113.35927360,52.32325614,830.40667700],[-113.35927180,52.32322409,830.39477500],[-113.35926990,52.32319111,830.53247100],[-113.35926820,52.32316208,830.47821000],[-113.35926640,52.32313008,830.63568100],[-113.35926470,52.32310016,830.82879600],[-113.35926290,52.32306905,830.89160200],[-113.35926090,52.32303500,830.99560500],[-113.35925920,52.32300412,831.20361300],[-113.35925730,52.32297110,831.38262900],[-113.35925560,52.32294220,831.60339400],[-113.35925380,52.32291105,831.71569800],[-113.35925210,52.32288093,831.99438500],[-113.35925020,52.32284791,832.26690700],[-113.35924850,52.32281803,832.41387900],[-113.35924660,52.32278497,832.69177200],[-113.35924490,52.32275496,832.99298100],[-113.35924300,52.32272291,833.24939000],[-113.35924130,52.32269301,833.47631800],[-113.35923950,52.32266095,833.78582800],[-113.35923770,52.32262992,833.99890100],[-113.35923580,52.32259688,834.29498300],[-113.35923390,52.32256409,834.43371600],[-113.35923230,52.32253499,834.63659700],[-113.35923040,52.32250303,834.78710900],[-113.35922870,52.32247296,835.13501000],[-113.35922700,52.32244300,835.13970900],[-113.35922640,52.32243297,834.94732700],[-113.35922440,52.32240076,835.18487500],[-113.35922260,52.32237312,835.07342500],[-113.35922050,52.32233864,835.15777600],[-113.35921860,52.32230843,835.19378700],[-113.35921690,52.32228147,835.24572800],[-113.35921500,52.32224963,835.04241900],[-113.35921320,52.32222174,834.92761200],[-113.35921150,52.32219487,834.66772500],[-113.35920930,52.32215902,834.36169400],[-113.35920720,52.32212504,834.09057600],[-113.35920610,52.32210816,833.74682600],[-113.35920550,52.32209715,833.68310500],[-113.35920460,52.32208392,833.56762700],[-113.35920420,52.32207679,833.52117900],[-113.35920370,52.32206868,833.50079300],[-113.35920330,52.32206169,833.30169700],[-113.35920280,52.32205479,833.18750000],[-113.35920210,52.32204388,833.11871300],[-113.35920070,52.32202101,832.99353000],[-113.35919960,52.32200364,832.79772900],[-113.35919850,52.32198545,832.67431600],[-113.35919710,52.32196235,832.50207500],[-113.35919610,52.32194732,832.18719500],[-113.35919500,52.32192851,832.04150400],[-113.35919380,52.32190970,831.94097900],[-113.35919250,52.32188975,831.75769000],[-113.35919150,52.32187278,831.12060500],[-113.35919020,52.32185285,831.01062000],[-113.35918910,52.32183388,830.98510700],[-113.35918770,52.32181187,830.91412400],[-113.35918640,52.32179180,830.79968300],[-113.35918510,52.32176990,830.85681200],[-113.35918450,52.32175992,830.69921900],[-113.35918380,52.32174989,830.68450900],[-113.35918280,52.32173386,830.72839400],[-113.35918230,52.32172488,830.72882100],[-113.35918170,52.32171487,830.80328400],[-113.35918050,52.32169685,830.77160600],[-113.35917990,52.32168689,830.74072300],[-113.35917850,52.32166492,830.89221200],[-113.35917790,52.32165396,830.88140900],[-113.35917640,52.32163094,830.94952400],[-113.35917560,52.32161792,830.99408000],[-113.35917490,52.32160691,831.07672100],[-113.35917290,52.32157391,831.10760500],[-113.35917220,52.32156293,831.21868900],[-113.35917060,52.32153787,831.51812700],[-113.35916990,52.32152686,831.52221700],[-113.35916910,52.32151286,831.68261700],[-113.35916830,52.32149988,831.82318100],[-113.35916750,52.32148789,832.01110800],[-113.35916670,52.32147491,832.06628400],[-113.35916520,52.32145002,832.12542700],[-113.35916400,52.32143088,832.31628400],[-113.35916330,52.32142088,832.30481000],[-113.35916270,52.32140987,832.40222200],[-113.35916120,52.32138595,832.67187500],[-113.35916050,52.32137497,832.67297400],[-113.35915910,52.32135297,832.87207000],[-113.35915800,52.32133500,833.03649900],[-113.35915740,52.32132710,833.24182100],[-113.35915590,52.32130614,833.42102100],[-113.35915510,52.32129513,833.48779300],[-113.35915430,52.32128418,833.54071000],[-113.35915280,52.32126422,833.54010000],[-113.35915210,52.32125413,833.73059100],[-113.35915150,52.32124607,833.73767100],[-113.35915050,52.32123218,833.76892100],[-113.35914960,52.32122020,833.73651100],[-113.35914880,52.32121011,833.75921600],[-113.35914830,52.32120210,833.70507800],[-113.35914660,52.32118006,833.72369400],[-113.35914500,52.32115816,833.65179400],[-113.35914340,52.32113521,833.68310500],[-113.35914180,52.32111433,833.60467500],[-113.35914120,52.32110632,833.33367900],[-113.35913900,52.32107635,833.60681200],[-113.35913730,52.32105235,833.67657500],[-113.35913630,52.32103943,833.55181900],[-113.35913460,52.32101564,833.57550000],[-113.35913280,52.32099172,833.63629200],[-113.35913200,52.32097977,833.67169200],[-113.35913110,52.32096774,833.67370600],[-113.35912840,52.32093156,833.74682600],[-113.35912670,52.32090850,833.84582500],[-113.35912590,52.32089647,833.86779800],[-113.35912400,52.32087149,833.76049800],[-113.35912310,52.32085949,833.83258100],[-113.35912140,52.32083543,833.91082800],[-113.35911960,52.32081137,833.99939000],[-113.35911790,52.32078736,834.15692100],[-113.35911530,52.32075315,833.22802700],[-113.35911370,52.32073114,833.29040500],[-113.35911210,52.32070913,833.38952600],[-113.35911050,52.32068715,833.41680900],[-113.35910890,52.32066509,833.52227800],[-113.35910710,52.32064008,833.48028600],[-113.35910520,52.32061505,833.40997300],[-113.35910350,52.32059207,833.44061300],[-113.35910190,52.32057003,833.40570100],[-113.35910030,52.32054796,833.27587900],[-113.35909900,52.32053000,833.26879900],[-113.35909740,52.32050818,833.24951200],[-113.35909580,52.32048706,833.17242400],[-113.35909420,52.32046508,832.96740700],[-113.35909260,52.32044315,832.94879200],[-113.35909110,52.32042219,832.80230700],[-113.35909020,52.32041024,832.81878700],[-113.35908850,52.32038621,832.85888700],[-113.35908670,52.32036228,832.91778600],[-113.35908570,52.32034931,832.95312500],[-113.35908490,52.32033739,832.97198500],[-113.35908340,52.32031726,831.44787600],[-113.35908160,52.32029234,831.92797900],[-113.35908070,52.32028023,831.92810100],[-113.35907840,52.32024915,832.01330600],[-113.35907700,52.32023000,832.22515900],[-113.35907570,52.32021180,832.00610400],[-113.35907390,52.32018579,831.84570300],[-113.35907250,52.32016601,831.78210400],[-113.35907100,52.32014516,831.91040000],[-113.35906960,52.32012406,831.95739700],[-113.35906820,52.32010515,831.98407000],[-113.35906670,52.32008324,832.03930700],[-113.35906470,52.32005401,832.11102300],[-113.35906320,52.32003300,832.10479700],[-113.35906180,52.32001308,832.03131100],[-113.35906070,52.31999722,832.05572500],[-113.35905910,52.31997528,831.97918700],[-113.35905770,52.31995519,832.11389200],[-113.35905610,52.31993221,832.06109600],[-113.35905460,52.31991127,831.89129600],[-113.35905300,52.31988831,831.87170400],[-113.35905150,52.31986633,831.69427500],[-113.35905000,52.31984537,831.55871600],[-113.35904840,52.31982233,831.61010700],[-113.35904770,52.31981224,831.59887700],[-113.35904540,52.31977941,831.28961200],[-113.35904380,52.31975645,831.20141600],[-113.35904300,52.31974547,831.16052200],[-113.35904150,52.31972351,831.01031500],[-113.35903990,52.31970150,831.04901100],[-113.35903850,52.31968051,830.90661600],[-113.35903710,52.31966176,830.80627400],[-113.35903520,52.31963381,830.36938500],[-113.35903440,52.31962280,830.37652600],[-113.35903290,52.31960079,830.45648200],[-113.35903150,52.31958156,829.57531700],[-113.35902930,52.31955041,829.38861100],[-113.35902860,52.31953938,829.33752400],[-113.35902700,52.31951739,829.02221700],[-113.35902550,52.31949641,829.03601100],[-113.35902400,52.31947439,828.85308800],[-113.35902190,52.31944447,828.70752000],[-113.35902050,52.31942435,828.65551800],[-113.35901890,52.31940132,828.60430900],[-113.35901730,52.31937925,828.45642100],[-113.35901680,52.31937214,828.39599600],[-113.35901490,52.31934403,828.22491500],[-113.35901270,52.31931290,828.09588600],[-113.35901120,52.31929186,827.95770300],[-113.35900960,52.31926883,827.84918200],[-113.35900890,52.31925879,827.81097400],[-113.35900800,52.31924684,827.82891800],[-113.35900730,52.31923589,827.84912100],[-113.35900580,52.31921498,827.68792700],[-113.35900440,52.31919483,827.68988000],[-113.35900370,52.31918480,827.65319800],[-113.35900120,52.31914989,827.75531000],[-113.35899970,52.31912806,827.65539600],[-113.35899900,52.31911800,827.81152300],[-113.35899850,52.31910205,828.15490700],[-113.35899800,52.31908499,828.25952100],[-113.35899740,52.31906401,828.43658400],[-113.35899690,52.31904409,828.61090100],[-113.35899630,52.31902416,828.61621100],[-113.35899570,52.31900306,828.81451400],[-113.35899500,52.31898103,828.73059100],[-113.35899440,52.31895898,828.93048100],[-113.35899370,52.31893598,828.90942400],[-113.35899310,52.31891400,828.99548300],[-113.35899240,52.31889198,829.11908000],[-113.35899190,52.31887196,829.14508100],[-113.35899120,52.31884994,829.11499000],[-113.35899040,52.31882295,829.68512000],[-113.35898990,52.31880293,829.57501200],[-113.35898930,52.31878293,829.38061500],[-113.35898860,52.31875998,829.36499000],[-113.35898800,52.31873989,829.13391100],[-113.35898750,52.31872283,828.97778300],[-113.35898690,52.31869985,828.78668200],[-113.35898620,52.31867589,828.83160400],[-113.35898550,52.31865094,828.73742700],[-113.35898510,52.31863997,828.63519300],[-113.35898410,52.31860401,828.65930200],[-113.35898380,52.31859201,828.57061800],[-113.35898300,52.31856501,828.61108400],[-113.35898230,52.31854202,828.75549300],[-113.35898190,52.31852899,828.77758800],[-113.35898130,52.31850593,828.85052500],[-113.35898060,52.31848484,828.89880400],[-113.35898000,52.31846280,828.79998800],[-113.35897930,52.31843881,829.62420700],[-113.35897870,52.31841871,829.67572000],[-113.35897810,52.31839573,829.80639600],[-113.35897740,52.31837278,829.69220000],[-113.35897670,52.31834984,829.80377200],[-113.35897610,52.31832884,829.58660900],[-113.35897550,52.31830879,829.50219700],[-113.35897490,52.31828583,829.41571000],[-113.35897420,52.31826393,829.42907700],[-113.35897360,52.31824099,829.20861800],[-113.35897290,52.31821800,829.05920400],[-113.35897230,52.31819594,828.74139400],[-113.35897190,52.31818296,828.84729000],[-113.35897100,52.31815200,828.67907700],[-113.35897130,52.31813208,827.33001700],[-113.35897160,52.31811006,827.32879600],[-113.35897190,52.31809010,827.24237100],[-113.35897210,52.31808014,827.40338100],[-113.35897240,52.31805819,827.44909700],[-113.35897280,52.31803715,827.41259800],[-113.35897310,52.31801411,827.48407000],[-113.35897330,52.31800310,827.50610400],[-113.35897350,52.31799107,827.60858200],[-113.35897360,52.31798005,827.57037400],[-113.35897400,52.31795606,827.78057900],[-113.35897420,52.31794505,827.82659900],[-113.35897450,52.31792205,827.76861600],[-113.35897500,52.31789000,827.98126200],[-113.35898500,52.31777800,828.68615700],[-113.35900600,52.31765900,829.00750700],[-113.35900790,52.31764787,828.88067600],[-113.35900960,52.31763797,828.83532700],[-113.35901090,52.31763019,828.88897700],[-113.35901210,52.31762320,828.85272200],[-113.35901420,52.31761114,829.03363000],[-113.35901620,52.31759908,829.14093000],[-113.35901810,52.31758801,829.14288300],[-113.35902000,52.31757694,829.10577400],[-113.35902190,52.31756580,829.16870100],[-113.35902380,52.31755486,829.21698000],[-113.35902560,52.31754391,829.28161600],[-113.35902750,52.31753297,829.27179000],[-113.35902940,52.31752196,829.31402600],[-113.35903140,52.31751003,829.37329100],[-113.35903310,52.31750001,829.45037800],[-113.35903500,52.31748900,829.25122100],[-113.35903650,52.31748009,828.84759500],[-113.35903790,52.31747131,828.87347400],[-113.35904100,52.31745269,828.92498800],[-113.35904290,52.31744167,828.89520300],[-113.35904470,52.31743073,828.83117700],[-113.35904670,52.31741860,828.89398200],[-113.35904890,52.31740549,828.82189900],[-113.35905110,52.31739231,828.85961900],[-113.35905310,52.31738031,828.83697500],[-113.35905520,52.31736720,828.88751200],[-113.35905710,52.31735613,828.95819100],[-113.35905920,52.31734314,829.09362800],[-113.35906120,52.31733108,829.14117400],[-113.35906340,52.31731815,829.17700200],[-113.35906540,52.31730609,829.24298100],[-113.35906760,52.31729310,829.40252700],[-113.35906960,52.31728103,829.54870600],[-113.35907170,52.31726792,829.68060300],[-113.35907390,52.31725493,829.79052700],[-113.35907610,52.31724194,829.86047400],[-113.35907820,52.31722889,829.94122300],[-113.35908040,52.31721584,829.99408000],[-113.35908240,52.31720372,830.11572300],[-113.35908440,52.31719165,830.25720200],[-113.35908640,52.31717965,830.38079800],[-113.35908840,52.31716759,830.43420400],[-113.35909340,52.31713740,829.80932600],[-113.35909400,52.31713400,830.47528100],[-113.35909480,52.31712957,829.88537600],[-113.35909630,52.31712054,829.94000200],[-113.35909810,52.31711046,829.94531300],[-113.35910300,52.31708197,830.12628200],[-113.35910610,52.31706417,830.30322300],[-113.35910800,52.31705304,830.30078100],[-113.35911000,52.31704190,830.38519300],[-113.35911190,52.31703090,830.58447300],[-113.35911390,52.31701890,830.66998300],[-113.35911580,52.31700790,830.75299100],[-113.35911960,52.31698608,830.98407000],[-113.35912190,52.31697309,831.06817600],[-113.35912380,52.31696202,831.14050300],[-113.35912610,52.31694891,831.24139400],[-113.35912970,52.31692782,831.56561300],[-113.35913180,52.31691589,831.69921900],[-113.35913370,52.31690495,831.78540000],[-113.35913560,52.31689394,831.89929200],[-113.35913750,52.31688281,832.06787100],[-113.35913980,52.31686976,832.22839400],[-113.35914170,52.31685882,832.37677000],[-113.35914360,52.31684769,832.47528100],[-113.35914760,52.31682437,832.71417200],[-113.35914960,52.31681330,832.89910900],[-113.35915150,52.31680229,832.95880100],[-113.35915350,52.31679036,833.07611100],[-113.35915540,52.31677942,833.20330800],[-113.35915750,52.31676729,833.27972400],[-113.35915960,52.31675536,833.44458000],[-113.35916360,52.31673217,833.48278800],[-113.35916680,52.31671364,833.73242200],[-113.35916860,52.31670356,833.84027100],[-113.35917030,52.31669360,833.92498800],[-113.35917180,52.31668489,834.02911400],[-113.35917330,52.31667619,834.09668000],[-113.35917500,52.31666643,834.14831500],[-113.35917680,52.31665634,834.21752900],[-113.35917810,52.31664850,834.35272200],[-113.35918000,52.31663775,834.46228000],[-113.35918320,52.31661896,834.79589800],[-113.35918520,52.31660782,834.92022700],[-113.35918680,52.31659867,834.91680900],[-113.35918870,52.31658747,834.94549600],[-113.35919030,52.31657825,835.03582800],[-113.35919210,52.31656804,835.09112500],[-113.35919380,52.31655796,835.05950900],[-113.35919660,52.31654188,835.64099100],[-113.35919900,52.31652800,836.45330800],[-113.35925600,52.31626000,838.34027100],[-113.35925790,52.31624575,837.99090600],[-113.35925910,52.31623666,837.97351100],[-113.35926040,52.31622757,837.91351300],[-113.35926200,52.31621560,837.92572000],[-113.35926370,52.31620259,837.97540300],[-113.35926530,52.31619062,837.94268800],[-113.35926710,52.31617755,837.97369400],[-113.35926870,52.31616553,838.04510500],[-113.35927040,52.31615252,837.98657200],[-113.35927220,52.31613951,838.02130100],[-113.35927390,52.31612650,838.10260000],[-113.35927550,52.31611443,838.08557100],[-113.35927730,52.31610132,838.05340600],[-113.35927910,52.31608815,838.14270000],[-113.35928080,52.31607514,838.21289100],[-113.35928260,52.31606208,838.24621600],[-113.35928430,52.31604911,838.24731400],[-113.35928610,52.31603595,838.37872300],[-113.35928810,52.31602090,838.38281300],[-113.35928900,52.31601400,839.24609400],[-113.35929000,52.31600776,838.35168500],[-113.35929210,52.31599459,838.41430700],[-113.35929410,52.31598165,838.44097900],[-113.35929630,52.31596772,838.53949000],[-113.35929830,52.31595478,838.51739500],[-113.35930040,52.31594185,838.52612300],[-113.35930260,52.31592792,838.66101100],[-113.35930460,52.31591492,838.70227100],[-113.35930680,52.31590081,838.68719500],[-113.35930910,52.31588659,838.66510000],[-113.35931130,52.31587255,838.71649200],[-113.35931350,52.31585862,838.81469700],[-113.35931570,52.31584475,838.87750200],[-113.35931770,52.31583181,838.78527800],[-113.35931990,52.31581788,838.81652800],[-113.35932210,52.31580383,838.93939200],[-113.35932420,52.31579072,838.89550800],[-113.35932640,52.31577661,838.90509000],[-113.35932850,52.31576362,839.05987500],[-113.35933050,52.31575068,839.19622800],[-113.35933270,52.31573675,839.15588400],[-113.35933490,52.31572276,839.18060300],[-113.35933730,52.31570778,839.29168700],[-113.35933950,52.31569368,839.39752200],[-113.35934170,52.31567975,839.58422900],[-113.35934390,52.31566576,839.64538600],[-113.35934610,52.31565183,839.72900400],[-113.35934830,52.31563773,839.88800000],[-113.35935050,52.31562380,840.06671100],[-113.35935270,52.31560981,840.32452400],[-113.35935500,52.31559570,840.53112800],[-113.35935720,52.31558154,840.67450000],[-113.35935940,52.31556767,840.81372100],[-113.35936160,52.31555380,840.96392800],[-113.35936410,52.31553795,841.17230200],[-113.35936630,52.31552396,841.30450400],[-113.35936850,52.31551009,841.37280300],[-113.35937070,52.31549598,841.27307100],[-113.35937260,52.31548403,841.35858200],[-113.35937400,52.31547500,841.50842300],[-113.35937560,52.31546541,841.83667000],[-113.35937690,52.31545743,841.79180900],[-113.35937850,52.31544759,841.82452400],[-113.35938060,52.31543472,841.81848100],[-113.35938250,52.31542365,841.81280500],[-113.35938430,52.31541257,841.80822800],[-113.35938630,52.31540063,841.77447500],[-113.35938830,52.31538863,841.67120400],[-113.35939020,52.31537675,841.64660600],[-113.35939290,52.31536055,841.13427700],[-113.35939500,52.31534750,840.99627700],[-113.35939720,52.31533444,840.91430700],[-113.35939950,52.31532052,840.91021700],[-113.35940180,52.31530648,840.90490700],[-113.35940400,52.31529343,840.72338900],[-113.35940630,52.31527951,840.73889200],[-113.35940840,52.31526664,840.85400400],[-113.35941070,52.31525260,840.84198000],[-113.35941300,52.31523856,840.79071000],[-113.35941530,52.31522451,840.80841100],[-113.35941780,52.31520936,840.82238800],[-113.35942020,52.31519526,840.83148200],[-113.35942260,52.31518022,840.94317600],[-113.35942500,52.31516618,840.96991000],[-113.35942730,52.31515214,840.98529100],[-113.35942960,52.31513804,840.92932100],[-113.35943170,52.31512511,840.97711200],[-113.35943370,52.31511305,841.06189000],[-113.35943590,52.31509999,841.10742200],[-113.35943790,52.31508799,841.10711700],[-113.35943970,52.31507704,841.13647500],[-113.35944100,52.31506900,841.25915500],[-113.35944210,52.31506274,841.02819800],[-113.35944340,52.31505563,841.04278600],[-113.35944530,52.31504469,841.13458300],[-113.35944720,52.31503375,841.15289300],[-113.35944930,52.31502182,841.34820600],[-113.35945160,52.31500871,841.47497600],[-113.35945390,52.31499579,841.59649700],[-113.35945610,52.31498294,841.66290300],[-113.35945840,52.31496990,841.76367200],[-113.35946070,52.31495685,841.96997100],[-113.35946300,52.31494387,842.15301500],[-113.35946530,52.31493095,842.34002700],[-113.35946790,52.31491612,842.47967500],[-113.35947020,52.31490314,842.65087900],[-113.35947260,52.31488930,842.88110400],[-113.35947490,52.31487626,843.06420900],[-113.35947720,52.31486334,843.20397900],[-113.35947940,52.31485062,843.38708500],[-113.35948170,52.31483777,843.58068800],[-113.35948380,52.31482584,843.79980500],[-113.35948600,52.31481286,843.84088100],[-113.35948820,52.31480080,843.98968500],[-113.35949050,52.31478775,844.17260700],[-113.35949280,52.31477458,844.30780000],[-113.35949490,52.31476252,844.41668700],[-113.35949740,52.31474842,844.53051800],[-113.35949980,52.31473432,844.66790800],[-113.35950210,52.31472134,844.81811500],[-113.35950470,52.31470644,844.97711200],[-113.35950720,52.31469254,845.09668000],[-113.35950970,52.31467850,845.11718800],[-113.35951230,52.31466348,845.20428500],[-113.35951480,52.31464938,845.31298800],[-113.35951710,52.31463633,845.44769300],[-113.35951900,52.31462513,845.56890900],[-113.35952070,52.31461591,845.62219200],[-113.35952100,52.31461400,845.65844700],[-113.35952330,52.31460167,845.42871100],[-113.35952510,52.31459166,845.45898400],[-113.35952730,52.31457968,845.41040000],[-113.35952940,52.31456854,845.47668500],[-113.35953180,52.31455550,845.55548100],[-113.35953420,52.31454233,845.59472700],[-113.35953660,52.31452935,845.59600800],[-113.35953910,52.31451532,845.69171100],[-113.35954150,52.31450228,845.80920400],[-113.35954390,52.31448931,845.85858200],[-113.35954630,52.31447640,845.90759300],[-113.35954910,52.31446132,846.00048800],[-113.35955160,52.31444736,846.21258500],[-113.35955420,52.31443333,846.45269800],[-113.35955680,52.31441930,846.52380400],[-113.35955920,52.31440612,846.62207000],[-113.35956160,52.31439308,846.78259300],[-113.35956420,52.31437898,846.95782500],[-113.35956660,52.31436608,847.19281000],[-113.35956900,52.31435317,847.46929900],[-113.35957150,52.31433921,847.58477800],[-113.35957420,52.31432440,847.76812700],[-113.35957680,52.31431044,848.01818800],[-113.35957940,52.31429654,848.25000000],[-113.35958190,52.31428251,848.41070600],[-113.35958450,52.31426862,848.53540000],[-113.35958690,52.31425565,848.76300000],[-113.35958940,52.31424176,848.89831500],[-113.35959200,52.31422793,849.03942900],[-113.35959450,52.31421410,849.15588400],[-113.35959710,52.31420014,849.24578900],[-113.35959960,52.31418625,849.43512000],[-113.35960200,52.31417314,849.57629400],[-113.35960430,52.31416109,849.69378700],[-113.35960630,52.31415009,849.71362300],[-113.35960870,52.31413718,849.76178000],[-113.35961090,52.31412526,849.87829600],[-113.35961340,52.31411130,850.04589800],[-113.35961600,52.31409734,850.15930200],[-113.35961860,52.31408338,850.30847200],[-113.35962090,52.31407041,850.44928000],[-113.35962330,52.31405737,850.62249800],[-113.35962590,52.31404334,850.84491000],[-113.35962830,52.31403030,851.01739500],[-113.35963090,52.31401634,851.09613000],[-113.35963320,52.31400343,851.32720900],[-113.35963580,52.31398947,851.49957300],[-113.35963840,52.31397558,851.60107400],[-113.35964080,52.31396260,851.68389900],[-113.35964350,52.31394765,851.83300800],[-113.35964610,52.31393369,851.99188200],[-113.35964860,52.31391980,852.19622800],[-113.35965120,52.31390584,852.32568400],[-113.35965360,52.31389273,852.44049100],[-113.35965620,52.31387870,852.60711700],[-113.35965880,52.31386467,852.68969700],[-113.35966130,52.31385057,852.82501200],[-113.35966630,52.31382357,853.13391100],[-113.35966890,52.31380954,853.27380400],[-113.35967140,52.31379565,853.39868200],[-113.35967400,52.31378162,853.52972400],[-113.35967620,52.31376957,853.68792700],[-113.35967880,52.31375567,853.85668900],[-113.35968120,52.31374256,853.89001500],[-113.35968360,52.31372959,854.04229700],[-113.35968600,52.31371655,854.14477500],[-113.35968840,52.31370358,854.27612300],[-113.35969080,52.31369053,854.22778300],[-113.35969330,52.31367671,854.35711700],[-113.35969550,52.31366459,854.47277800],[-113.35969790,52.31365161,854.52978500],[-113.35970030,52.31363857,854.57458500],[-113.35970240,52.31362744,854.69580100],[-113.35970460,52.31361552,854.70019500],[-113.35970650,52.31360472,854.83068800],[-113.35970840,52.31359465,854.86297600],[-113.35971060,52.31358259,854.89587400],[-113.35971290,52.31357040,854.94842500],[-113.35971500,52.31355848,855.03601100],[-113.35971740,52.31354551,855.11700400],[-113.35971980,52.31353247,855.07428000],[-113.35972220,52.31351950,855.12890600],[-113.35972520,52.31350308,854.06939700],[-113.35972760,52.31349004,854.09417700],[-113.35972980,52.31347813,854.01910400],[-113.35973240,52.31346403,854.01660200],[-113.35973500,52.31345007,854.05798300],[-113.35973740,52.31343716,854.06488000],[-113.35973990,52.31342320,854.01159700],[-113.35974230,52.31341016,854.00579800],[-113.35974470,52.31339719,854.04119900],[-113.35974730,52.31338302,854.12310800],[-113.35974970,52.31336991,854.08850100],[-113.35975210,52.31335687,854.07891800],[-113.35975450,52.31334369,854.07098400],[-113.35975710,52.31332973,854.19458000],[-113.35975950,52.31331669,854.06970200],[-113.35976200,52.31330287,854.10607900],[-113.35976460,52.31328897,854.22222900],[-113.35976720,52.31327494,854.37451200],[-113.35976960,52.31326197,854.43212900],[-113.35977200,52.31324893,854.50421100],[-113.35977450,52.31323524,854.70098900],[-113.35977700,52.31322135,854.82251000],[-113.35977960,52.31320745,854.87109400],[-113.35978200,52.31319455,854.92700200],[-113.35978450,52.31318052,855.06567400],[-113.35978670,52.31316853,855.11340300],[-113.35978930,52.31315443,855.10540800],[-113.35979170,52.31314139,855.18682900],[-113.35979450,52.31312644,855.27667200],[-113.35979690,52.31311347,855.30017100],[-113.35979910,52.31310128,855.32928500],[-113.35980170,52.31308725,855.33410600],[-113.35980410,52.31307421,855.40972900],[-113.35980650,52.31306110,855.47222900],[-113.35981000,52.31304200,855.42749000],[-113.35981080,52.31303757,856.15570100],[-113.35981490,52.31301371,856.25561500],[-113.35981660,52.31300362,856.28070100],[-113.35981840,52.31299354,856.21398900],[-113.35982030,52.31298254,856.30450400],[-113.35982260,52.31296936,856.31512500],[-113.35982450,52.31295816,856.28308100],[-113.35982660,52.31294598,856.23638900],[-113.35982870,52.31293379,856.21582000],[-113.35983080,52.31292179,856.22991900],[-113.35983290,52.31290961,856.21460000],[-113.35983520,52.31289656,856.16967800],[-113.35983740,52.31288357,856.14398200],[-113.35983970,52.31287072,856.16247600],[-113.35984210,52.31285675,856.06988500],[-113.35984490,52.31284054,855.12408400],[-113.35984700,52.31282848,855.03411900],[-113.35984890,52.31281747,855.03808600],[-113.35985130,52.31280350,855.00842300],[-113.35985350,52.31279052,854.87298600],[-113.35985600,52.31277661,854.79840100],[-113.35985800,52.31276461,854.80798300],[-113.35986010,52.31275268,854.83612100],[-113.35986250,52.31273877,854.77502400],[-113.35986490,52.31272487,854.75030500],[-113.35986740,52.31271070,854.68817100],[-113.35986980,52.31269666,854.74108900],[-113.35987200,52.31268368,854.80719000],[-113.35987460,52.31266885,854.88708500],[-113.35987700,52.31265487,854.88537600],[-113.35987960,52.31263998,854.89068600],[-113.35988200,52.31262594,855.02581800],[-113.35988450,52.31261197,855.07702600],[-113.35988670,52.31259898,855.01812700],[-113.35988860,52.31258798,855.05181900],[-113.35989000,52.31258000,855.12536600],[-113.35989210,52.31256618,855.69677700],[-113.35989400,52.31255412,855.73077400],[-113.35989590,52.31254228,855.76709000],[-113.35989800,52.31252818,855.83709700],[-113.35989990,52.31251611,855.85083000],[-113.35990190,52.31250311,855.78289800],[-113.35990380,52.31249099,855.76812700],[-113.35990580,52.31247799,855.74487300],[-113.35990780,52.31246511,855.76538100],[-113.35990970,52.31245310,855.64782700],[-113.35991170,52.31244010,855.51892100],[-113.35991420,52.31242401,854.97918700],[-113.35991620,52.31241096,854.96002200],[-113.35991840,52.31239708,854.93707300],[-113.35992060,52.31238309,854.91040000],[-113.35992270,52.31236910,854.82769800],[-113.35992690,52.31234205,854.75201400],[-113.35992910,52.31232812,854.83648700],[-113.35993130,52.31231419,854.91088900],[-113.35993340,52.31230014,854.91210900],[-113.35993550,52.31228708,854.89428700],[-113.35993760,52.31227309,854.92968800],[-113.35993960,52.31226021,854.98980700],[-113.35994180,52.31224628,855.04040500],[-113.35994400,52.31223235,854.96942100],[-113.35994660,52.31221515,854.19329800],[-113.35994880,52.31220105,854.12628200],[-113.35995100,52.31218700,854.10150100],[-113.35995320,52.31217307,854.11938500],[-113.35995550,52.31215809,854.06140100],[-113.35995760,52.31214415,854.08148200],[-113.35995970,52.31213121,854.07299800],[-113.35996170,52.31211833,854.21948200],[-113.35996370,52.31210521,854.36877400],[-113.35996540,52.31209431,854.70581100],[-113.35996730,52.31208225,854.67382800],[-113.35996880,52.31207205,854.79950000],[-113.35996900,52.31207100,854.99572800],[-113.35997290,52.31204860,855.32122800],[-113.35997500,52.31203654,855.18249500],[-113.35997720,52.31202350,855.16668700],[-113.35997970,52.31200959,855.24420200],[-113.35998180,52.31199747,855.23480200],[-113.35998420,52.31198349,855.26141400],[-113.35998640,52.31197057,855.32238800],[-113.35998890,52.31195654,855.42462200],[-113.35999110,52.31194362,855.45318600],[-113.35999350,52.31192965,855.43762200],[-113.35999600,52.31191567,855.49322500],[-113.35999840,52.31190170,855.60607900],[-113.36000080,52.31188786,855.66229200],[-113.36000300,52.31187500,855.67791700],[-113.36000530,52.31186221,855.84307900],[-113.36000730,52.31185054,856.03472900],[-113.36000970,52.31183650,855.97808800],[-113.36001200,52.31182332,856.00732400],[-113.36001450,52.31180922,856.12890600],[-113.36001690,52.31179532,856.21051000],[-113.36001910,52.31178227,856.22198500],[-113.36002170,52.31176724,856.26831100],[-113.36002400,52.31175413,856.40802000],[-113.36002870,52.31172698,856.44677700],[-113.36003100,52.31171374,856.29260300],[-113.36003350,52.31169964,856.43707300],[-113.36003580,52.31168653,856.42492700],[-113.36003800,52.31167361,856.42028800],[-113.36004030,52.31166063,856.44122300],[-113.36004230,52.31164876,856.48211700],[-113.36004460,52.31163571,856.35571300],[-113.36004680,52.31162267,856.48101800],[-113.36005200,52.31159300,856.53619400],[-113.36005810,52.31155803,856.69647200],[-113.36006020,52.31154585,856.75610400],[-113.36006210,52.31153465,856.73291000],[-113.36006420,52.31152265,856.81982400],[-113.36006630,52.31151053,856.94512900],[-113.36007040,52.31148673,857.09857200],[-113.36007250,52.31147474,857.16302500],[-113.36007460,52.31146268,857.13110400],[-113.36007660,52.31145068,857.20642100],[-113.36007890,52.31143770,857.25262500],[-113.36008130,52.31142392,857.28338600],[-113.36008330,52.31141205,857.30218500],[-113.36008520,52.31140104,857.29772900],[-113.36008730,52.31138899,857.30798300],[-113.36008940,52.31137686,857.37500000],[-113.36009120,52.31136653,857.38537600],[-113.36009330,52.31135440,857.36840800],[-113.36009520,52.31134346,857.45202600],[-113.36009740,52.31133060,857.60760500],[-113.36009950,52.31131861,857.45880100],[-113.36010190,52.31130464,857.49621600],[-113.36010400,52.31129283,857.54907200],[-113.36010610,52.31128084,857.48071300],[-113.36010800,52.31126990,857.37371800],[-113.36011000,52.31125790,857.42059300],[-113.36011210,52.31124578,857.36322000],[-113.36011480,52.31123021,856.92041000],[-113.36011690,52.31121828,856.86480700],[-113.36011910,52.31120536,856.86059600],[-113.36012100,52.31119448,856.78002900],[-113.36012290,52.31118361,856.70397900],[-113.36012500,52.31117174,856.69622800],[-113.36012660,52.31116236,856.72979700],[-113.36012860,52.31115081,856.78277600],[-113.36013060,52.31113914,856.71881100],[-113.36013270,52.31112715,856.69549600],[-113.36013440,52.31111706,856.80389400],[-113.36013670,52.31110395,856.83001700],[-113.36013870,52.31109269,856.78540000],[-113.36014070,52.31108063,856.79950000],[-113.36014250,52.31107042,856.74597200],[-113.36014440,52.31105935,856.87982200],[-113.36014650,52.31104723,856.86798100],[-113.36014880,52.31103418,856.84918200],[-113.36015090,52.31102212,856.72540300],[-113.36015260,52.31101204,856.74627700],[-113.36015800,52.31098100,857.12066700],[-113.36015980,52.31097011,856.84497100],[-113.36016200,52.31095719,856.86438000],[-113.36016400,52.31094525,856.82617200],[-113.36016590,52.31093424,856.69348100],[-113.36016790,52.31092224,856.60748300],[-113.36016990,52.31091018,856.58062700],[-113.36017190,52.31089824,856.54168700],[-113.36017390,52.31088637,856.46630900],[-113.36017570,52.31087536,856.31671100],[-113.36017770,52.31086349,856.30047600],[-113.36017960,52.31085248,856.27838100],[-113.36018160,52.31084041,856.18249500],[-113.36018380,52.31082749,856.09759500],[-113.36018600,52.31081450,856.01178000],[-113.36018820,52.31080145,855.96820100],[-113.36019070,52.31078654,855.95721400],[-113.36019280,52.31077368,855.81781000],[-113.36019480,52.31076180,855.85882600],[-113.36019920,52.31073589,855.80767800],[-113.36020120,52.31072377,855.82012900],[-113.36020340,52.31071078,855.76562500],[-113.36020560,52.31069773,855.70507800],[-113.36020810,52.31068276,855.58313000],[-113.36021030,52.31066983,855.47711200],[-113.36021260,52.31065592,855.50512700],[-113.36021490,52.31064188,855.19018600],[-113.36021710,52.31062895,855.01641800],[-113.36021930,52.31061596,854.99621600],[-113.36022160,52.31060198,855.00647000],[-113.36022400,52.31058807,855.03497300],[-113.36022630,52.31057409,854.94348100],[-113.36022870,52.31056023,854.95147700],[-113.36023100,52.31054619,854.99078400],[-113.36023340,52.31053209,854.96752900],[-113.36023560,52.31051904,854.93798800],[-113.36023760,52.31050698,854.88757300],[-113.36023980,52.31049380,854.62817400],[-113.36024200,52.31048075,854.66058300],[-113.36024400,52.31046869,854.64617900],[-113.36024640,52.31045465,854.49328600],[-113.36024870,52.31044061,854.42199700],[-113.36025090,52.31042762,854.33129900],[-113.36025310,52.31041463,854.36547900],[-113.36025530,52.31040158,854.28112800],[-113.36025750,52.31038853,854.20080600],[-113.36025980,52.31037449,854.13061500],[-113.36026220,52.31036045,854.04742400],[-113.36026440,52.31034728,853.94262700],[-113.36026680,52.31033330,853.86029100],[-113.36026950,52.31031722,853.37640400],[-113.36027180,52.31030318,853.18347200],[-113.36027370,52.31029223,853.46472200],[-113.36027570,52.31028023,853.38281300],[-113.36027790,52.31026718,853.27972400],[-113.36028000,52.31025419,853.28027300],[-113.36028200,52.31024232,853.36370800],[-113.36028440,52.31022852,853.36962900],[-113.36028640,52.31021653,853.20672600],[-113.36028870,52.31020267,853.26361100],[-113.36029070,52.31019073,853.25451700],[-113.36029310,52.31017676,853.23681600],[-113.36029490,52.31016575,853.14282200],[-113.36029680,52.31015468,853.00402800],[-113.36029910,52.31014070,852.98492400],[-113.36030130,52.31012765,852.96661400],[-113.36030330,52.31011565,852.89440900],[-113.36030550,52.31010278,852.95257600],[-113.36030760,52.31008992,852.88848900],[-113.36031210,52.31006314,852.72210700],[-113.36031430,52.31004996,852.57391400],[-113.36031650,52.31003685,852.50531000],[-113.36031860,52.31002479,852.39257800],[-113.36032080,52.31001161,852.30242900],[-113.36032310,52.30999757,852.19128400],[-113.36032520,52.30998539,852.00610400],[-113.36032760,52.30997129,851.88708500],[-113.36033010,52.30995613,851.75122100],[-113.36033250,52.30994203,851.69091800],[-113.36033430,52.30993102,851.55639600],[-113.36033600,52.30992100,851.56890900],[-113.36033780,52.30991191,852.29449500],[-113.36034030,52.30989888,852.28900100],[-113.36034280,52.30988591,852.28637700],[-113.36034530,52.30987274,852.37292500],[-113.36034830,52.30985773,852.48321500],[-113.36035100,52.30984371,852.54272500],[-113.36035370,52.30982976,852.57507300],[-113.36035640,52.30981581,852.61328100],[-113.36035930,52.30980095,852.68432600],[-113.36036210,52.30978601,852.79022200],[-113.36036490,52.30977192,852.84722900],[-113.36036780,52.30975691,852.95318600],[-113.36037070,52.30974198,853.06549100],[-113.36037630,52.30971295,853.15948500],[-113.36037900,52.30969893,853.20629900],[-113.36038200,52.30968378,853.30358900],[-113.36038580,52.30966413,852.53729200],[-113.36038870,52.30964919,852.67541500],[-113.36039160,52.30963419,852.73797600],[-113.36039430,52.30962024,852.79211400],[-113.36039700,52.30960622,852.73492400],[-113.36039970,52.30959220,852.76141400],[-113.36040220,52.30957909,852.76397700],[-113.36040480,52.30956584,852.76257300],[-113.36040750,52.30955182,852.71887200],[-113.36041000,52.30953900,852.80212400],[-113.36041270,52.30952391,853.21740700],[-113.36041460,52.30951291,853.15679900],[-113.36041680,52.30950092,853.11431900],[-113.36041870,52.30948991,853.11718800],[-113.36042100,52.30947693,853.12640400],[-113.36042320,52.30946488,853.08880600],[-113.36042550,52.30945170,853.09741200],[-113.36042770,52.30943951,853.03497300],[-113.36042990,52.30942673,852.90521200],[-113.36043200,52.30941487,852.87280300],[-113.36043430,52.30940196,852.82647700],[-113.36043660,52.30938911,852.71691900],[-113.36043890,52.30937600,852.61248800],[-113.36044140,52.30936216,852.42187500],[-113.36044350,52.30935010,852.43103000],[-113.36044600,52.30933613,852.43158000],[-113.36044820,52.30932401,852.29962200],[-113.36045050,52.30931103,852.19189500],[-113.36045280,52.30929799,852.09338400],[-113.36045510,52.30928501,851.98620600],[-113.36045990,52.30925799,851.76129200],[-113.36046240,52.30924389,851.70660400],[-113.36046720,52.30921688,851.62152100],[-113.36047220,52.30918881,851.49670400],[-113.36047800,52.30915600,850.96929900],[-113.36048410,52.30911595,850.99389600],[-113.36048830,52.30908785,851.16272000],[-113.36049260,52.30906009,851.30792200],[-113.36049690,52.30903122,851.38940400],[-113.36050120,52.30900329,851.58648700],[-113.36050330,52.30898924,851.66308600],[-113.36050540,52.30897525,851.68042000],[-113.36050750,52.30896131,851.69171100],[-113.36050970,52.30894721,851.70562700],[-113.36051170,52.30893421,851.86792000],[-113.36051380,52.30892021,851.91558800],[-113.36051590,52.30890622,851.92999300],[-113.36051790,52.30889333,851.86578400],[-113.36051980,52.30888033,851.78118900],[-113.36052190,52.30886645,851.83679200],[-113.36052410,52.30885246,851.78839100],[-113.36052600,52.30883940,851.68859900],[-113.36052820,52.30882535,851.60162400],[-113.36053030,52.30881130,851.57659900],[-113.36053240,52.30879736,851.58831800],[-113.36053440,52.30878436,851.67608600],[-113.36053620,52.30877235,851.61022900],[-113.36053760,52.30876332,851.64617900],[-113.36053900,52.30875400,851.56787100],[-113.36054310,52.30874113,851.95410200],[-113.36054630,52.30873115,851.90380900],[-113.36055010,52.30871925,851.97241200],[-113.36055420,52.30870650,852.05889900],[-113.36055800,52.30869459,852.06652800],[-113.36056250,52.30868053,852.18902600],[-113.36056660,52.30866755,852.30432100],[-113.36057110,52.30865361,852.46698000],[-113.36057490,52.30864147,852.60119600],[-113.36057910,52.30862837,852.65307600],[-113.36058360,52.30861443,852.72491500],[-113.36058780,52.30860110,852.83599900],[-113.36059200,52.30858800,853.01080300],[-113.36059680,52.30857309,853.21087600],[-113.36060090,52.30856011,853.32611100],[-113.36060570,52.30854520,853.45068400],[-113.36061020,52.30853126,853.57330300],[-113.36061430,52.30851816,853.73907500],[-113.36061880,52.30850410,853.90289300],[-113.36062330,52.30849004,854.01001000],[-113.36062780,52.30847598,854.13360600],[-113.36063200,52.30846288,854.16162100],[-113.36063650,52.30844882,854.26342800],[-113.36064030,52.30843680,854.39630100],[-113.36064450,52.30842382,854.49292000],[-113.36064860,52.30841084,854.55297900],[-113.36065270,52.30839797,854.52630600],[-113.36065680,52.30838510,854.61108400],[-113.36066130,52.30837127,854.70343000],[-113.36066540,52.30835840,854.74707000],[-113.36066920,52.30834627,854.75280800],[-113.36067310,52.30833413,854.76562500],[-113.36067700,52.30832200,854.87109400],[-113.36068430,52.30830606,854.89721700],[-113.36068980,52.30829414,854.96368400],[-113.36069480,52.30828314,855.00640900],[-113.36070030,52.30827123,855.01232900],[-113.36070630,52.30825822,855.03021200],[-113.36071140,52.30824707,855.11700400],[-113.36071700,52.30823483,855.18017600],[-113.36072270,52.30822260,855.15387000],[-113.36072930,52.30820819,855.22381600],[-113.36073250,52.30820106,855.53430200],[-113.36073520,52.30819518,855.22949200],[-113.36073740,52.30819055,855.39392100],[-113.36073900,52.30818700,856.12396200],[-113.36073850,52.30818114,855.19641100],[-113.36073800,52.30817559,855.24371300],[-113.36073740,52.30816885,855.37341300],[-113.36073650,52.30815781,855.34729000],[-113.36073600,52.30815200,855.26068100],[-113.36075300,52.30812300,854.90014600],[-113.36075600,52.30809300,854.90466300],[-113.36075500,52.30805600,855.36761500],[-113.36075790,52.30804313,855.11431900],[-113.36076000,52.30803354,854.79498300],[-113.36076180,52.30802544,854.81811500],[-113.36076400,52.30801554,854.77270500],[-113.36076620,52.30800556,854.84350600],[-113.36076700,52.30800200,855.64495800],[-113.36076290,52.30799389,854.99987800],[-113.36075940,52.30798711,855.00158700],[-113.36075490,52.30797817,854.95202600],[-113.36075030,52.30796922,854.90033000],[-113.36074660,52.30796193,854.83209200],[-113.36074250,52.30795372,855.24408000],[-113.36073600,52.30794100,855.25323500],[-113.36071990,52.30793944,855.09600800],[-113.36069810,52.30793734,854.91510000],[-113.36067580,52.30793518,855.06799300],[-113.36044640,52.30791304,853.42181400],[-113.36044600,52.30791300,852.06420900],[-113.36038870,52.30791292,852.69421400],[-113.36037770,52.30791290,852.59240700],[-113.36034160,52.30791285,852.07812500],[-113.36031060,52.30791280,851.62487800],[-113.36029760,52.30791279,851.48590100],[-113.36026460,52.30791274,851.20422400],[-113.36025260,52.30791272,851.07940700],[-113.36021560,52.30791267,850.67529300],[-113.36019060,52.30791263,850.45672600],[-113.36016560,52.30791260,850.15667700],[-113.36012660,52.30791254,849.93121300],[-113.36011350,52.30791252,849.78228800],[-113.36008450,52.30791248,849.59832800],[-113.36006950,52.30791246,849.52252200],[-113.36003850,52.30791241,849.48712200],[-113.36000750,52.30791237,849.36322000],[-113.35995750,52.30791230,849.30407700],[-113.35992450,52.30791225,849.35937500],[-113.35990750,52.30791222,849.39282200],[-113.35988850,52.30791220,849.26690700],[-113.35985450,52.30791215,849.19287100],[-113.35981950,52.30791210,849.29303000],[-113.35980150,52.30791207,849.30767800],[-113.35977040,52.30791203,849.26647900],[-113.35975300,52.30791200,849.92865000],[-113.35973300,52.30791207,849.30188000],[-113.35971700,52.30791212,849.26782200],[-113.35970200,52.30791217,849.17169200],[-113.35968400,52.30791223,849.21283000],[-113.35966700,52.30791229,849.25909400],[-113.35964800,52.30791235,849.24481200],[-113.35963100,52.30791241,849.22619600],[-113.35961400,52.30791246,849.18682900],[-113.35959600,52.30791252,849.38330100],[-113.35958000,52.30791258,849.38147000],[-113.35956400,52.30791263,849.29498300],[-113.35954800,52.30791268,849.31897000],[-113.35953210,52.30791274,849.38250700],[-113.35951410,52.30791280,849.46722400],[-113.35949910,52.30791285,849.42797900],[-113.35948520,52.30791289,849.36938500],[-113.35947020,52.30791294,849.40649400],[-113.35945120,52.30791301,849.43707300],[-113.35943220,52.30791307,849.46307400],[-113.35940520,52.30791316,849.46850600],[-113.35938720,52.30791322,849.52722200],[-113.35937020,52.30791328,849.53222700],[-113.35935320,52.30791333,849.49139400],[-113.35932120,52.30791344,849.49548300],[-113.35930420,52.30791350,849.54632600],[-113.35929020,52.30791354,849.49487300],[-113.35927420,52.30791360,849.49420200],[-113.35925630,52.30791366,849.56530800],[-113.35922230,52.30791377,849.59802200],[-113.35920830,52.30791382,849.51470900],[-113.35918040,52.30791391,849.52771000],[-113.35916640,52.30791396,849.40087900],[-113.35915340,52.30791400,849.36480700],[-113.35914040,52.30791404,849.36901900],[-113.35912740,52.30791409,849.26361100],[-113.35911350,52.30791413,849.48992900],[-113.35910050,52.30791418,849.51257300],[-113.35908850,52.30791422,849.46392800],[-113.35907550,52.30791426,849.43902600],[-113.35906060,52.30791431,849.46637000],[-113.35902850,52.30791442,849.48211700],[-113.35901450,52.30791446,849.42590300],[-113.35899650,52.30791452,849.41278100],[-113.35897950,52.30791458,849.44189500],[-113.35896450,52.30791463,849.35101300],[-113.35894750,52.30791469,849.32952900],[-113.35892950,52.30791475,849.40020800],[-113.35890950,52.30791481,849.30712900],[-113.35889350,52.30791487,849.30242900],[-113.35887450,52.30791493,849.30560300],[-113.35885400,52.30791500,849.34533700],[-113.35882600,52.30791500,849.16601600],[-113.35877900,52.30791500,849.08599900],[-113.35872500,52.30791500,849.16961700],[-113.35867200,52.30791500,849.03442400],[-113.35862000,52.30791500,849.02587900],[-113.35856600,52.30791500,849.16680900],[-113.35851800,52.30791500,849.22241200],[-113.35846800,52.30791500,849.31939700],[-113.35841600,52.30791500,849.51208500],[-113.35835900,52.30791500,849.74939000],[-113.35830300,52.30791500,850.11352500],[-113.35824600,52.30791500,850.83618200],[-113.35819000,52.30791500,851.13439900],[-113.35813200,52.30791500,851.60321000],[-113.35807600,52.30791500,851.88452100],[-113.35802300,52.30791500,851.83612100],[-113.35797100,52.30791500,852.05450400],[-113.35791800,52.30791500,852.21832300],[-113.35786200,52.30791500,852.31549100],[-113.35780600,52.30791500,852.32568400],[-113.35774900,52.30791500,852.35327100],[-113.35769300,52.30791500,852.31591800],[-113.35763600,52.30791500,852.26690700],[-113.35758100,52.30791500,852.30059800],[-113.35752500,52.30791500,852.26458700],[-113.35746400,52.30791500,852.52557400],[-113.35740800,52.30791500,852.49188200],[-113.35736100,52.30791500,852.58422900],[-113.35730700,52.30791493,852.95507800],[-113.35726100,52.30791488,852.93341100],[-113.35721800,52.30791483,852.75451700],[-113.35717200,52.30791477,852.51757800],[-113.35715000,52.30791475,852.47009300],[-113.35710300,52.30791469,852.31970200],[-113.35706700,52.30791465,851.99707000],[-113.35701800,52.30791459,851.73468000],[-113.35697800,52.30791454,851.48089600],[-113.35692210,52.30791447,851.15972900],[-113.35689100,52.30791443,851.13287400],[-113.35686100,52.30791440,850.95672600],[-113.35679000,52.30791431,850.70019500],[-113.35675200,52.30791427,850.55511500],[-113.35671600,52.30791422,850.54797400],[-113.35669700,52.30791420,850.64251700],[-113.35665800,52.30791415,850.64648400],[-113.35662000,52.30791411,850.69982900],[-113.35657000,52.30791405,850.70159900],[-113.35653400,52.30791400,850.91772500],[-113.35653100,52.30791400,851.11309800],[-113.35651700,52.30791395,850.89599600],[-113.35650100,52.30791388,850.75250200],[-113.35648300,52.30791381,850.94751000],[-113.35647010,52.30791376,851.01123000],[-113.35644210,52.30791366,851.01062000],[-113.35642600,52.30791359,851.08361800],[-113.35640800,52.30791352,851.09137000],[-113.35639100,52.30791346,851.19751000],[-113.35637400,52.30791339,851.11828600],[-113.35635600,52.30791332,851.15911900],[-113.35633900,52.30791326,851.11767600],[-113.35632200,52.30791319,851.44769300],[-113.35630400,52.30791312,851.43103000],[-113.35628700,52.30791305,851.35638400],[-113.35626800,52.30791298,851.41967800],[-113.35625100,52.30791291,851.46679700],[-113.35623300,52.30791285,851.44409200],[-113.35621700,52.30791278,851.48547400],[-113.35620000,52.30791272,851.52978500],[-113.35618300,52.30791265,851.56207300],[-113.35616500,52.30791258,851.53881800],[-113.35614900,52.30791252,851.49292000],[-113.35612900,52.30791244,851.52142300],[-113.35610800,52.30791236,851.50561500],[-113.35609000,52.30791229,851.55627400],[-113.35607000,52.30791221,851.55389400],[-113.35605200,52.30791214,851.35052500],[-113.35603510,52.30791208,851.34417700],[-113.35601500,52.30791200,851.40588400],[-113.35599700,52.30791193,851.52697800],[-113.35594500,52.30791173,851.76690700],[-113.35588700,52.30791150,851.87487800],[-113.35583000,52.30791128,851.87207000],[-113.35577310,52.30791106,851.89721700],[-113.35571500,52.30791084,852.01269500],[-113.35566210,52.30791063,851.94659400],[-113.35560710,52.30791042,852.12402300],[-113.35554810,52.30791019,852.26641800],[-113.35549110,52.30790997,852.21368400],[-113.35543110,52.30790974,852.39038100],[-113.35537110,52.30790950,852.49511700],[-113.35528700,52.30790918,852.45752000],[-113.35524100,52.30790900,852.21637000],[-113.35519900,52.30790897,853.12799100],[-113.35514600,52.30790893,852.87817400],[-113.35509500,52.30790889,852.67620800],[-113.35504400,52.30790884,852.36218300],[-113.35499200,52.30790880,852.09240700],[-113.35493800,52.30790876,851.89331100],[-113.35486500,52.30790870,851.59832800],[-113.35481000,52.30790866,851.37658700],[-113.35475100,52.30790861,851.52850300],[-113.35470900,52.30790858,853.21331800],[-113.35467500,52.30790855,851.38708500],[-113.35462200,52.30790851,851.29321300],[-113.35460300,52.30790850,851.29852300],[-113.35455000,52.30790846,851.39819300],[-113.35449400,52.30790841,851.44421400],[-113.35444200,52.30790837,851.33789100],[-113.35438700,52.30790833,851.40118400],[-113.35433100,52.30790828,851.46087600],[-113.35428200,52.30790825,851.35839800],[-113.35422600,52.30790820,851.40490700],[-113.35416700,52.30790815,851.39080800],[-113.35411000,52.30790811,851.47857700],[-113.35405500,52.30790807,851.44372600],[-113.35400000,52.30790802,851.61590600],[-113.35395000,52.30790798,851.51312300],[-113.35389800,52.30790794,851.49700900],[-113.35383900,52.30790790,851.44952400],[-113.35378500,52.30790785,851.51702900],[-113.35373600,52.30790782,851.66131600],[-113.35368200,52.30790777,851.60321000],[-113.35363100,52.30790773,851.46887200],[-113.35357800,52.30790769,851.46240200],[-113.35352700,52.30790765,851.28320300],[-113.35347600,52.30790761,851.14959700],[-113.35342400,52.30790757,851.02868700],[-113.35337700,52.30790753,850.86541700],[-113.35332600,52.30790749,850.62817400],[-113.35327900,52.30790746,850.48107900],[-113.35322400,52.30790741,850.47552500],[-113.35317200,52.30790737,850.35083000],[-113.35311800,52.30790733,850.51757800],[-113.35306600,52.30790729,850.52697800],[-113.35301100,52.30790725,850.53680400],[-113.35295400,52.30790720,850.55108600],[-113.35289600,52.30790715,850.57379200],[-113.35283800,52.30790711,850.64941400],[-113.35278400,52.30790707,850.61962900],[-113.35272800,52.30790702,850.71490500],[-113.35267900,52.30790698,850.55181900],[-113.35262900,52.30790694,850.49188200],[-113.35258000,52.30790691,850.67852800],[-113.35253300,52.30790687,850.67657500],[-113.35248400,52.30790683,850.70788600],[-113.35243600,52.30790679,850.60162400],[-113.35239100,52.30790676,850.56677200],[-113.35234700,52.30790672,850.46521000],[-113.35230000,52.30790669,850.43017600],[-113.35224600,52.30790664,850.33868400],[-113.35219000,52.30790660,850.49108900],[-113.35213400,52.30790655,850.52648900],[-113.35208300,52.30790651,850.47888200],[-113.35203700,52.30790648,850.37127700],[-113.35197900,52.30790643,850.45208700],[-113.35192100,52.30790639,850.65820300],[-113.35186500,52.30790634,850.67102100],[-113.35180800,52.30790630,850.68560800],[-113.35175200,52.30790625,850.79077100],[-113.35173500,52.30790624,850.73272700],[-113.35167900,52.30790620,850.91070600],[-113.35162700,52.30790616,850.94421400],[-113.35157700,52.30790612,851.20452900],[-113.35152500,52.30790608,851.25921600],[-113.35147600,52.30790604,851.31359900],[-113.35142900,52.30790600,851.34558100],[-113.35139600,52.30790592,851.19470200],[-113.35134000,52.30790580,851.05908200],[-113.35128400,52.30790567,850.90362500],[-113.35123800,52.30790556,850.78027300],[-113.35119000,52.30790545,850.38470500],[-113.35114200,52.30790534,849.99188200],[-113.35109500,52.30790523,849.86840800],[-113.35104500,52.30790512,849.78479000],[-113.35099600,52.30790500,849.75677500],[-113.35094900,52.30790490,849.68621800],[-113.35090200,52.30790479,849.73638900],[-113.35084900,52.30790467,849.81457500],[-113.35079800,52.30790455,849.74957300],[-113.35074500,52.30790443,849.75842300],[-113.35069800,52.30790432,849.64611800],[-113.35064800,52.30790420,849.74511700],[-113.35059500,52.30790408,849.77087400],[-113.35054500,52.30790397,849.70861800],[-113.35049100,52.30790384,849.79229700],[-113.35043700,52.30790372,849.68988000],[-113.35038400,52.30790360,849.41320800],[-113.35033700,52.30790349,849.21252400],[-113.35029200,52.30790339,849.01867700],[-113.35024200,52.30790327,849.01080300],[-113.35021100,52.30790320,848.89880400],[-113.35015900,52.30790308,848.89001500],[-113.35012400,52.30790300,849.21075400],[-113.35010240,52.30790291,848.56530800],[-113.35005740,52.30790272,848.31671100],[-113.35000830,52.30790251,848.10980200],[-113.34996330,52.30790233,848.07751500],[-113.34990530,52.30790208,848.20867900],[-113.34984820,52.30790184,848.09930400],[-113.34979320,52.30790161,848.10778800],[-113.34977420,52.30790153,848.09967000],[-113.34971520,52.30790128,848.28540000],[-113.34965720,52.30790104,848.36022900],[-113.34959820,52.30790079,848.52252200],[-113.34954220,52.30790056,848.66803000],[-113.34948410,52.30790032,848.95007300],[-113.34942720,52.30790008,848.91088900],[-113.34937310,52.30789985,848.92181400],[-113.34931710,52.30789961,849.06457500],[-113.34925710,52.30789936,849.12170400],[-113.34920700,52.30789915,849.13848900],[-113.34915500,52.30789893,849.07611100],[-113.34910310,52.30789872,849.16461200],[-113.34905110,52.30789850,849.17132600],[-113.34900010,52.30789828,849.16461200],[-113.34894920,52.30789807,849.25842300],[-113.34889510,52.30789784,849.03601100],[-113.34884210,52.30789762,848.89563000],[-113.34878910,52.30789740,848.71728500],[-113.34873310,52.30789716,848.73053000],[-113.34867410,52.30789692,848.57049600],[-113.34861810,52.30789668,848.64202900],[-113.34859910,52.30789660,848.62420700],[-113.34854310,52.30789637,848.59747300],[-113.34848510,52.30789612,848.62561000],[-113.34842900,52.30789589,848.62902800],[-113.34837200,52.30789565,848.90887500],[-113.34831300,52.30789540,849.11059600],[-113.34825900,52.30789517,849.18750000],[-113.34822500,52.30789503,849.05059800],[-113.34817400,52.30789482,849.05670200],[-113.34812400,52.30789461,848.97729500],[-113.34807500,52.30789440,848.93542500],[-113.34802800,52.30789421,849.33819600],[-113.34797900,52.30789400,849.31127900],[-113.34793200,52.30789386,848.85101300],[-113.34788410,52.30789371,848.94891400],[-113.34782910,52.30789354,849.13592500],[-113.34776910,52.30789336,849.25781300],[-113.34770810,52.30789318,849.61077900],[-113.34768910,52.30789312,849.66741900],[-113.34763210,52.30789295,849.86077900],[-113.34757410,52.30789277,849.75811800],[-113.34751410,52.30789259,849.96838400],[-113.34745610,52.30789241,849.96862800],[-113.34739510,52.30789223,850.29321300],[-113.34735310,52.30789210,850.37408400],[-113.34729410,52.30789192,850.74377400],[-113.34723410,52.30789174,851.10638400],[-113.34717510,52.30789156,851.52880900],[-113.34711710,52.30789138,851.84021000],[-113.34706410,52.30789122,852.05059800],[-113.34701210,52.30789106,852.16418500],[-113.34695710,52.30789090,852.09613000],[-113.34691100,52.30789076,852.06597900],[-113.34688600,52.30789068,851.99700900],[-113.34684010,52.30789054,851.84832800],[-113.34676700,52.30789032,851.85949700],[-113.34671600,52.30789016,851.83337400],[-113.34666010,52.30788999,852.02850300],[-113.34660210,52.30788982,852.37847900],[-113.34654310,52.30788964,852.57220500],[-113.34648610,52.30788946,852.65118400],[-113.34645210,52.30788936,852.72839400],[-113.34639810,52.30788920,852.67681900],[-113.34634310,52.30788903,852.44097900],[-113.34629210,52.30788887,852.39062500],[-113.34624100,52.30788872,852.36608900],[-113.34618400,52.30788855,852.32690400],[-113.34612300,52.30788836,852.28332500],[-113.34606400,52.30788818,852.59539800],[-113.34600500,52.30788800,852.74139400],[-113.34596700,52.30788789,852.97259500],[-113.34591300,52.30788772,853.13531500],[-113.34585500,52.30788755,853.54950000],[-113.34579600,52.30788737,853.87951700],[-113.34573500,52.30788718,854.36291500],[-113.34567390,52.30788700,854.66180400],[-113.34561890,52.30788683,855.03131100],[-113.34555790,52.30788664,855.17071500],[-113.34549800,52.30788646,855.36132800],[-113.34544100,52.30788629,855.29840100],[-113.34539000,52.30788613,855.27978500],[-113.34534600,52.30788600,855.37262000],[-113.34527400,52.30788600,855.35290500],[-113.34522100,52.30788600,855.08282500],[-113.34516400,52.30788600,854.98529100],[-113.34511100,52.30788600,854.76519800],[-113.34505600,52.30788600,854.70990000],[-113.34500300,52.30788600,854.58917200],[-113.34494700,52.30788600,854.59930400],[-113.34489500,52.30788600,854.47570800],[-113.34484100,52.30788600,854.49932900],[-113.34478600,52.30788600,854.44470200],[-113.34472900,52.30788600,854.38439900],[-113.34468000,52.30788600,854.25067100],[-113.34462700,52.30788600,854.25329600],[-113.34457500,52.30788600,854.25360100],[-113.34452300,52.30788600,854.04522700],[-113.34447000,52.30788600,854.02221700],[-113.34441900,52.30788600,853.98199500],[-113.34436800,52.30788600,853.76477100],[-113.34431900,52.30788600,853.54162600],[-113.34426700,52.30788600,853.30511500],[-113.34421800,52.30788600,852.91247600],[-113.34416600,52.30788600,852.86688200],[-113.34411400,52.30788600,852.50860600],[-113.34406400,52.30788600,852.16162100],[-113.34401400,52.30788600,852.14202900],[-113.34396900,52.30788600,851.94561800],[-113.34391100,52.30788600,851.93158000],[-113.34386200,52.30788600,851.96130400],[-113.34380800,52.30788600,851.90679900],[-113.34375200,52.30788600,851.63702400],[-113.34369900,52.30788600,851.42901600],[-113.34364600,52.30788600,851.10668900],[-113.34357400,52.30788600,850.73779300],[-113.34352700,52.30788600,850.52270500],[-113.34347700,52.30788600,850.10022000],[-113.34342400,52.30788600,849.77191200],[-113.34336700,52.30788600,849.38989300],[-113.34331800,52.30788600,849.94220000],[-113.34308600,52.30788600,847.71289100],[-113.34304500,52.30788600,849.33642600],[-113.34299300,52.30788600,849.04620400],[-113.34294700,52.30788600,848.20520000],[-113.34290000,52.30788600,847.84259000],[-113.34285100,52.30788600,847.64947500],[-113.34279800,52.30788600,847.43689000],[-113.34274400,52.30788600,847.08612100],[-113.34269100,52.30788600,846.78680400],[-113.34263600,52.30788600,846.53460700],[-113.34257600,52.30788600,846.45581100],[-113.34251600,52.30788600,846.16400100],[-113.34245900,52.30788600,845.88598600],[-113.34240100,52.30788600,845.67169200],[-113.34234200,52.30788600,845.72808800],[-113.34228500,52.30788600,845.65710400],[-113.34222700,52.30788600,845.55590800],[-113.34217200,52.30788600,845.26068100],[-113.34211400,52.30788600,845.08471700],[-113.34205400,52.30788600,844.91040000],[-113.34199400,52.30788600,844.68072500],[-113.34193800,52.30788600,844.44732700],[-113.34187900,52.30788600,844.37231400],[-113.34182200,52.30788600,844.02630600],[-113.34175700,52.30788600,844.10382100],[-113.34169600,52.30788600,844.09899900],[-113.34163300,52.30788600,844.10137900],[-113.34157200,52.30788600,844.32739300],[-113.34151100,52.30788600,844.46252400],[-113.34145000,52.30788600,844.77789300],[-113.34138700,52.30788600,845.05603000],[-113.34132900,52.30788600,845.20111100],[-113.34127100,52.30788600,845.68408200],[-113.34121200,52.30788600,846.09820600],[-113.34114800,52.30788600,846.52270500],[-113.34108600,52.30788600,846.84222400],[-113.34104200,52.30788600,847.19390900],[-113.34098200,52.30788600,847.46283000],[-113.34092700,52.30788600,847.63623000],[-113.34088200,52.30788600,847.43341100],[-113.34085750,52.30788584,847.63348400],[-113.34080040,52.30788547,847.80572500],[-113.34075350,52.30788516,848.02227800],[-113.34070750,52.30788486,848.12908900],[-113.34065950,52.30788455,848.43920900],[-113.34064350,52.30788444,848.47680700],[-113.34059750,52.30788414,848.59869400],[-113.34055040,52.30788384,848.87640400],[-113.34050460,52.30788354,849.07843000],[-113.34045760,52.30788323,849.23400900],[-113.34040970,52.30788292,849.42657500],[-113.34039270,52.30788281,849.52587900],[-113.34034770,52.30788251,849.66632100],[-113.34029680,52.30788218,849.94751000],[-113.34024390,52.30788184,850.19378700],[-113.34019590,52.30788152,850.61132800],[-113.34016480,52.30788132,851.03338600],[-113.34011580,52.30788100,851.37658700],[-113.34006390,52.30788066,851.92492700],[-113.34000990,52.30788031,852.28869600],[-113.33995890,52.30787998,852.59838900],[-113.33992490,52.30787975,852.86621100],[-113.33987580,52.30787943,853.20312500],[-113.33982990,52.30787913,853.53668200],[-113.33978590,52.30787885,853.81481900],[-113.33971890,52.30787841,854.31121800],[-113.33970290,52.30787831,854.37921100],[-113.33965600,52.30787800,854.64141800],[-113.33961500,52.30787793,854.77038600],[-113.33956900,52.30787786,855.11059600],[-113.33952200,52.30787779,855.26361100],[-113.33949400,52.30787774,855.41528300],[-113.33944920,52.30787767,855.87170400],[-113.33940420,52.30787760,856.14361600],[-113.33935930,52.30787753,856.18627900],[-113.33931040,52.30787745,856.12109400],[-113.33926540,52.30787738,856.22357200],[-113.33920940,52.30787729,856.36932400],[-113.33915640,52.30787720,856.38781700],[-113.33914040,52.30787718,856.43859900],[-113.33909230,52.30787710,856.51171900],[-113.33904220,52.30787702,856.74292000],[-113.33899510,52.30787695,856.92932100],[-113.33894610,52.30787687,856.95343000],[-113.33889200,52.30787678,856.90319800],[-113.33883500,52.30787669,856.87139900],[-113.33878000,52.30787660,856.95141600],[-113.33872300,52.30787651,856.90191700],[-113.33866400,52.30787642,856.93512000],[-113.33861100,52.30787633,857.01739500],[-113.33856200,52.30787625,857.07470700],[-113.33850300,52.30787616,857.15667700],[-113.33845100,52.30787608,857.15802000],[-113.33840300,52.30787600,857.14746100],[-113.33839700,52.30787600,857.19866900],[-113.33838620,52.30787720,857.71002200],[-113.33837520,52.30787840,857.74621600],[-113.33836150,52.30787993,857.53991700],[-113.33834720,52.30788150,857.50817900],[-113.33833530,52.30788281,857.45037800],[-113.33832020,52.30788448,857.54058800],[-113.33830400,52.30788627,857.40741000],[-113.33828860,52.30788797,857.59869400],[-113.33827520,52.30788945,857.68103000],[-113.33826370,52.30789072,857.75421100],[-113.33825050,52.30789218,858.23547400],[-113.33824190,52.30789313,858.71087600],[-113.33822390,52.30789512,858.86090100],[-113.33821020,52.30789663,858.85717800],[-113.33816520,52.30790160,856.75482200],[-113.33815010,52.30790326,857.03051800],[-113.33813760,52.30790465,856.93139600],[-113.33812310,52.30790625,856.81640600],[-113.33810260,52.30790851,857.45159900],[-113.33806200,52.30791300,857.14971900],[-113.33802450,52.30791751,857.50769000],[-113.33797120,52.30792391,857.73718300],[-113.33791900,52.30793020,857.64172400],[-113.33786740,52.30793640,857.59680200],[-113.33784910,52.30793859,857.58807400],[-113.33783120,52.30794075,857.60711700],[-113.33781130,52.30794314,857.63861100],[-113.33775940,52.30794938,857.57922400],[-113.33774170,52.30795150,857.54901100],[-113.33770680,52.30795570,857.43267800],[-113.33765330,52.30796214,857.30847200],[-113.33760080,52.30796845,857.28009000],[-113.33758280,52.30797061,857.38140900],[-113.33754950,52.30797462,857.38391100],[-113.33751450,52.30797882,857.22070300],[-113.33745660,52.30798579,857.20727500],[-113.33743960,52.30798783,857.04827900],[-113.33738570,52.30799431,856.90808100],[-113.33733480,52.30800043,856.71417200],[-113.33731680,52.30800259,856.67340100],[-113.33729760,52.30800490,856.63623000],[-113.33728060,52.30800694,856.61731000],[-113.33722840,52.30801322,856.41607700],[-113.33719310,52.30801746,856.38079800],[-113.33714290,52.30802350,856.17840600],[-113.33712560,52.30802558,856.17431600],[-113.33706810,52.30803250,856.08721900],[-113.33705460,52.30803411,855.97308300],[-113.33700820,52.30803970,855.78717000],[-113.33697520,52.30804366,855.44158900],[-113.33693100,52.30804898,855.17810100],[-113.33688640,52.30805434,855.08447300],[-113.33687040,52.30805627,854.91937300],[-113.33682660,52.30806153,854.73089600],[-113.33677690,52.30806750,854.59051500],[-113.33672850,52.30807333,854.33032200],[-113.33671110,52.30807541,854.39007600],[-113.33669250,52.30807765,854.44519000],[-113.33665950,52.30808162,854.32330300],[-113.33660960,52.30808762,854.17230200],[-113.33659580,52.30808928,854.02081300],[-113.33656240,52.30809329,854.08557100],[-113.33650700,52.30809996,854.29150400],[-113.33647680,52.30810358,854.20532200],[-113.33644290,52.30810766,854.19512900],[-113.33639290,52.30811367,854.16522200],[-113.33637530,52.30811579,854.26599100],[-113.33632270,52.30812211,854.22491500],[-113.33630990,52.30812365,854.23291000],[-113.33629190,52.30812581,854.27899200],[-113.33624160,52.30813186,854.30682400],[-113.33619190,52.30813784,854.27728300],[-113.33617520,52.30813984,854.34491000],[-113.33615790,52.30814192,854.36059600],[-113.33614030,52.30814403,854.33410600],[-113.33610770,52.30814796,854.39770500],[-113.33609230,52.30814981,854.42938200],[-113.33607430,52.30815197,854.41278100],[-113.33606020,52.30815366,854.42889400],[-113.33601380,52.30815925,854.40551800],[-113.33596600,52.30816499,854.44091800],[-113.33595120,52.30816677,854.46820100],[-113.33594100,52.30816800,854.64007600],[-113.33590660,52.30817202,854.65539600],[-113.33589220,52.30817369,854.70581100],[-113.33586410,52.30817697,854.71820100],[-113.33585030,52.30817858,854.77661100],[-113.33583620,52.30818022,854.78497300],[-113.33582020,52.30818209,854.78869600],[-113.33580120,52.30818430,854.83410600],[-113.33578450,52.30818625,854.93890400],[-113.33576590,52.30818842,855.00042700],[-113.33573030,52.30819257,854.97192400],[-113.33569410,52.30819680,855.08783000],[-113.33564040,52.30820306,855.12731900],[-113.33558350,52.30820970,855.40240500],[-113.33552920,52.30821603,855.48248300],[-113.33547240,52.30822265,855.48181200],[-113.33541960,52.30822881,855.59710700],[-113.33537230,52.30823433,854.15271000],[-113.33535620,52.30823620,854.12011700],[-113.33530810,52.30824182,854.08569300],[-113.33526220,52.30824717,853.93542500],[-113.33521150,52.30825309,853.91119400],[-113.33515860,52.30825925,853.89990200],[-113.33511010,52.30826491,853.73980700],[-113.33506620,52.30827003,853.57702600],[-113.33504890,52.30827205,853.58929400],[-113.33499910,52.30827785,853.39581300],[-113.33495360,52.30828316,853.23559600],[-113.33490160,52.30828922,853.19207800],[-113.33484990,52.30829525,853.12329100],[-113.33480060,52.30830100,853.16027800],[-113.33474800,52.30830714,853.32897900],[-113.33469560,52.30831325,853.37329100],[-113.33464080,52.30831965,853.45282000],[-113.33460480,52.30832384,853.47448700],[-113.33455320,52.30832986,853.62579300],[-113.33448840,52.30833742,853.61077900],[-113.33443450,52.30834371,853.75988800],[-113.33439720,52.30834805,853.57098400],[-113.33434080,52.30835464,853.64221200],[-113.33430300,52.30835905,853.68762200],[-113.33424400,52.30836592,853.93798800],[-113.33419260,52.30837192,853.82458500],[-113.33413900,52.30837817,854.00390600],[-113.33408280,52.30838472,854.19097900],[-113.33406480,52.30838682,854.08837900],[-113.33400990,52.30839322,854.25927700],[-113.33395740,52.30839935,854.43750000],[-113.33390920,52.30840496,854.41302500],[-113.33386210,52.30841046,854.41882300],[-113.33384160,52.30841285,854.94262700],[-113.33379060,52.30841881,854.74121100],[-113.33374120,52.30842457,854.53918500],[-113.33369150,52.30843036,854.51538100],[-113.33363850,52.30843654,854.34228500],[-113.33361830,52.30843889,854.31329300],[-113.33356510,52.30844510,854.28887900],[-113.33352950,52.30844926,854.18981900],[-113.33347550,52.30845555,854.22448700],[-113.33342100,52.30846191,854.13598600],[-113.33340370,52.30846393,854.13311800],[-113.33335360,52.30846977,853.98602300],[-113.33330090,52.30847591,853.75341800],[-113.33328320,52.30847797,853.75708000],[-113.33323130,52.30848403,853.94451900],[-113.33317680,52.30849039,853.94549600],[-113.33312860,52.30849601,853.85730000],[-113.33308030,52.30850165,853.73510700],[-113.33304820,52.30850539,853.59167500],[-113.33299620,52.30851145,853.47271700],[-113.33294980,52.30851686,853.40271000],[-113.33293440,52.30851866,853.38598600],[-113.33288280,52.30852468,853.20343000],[-113.33283050,52.30853078,852.88287400],[-113.33281550,52.30853253,852.99768100],[-113.33276610,52.30853829,852.91320800],[-113.33276000,52.30853900,852.80346700],[-113.33271000,52.30854488,852.60998500],[-113.33269650,52.30854646,852.58337400],[-113.33265030,52.30855189,852.38421600],[-113.33260400,52.30855733,852.16217000],[-113.33257750,52.30856045,851.93042000],[-113.33252840,52.30856622,851.75000000],[-113.33248090,52.30857180,851.49987800],[-113.33246450,52.30857372,851.47479200],[-113.33241260,52.30857983,851.32617200],[-113.33236060,52.30858595,851.17462200],[-113.33233040,52.30858949,851.01391600],[-113.33228210,52.30859517,850.78228800],[-113.33223240,52.30860101,850.65911900],[-113.33221410,52.30860316,850.60302700],[-113.33216620,52.30860878,850.33892800],[-113.33211810,52.30861444,850.09790000],[-113.33207360,52.30861967,849.94311500],[-113.33202700,52.30862514,849.69628900],[-113.33199600,52.30862879,849.61981200],[-113.33194600,52.30863467,849.44940200],[-113.33189690,52.30864044,849.30297900],[-113.33188270,52.30864210,849.23669400],[-113.33183070,52.30864822,849.07098400],[-113.33178020,52.30865416,848.99200400],[-113.33173590,52.30865936,848.75170900],[-113.33168460,52.30866539,848.81738300],[-113.33165120,52.30866932,848.72247300],[-113.33160720,52.30867448,848.41351300],[-113.33156360,52.30867961,847.78839100],[-113.33154750,52.30868150,847.75750700],[-113.33149880,52.30868723,847.36987300],[-113.33145320,52.30869258,847.08868400],[-113.33142240,52.30869620,846.78241000],[-113.33137560,52.30870170,846.55578600],[-113.33132940,52.30870713,846.16650400],[-113.33127990,52.30871295,846.00732400],[-113.33122640,52.30871924,845.98181200],[-113.33120880,52.30872131,846.00427200],[-113.33115910,52.30872715,845.86737100],[-113.33112250,52.30873145,845.86212200],[-113.33107010,52.30873760,845.94250500],[-113.33103780,52.30874140,845.83752400],[-113.33099410,52.30874654,845.70568800],[-113.33094570,52.30875223,845.65289300],[-113.33093020,52.30875405,845.64349400],[-113.33088010,52.30875994,845.48010300],[-113.33084830,52.30876368,845.31262200],[-113.33080330,52.30876896,845.25207500],[-113.33080300,52.30876900,845.36853000],[-113.33076010,52.30877412,845.65661600],[-113.33071420,52.30877960,845.33178700],[-113.33066320,52.30878569,845.06652800],[-113.33061290,52.30879170,844.66387900],[-113.33056580,52.30879732,844.31091300],[-113.33055070,52.30879912,844.14447000],[-113.33050390,52.30880471,843.72741700],[-113.33045230,52.30881087,843.48822000],[-113.33043820,52.30881256,843.36651600],[-113.33039190,52.30881808,843.06640600],[-113.33034450,52.30882374,842.71740700],[-113.33032720,52.30882580,842.58679200],[-113.33026190,52.30883360,842.27441400],[-113.33020800,52.30884003,841.79559300],[-113.33015580,52.30884627,841.37957800],[-113.33010230,52.30885266,840.81127900],[-113.33004720,52.30885924,840.15148900],[-113.32999230,52.30886579,839.63568100],[-113.32998270,52.30886694,839.47381600],[-113.32993150,52.30887304,838.63769500],[-113.32988570,52.30887851,838.33972200],[-113.32986970,52.30888043,838.22412100],[-113.32982030,52.30888632,837.96637000],[-113.32977130,52.30889217,837.44061300],[-113.32975210,52.30889447,837.41778600],[-113.32970370,52.30890024,837.18090800],[-113.32965280,52.30890632,837.15319800],[-113.32960440,52.30891210,836.95312500],[-113.32954930,52.30891868,836.84198000],[-113.32953030,52.30892094,836.79620400],[-113.32947390,52.30892768,836.74829100],[-113.32942480,52.30893354,836.51757800],[-113.32940520,52.30893588,836.62402300],[-113.32935550,52.30894181,836.58313000],[-113.32930750,52.30894755,836.52398700],[-113.32925420,52.30895391,836.20440700],[-113.32921040,52.30895914,835.81579600],[-113.32917770,52.30896304,835.60241700],[-113.32913220,52.30896848,835.20568800],[-113.32908850,52.30897369,835.06048600],[-113.32907380,52.30897545,835.01178000],[-113.32902690,52.30898104,834.82598900],[-113.32897530,52.30898720,834.91650400],[-113.32894360,52.30899099,834.80902100],[-113.32889360,52.30899696,834.59429900],[-113.32884300,52.30900300,834.36273200],[-113.32666390,52.30925017,835.46868900],[-113.32645900,52.30927341,832.07550000],[-113.32644500,52.30927500,833.52514600],[-113.32641840,52.30927837,830.51080300],[-113.32637210,52.30928425,830.49707000],[-113.32635740,52.30928612,830.43981900],[-113.32629530,52.30929400,829.86200000],[-113.32626310,52.30929810,829.91491700],[-113.32620930,52.30930492,830.27642800],[-113.32615910,52.30931130,830.47711200],[-113.32610630,52.30931800,830.46020500],[-113.32605770,52.30932417,830.47778300],[-113.32600720,52.30933059,830.48559600],[-113.32596020,52.30933655,830.54272500],[-113.32591220,52.30934264,830.54950000],[-113.32586420,52.30934873,830.44067400],[-113.32585080,52.30935044,830.46850600],[-113.32580540,52.30935621,830.49591100],[-113.32576190,52.30936173,830.19421400],[-113.32574820,52.30936347,830.16888400],[-113.32574400,52.30936400,830.14434800],[-113.32567720,52.30937129,829.88342300],[-113.32563380,52.30937603,829.65020800],[-113.32558830,52.30938100,829.39599600],[-113.32553760,52.30938653,829.20391800],[-113.32550100,52.30939052,829.07147200],[-113.32544640,52.30939649,829.01599100],[-113.32539590,52.30940200,828.81897000],[-113.32534610,52.30940744,828.83471700],[-113.32529330,52.30941320,828.81768800],[-113.32527050,52.30941569,828.69561800],[-113.32523100,52.30942000,828.70983900],[-113.32518520,52.30942557,828.87432900],[-113.32516150,52.30942846,828.89221200],[-113.32511150,52.30943453,828.68158000],[-113.32505990,52.30944081,828.49310300],[-113.32500800,52.30944712,828.34252900],[-113.32496320,52.30945257,828.02722200],[-113.32491100,52.30945892,827.94702100],[-113.32487000,52.30946391,827.78887900],[-113.32486100,52.30946500,827.65545700],[-113.32485290,52.30946593,827.80841100],[-113.32484240,52.30946714,827.70977800],[-113.32482670,52.30946895,827.82019000],[-113.32481190,52.30947065,827.79748500],[-113.32479580,52.30947250,827.59552000],[-113.32478040,52.30947427,827.50402800],[-113.32476890,52.30947560,827.48950200],[-113.32475350,52.30947736,827.48150600],[-113.32473870,52.30947907,827.40698200],[-113.32472330,52.30948084,827.42431600],[-113.32470790,52.30948261,827.39282200],[-113.32469210,52.30948442,827.26629600],[-113.32468080,52.30948572,827.26879900],[-113.32466540,52.30948750,827.26007100],[-113.32465000,52.30948927,827.21069300],[-113.32463600,52.30949088,827.29071000],[-113.32462220,52.30949246,827.29382300],[-113.32460750,52.30949416,827.21130400],[-113.32459210,52.30949593,827.21209700],[-113.32457860,52.30949748,827.19952400],[-113.32456410,52.30949915,827.23309300],[-113.32455070,52.30950069,827.17260700],[-113.32453340,52.30950268,827.23950200],[-113.32451700,52.30950456,827.34350600],[-113.32450190,52.30950631,827.26440400],[-113.32448570,52.30950816,827.24597200],[-113.32447040,52.30950993,827.29888900],[-113.32445470,52.30951173,827.25970500],[-113.32443900,52.30951354,827.26202400],[-113.32442300,52.30951538,827.31677200],[-113.32440810,52.30951709,827.30658000],[-113.32439270,52.30951887,827.26110800],[-113.32437790,52.30952057,827.14648400],[-113.32436320,52.30952226,827.13842800],[-113.32434840,52.30952395,827.25329600],[-113.32433460,52.30952554,827.14721700],[-113.32431640,52.30952764,827.21380600],[-113.32430160,52.30952935,827.24597200],[-113.32428510,52.30953123,827.27587900],[-113.32426900,52.30953309,827.22399900],[-113.32425450,52.30953475,827.19647200],[-113.32423840,52.30953661,827.24261500],[-113.32422180,52.30953852,827.31317100],[-113.32420770,52.30954014,827.29400600],[-113.32418980,52.30954220,827.38110400],[-113.32417350,52.30954408,827.48138400],[-113.32415740,52.30954592,827.61798100],[-113.32414320,52.30954756,827.56378200],[-113.32412840,52.30954926,827.61987300],[-113.32411360,52.30955096,827.65667700],[-113.32409820,52.30955273,827.66790800],[-113.32408120,52.30955469,827.77471900],[-113.32406210,52.30955689,826.90618900],[-113.32404480,52.30955888,827.00549300],[-113.32402880,52.30956072,827.00280800],[-113.32401150,52.30956271,827.05670200],[-113.32399580,52.30956452,827.14599600],[-113.32398040,52.30956629,827.24932900],[-113.32396460,52.30956810,827.22821000],[-113.32394790,52.30957002,827.18988000],[-113.32393150,52.30957191,827.25439500],[-113.32391380,52.30957394,827.23321500],[-113.32389550,52.30957605,827.15521200],[-113.32387940,52.30957790,827.18548600],[-113.32386430,52.30957964,827.21240200],[-113.32384760,52.30958157,827.26440400],[-113.32383440,52.30958308,827.22180200],[-113.32381840,52.30958492,827.31951900],[-113.32381030,52.30958585,827.30151400],[-113.32380900,52.30958600,827.49774200],[-113.32373090,52.30958543,828.21380600],[-113.32367490,52.30958502,828.13452100],[-113.32364380,52.30958480,828.27502400],[-113.32358770,52.30958439,828.10229500],[-113.32355780,52.30958417,828.14910900],[-113.32350880,52.30958381,828.06530800],[-113.32346090,52.30958347,828.09570300],[-113.32341580,52.30958314,828.19567900],[-113.32339870,52.30958301,828.00592000],[-113.32333980,52.30958258,828.05682400],[-113.32327590,52.30958212,828.01452600],[-113.32322390,52.30958174,828.08081100],[-113.32320890,52.30958163,828.12432900],[-113.32319280,52.30958151,828.15008500],[-113.32314770,52.30958119,828.15869100],[-113.32309670,52.30958081,828.13732900],[-113.32304170,52.30958041,828.13220200],[-113.32300780,52.30958017,828.11389200],[-113.32295180,52.30957976,828.21160900],[-113.32293390,52.30957963,828.19830300],[-113.32287190,52.30957918,828.25647000],[-113.32285600,52.30957906,828.30999800],[-113.32281190,52.30957874,828.39862100],[-113.32276290,52.30957838,828.45629900],[-113.32270880,52.30957799,828.51251200],[-113.32267790,52.30957776,828.78997800],[-113.32264690,52.30957754,828.82910200],[-113.32261190,52.30957728,827.64239500],[-113.32256200,52.30957692,827.60498000],[-113.32251310,52.30957656,827.58252000],[-113.32249710,52.30957645,827.79052700],[-113.32244900,52.30957610,828.65148900],[-113.32243300,52.30957598,828.63409400],[-113.32238600,52.30957564,827.27398700],[-113.32233910,52.30957530,827.46283000],[-113.32232310,52.30957518,827.50177000],[-113.32226300,52.30957474,827.59808300],[-113.32221300,52.30957438,827.54541000],[-113.32216400,52.30957402,827.54101600],[-113.32214790,52.30957391,827.57391400],[-113.32210200,52.30957357,827.63391100],[-113.32204490,52.30957316,827.46679700],[-113.32198790,52.30957274,827.66491700],[-113.32197690,52.30957266,827.69909700],[-113.32193280,52.30957234,827.77587900],[-113.32187390,52.30957191,827.87170400],[-113.32184090,52.30957167,828.05017100],[-113.32178090,52.30957123,828.18078600],[-113.32173000,52.30957086,828.31012000],[-113.32168290,52.30957052,828.35327100],[-113.32166490,52.30957039,828.39740000],[-113.32161590,52.30957003,828.52020300],[-113.32156290,52.30956965,828.86578400],[-113.32151500,52.30956930,829.11230500],[-113.32147790,52.30956903,829.33770800],[-113.32142790,52.30956866,829.26300000],[-113.32136990,52.30956824,829.84381100],[-113.32135090,52.30956810,829.95971700],[-113.32129280,52.30956768,830.55590800],[-113.32124080,52.30956730,831.03027300],[-113.32122280,52.30956717,831.26190200],[-113.32117190,52.30956680,831.76519800],[-113.32111390,52.30956638,832.08929400],[-113.32106200,52.30956600,832.14209000],[-113.32104200,52.30956585,832.10620100],[-113.32098010,52.30956537,832.38769500],[-113.32096800,52.30956528,832.31109600],[-113.32092100,52.30956492,832.17108200],[-113.32087480,52.30956456,831.80560300],[-113.32085080,52.30956438,831.60388200],[-113.32082680,52.30956419,831.23529100],[-113.32077690,52.30956381,830.88671900],[-113.32072190,52.30956339,830.37817400],[-113.32070590,52.30956326,830.25647000],[-113.32064800,52.30956282,830.01458700],[-113.32063200,52.30956270,829.98419200],[-113.32058210,52.30956231,829.99823000],[-113.32052900,52.30956190,830.16821300],[-113.32047810,52.30956151,830.25470000],[-113.32042800,52.30956113,830.34729000],[-113.32037790,52.30956074,830.38061500],[-113.32033970,52.30956045,830.22692900],[-113.32029380,52.30956010,830.16711400],[-113.32026480,52.30955987,829.93310500],[-113.32021690,52.30955951,829.58569300],[-113.32016600,52.30955912,829.11987300],[-113.32014400,52.30955895,828.95861800],[-113.32013100,52.30955885,828.91052200],[-113.32008290,52.30955848,828.38812300],[-113.32003090,52.30955808,827.70898400],[-113.31998180,52.30955770,827.18591300],[-113.31993380,52.30955733,826.45690900],[-113.31987890,52.30955691,826.09222400],[-113.31985090,52.30955669,825.91497800],[-113.31982490,52.30955649,825.67688000],[-113.31977890,52.30955614,825.46807900],[-113.31972700,52.30955574,825.04980500],[-113.31967080,52.30955531,824.73571800],[-113.31965580,52.30955519,824.68707300],[-113.31960480,52.30955480,824.74572800],[-113.31958480,52.30955465,824.79162600],[-113.31952790,52.30955421,825.00830100],[-113.31947290,52.30955379,825.46850600],[-113.31945500,52.30955365,825.57171600],[-113.31940200,52.30955325,825.98291000],[-113.31935000,52.30955285,826.34027100],[-113.31929890,52.30955245,826.91180400],[-113.31928100,52.30955231,827.05761700],[-113.31924000,52.30955200,826.65460200],[-113.31923230,52.30955194,826.66741900],[-113.31908740,52.30955088,826.54480000],[-113.31904290,52.30955055,826.32177700],[-113.31896070,52.30954994,825.50598100],[-113.31893060,52.30954972,825.26507600],[-113.31887310,52.30954930,823.05719000],[-113.31884230,52.30954907,822.81622300],[-113.31879440,52.30954872,822.49377400],[-113.31873960,52.30954831,822.37072800],[-113.31868860,52.30954794,822.04638700],[-113.31863750,52.30954756,821.86071800],[-113.31847780,52.30954639,820.52557400],[-113.31842190,52.30954597,820.51019300],[-113.31838110,52.30954567,820.87280300],[-113.31831040,52.30954515,821.31549100],[-113.31826130,52.30954479,821.46588100],[-113.31821820,52.30954447,821.80560300],[-113.31817090,52.30954413,821.99560500],[-113.31814170,52.30954391,822.14001500],[-113.31809670,52.30954358,822.54980500],[-113.31804360,52.30954319,823.05737300],[-113.31802360,52.30954304,823.24542200],[-113.31797050,52.30954265,824.01007100],[-113.31791340,52.30954223,824.69018600],[-113.31785530,52.30954180,825.28302000],[-113.31783430,52.30954165,825.51751700],[-113.31777820,52.30954123,826.08831800],[-113.31772300,52.30954083,826.33422900],[-113.31766610,52.30954041,826.52801500],[-113.31764800,52.30954027,826.47851600],[-113.31759290,52.30953987,826.14990200],[-113.31753790,52.30953946,826.10162400],[-113.31748800,52.30953910,826.06408700],[-113.31747500,52.30953900,825.84783900],[-113.31746600,52.30953891,825.68280000],[-113.31743100,52.30953855,825.68981900],[-113.31737480,52.30953797,825.50177000],[-113.31732980,52.30953751,825.09832800],[-113.31731380,52.30953734,825.05603000],[-113.31725700,52.30953676,824.65148900],[-113.31721100,52.30953629,824.38568100],[-113.31717080,52.30953588,824.19189500],[-113.31712480,52.30953540,823.98181200],[-113.31707880,52.30953493,823.53399700],[-113.31706280,52.30953477,823.55621300],[-113.31703290,52.30953446,823.44702100],[-113.31698490,52.30953397,823.39502000],[-113.31693780,52.30953348,823.28607200],[-113.31690580,52.30953316,823.26599100],[-113.31689080,52.30953300,823.19067400],[-113.31684270,52.30953251,823.12719700],[-113.31679080,52.30953197,823.03247100],[-113.31677290,52.30953179,823.04229700],[-113.31672210,52.30953127,822.91961700],[-113.31670720,52.30953112,822.91040000],[-113.31665390,52.30953057,822.61822500],[-113.31660690,52.30953009,822.48101800],[-113.31654700,52.30952947,822.15832500],[-113.31651500,52.30952914,822.12872300],[-113.31648390,52.30952882,822.11248800],[-113.31643290,52.30952830,822.01782200],[-113.31638080,52.30952776,822.00732400],[-113.31632490,52.30952719,821.96771200],[-113.31627000,52.30952663,821.90142800],[-113.31623400,52.30952626,821.85211200],[-113.31617790,52.30952568,821.69061300],[-113.31614500,52.30952534,821.58172600],[-113.31609210,52.30952480,821.70861800],[-113.31607500,52.30952462,821.69989000],[-113.31601990,52.30952406,821.85339400],[-113.31596210,52.30952346,822.14337200],[-113.31590210,52.30952285,822.50592000],[-113.31584910,52.30952230,822.78521700],[-113.31583110,52.30952212,822.89502000],[-113.31577600,52.30952155,823.19610600],[-113.31572100,52.30952099,823.43481400],[-113.31568600,52.30952063,823.49627700],[-113.31563510,52.30952011,823.43469200],[-113.31559010,52.30951964,823.45098900],[-113.31557410,52.30951948,823.44830300],[-113.31552300,52.30951896,823.22790500],[-113.31547100,52.30951842,823.29132100],[-113.31545400,52.30951825,823.25408900],[-113.31540000,52.30951769,823.18841600],[-113.31534400,52.30951712,823.27069100],[-113.31532200,52.30951689,823.32391400],[-113.31528310,52.30951649,823.18792700],[-113.31522910,52.30951594,823.34668000],[-113.31517630,52.30951540,823.57940700],[-113.31515730,52.30951520,823.66302500],[-113.31510830,52.30951470,823.78717000],[-113.31505720,52.30951417,823.85980200],[-113.31500110,52.30951360,824.00708000],[-113.31498520,52.30951343,823.99438500],[-113.31494300,52.30951300,823.11938500],[-113.31493120,52.30951274,824.17541500],[-113.31488730,52.30951179,824.02880900],[-113.31485720,52.30951114,823.79028300],[-113.31481010,52.30951011,823.47558600],[-113.31475900,52.30950900,822.37408400],[-113.31470720,52.30950857,823.05462600],[-113.31466310,52.30950821,822.77179000],[-113.31463800,52.30950800,822.19781500],[-113.31460310,52.30950653,822.01550300],[-113.31456730,52.30950502,821.87811300],[-113.31455130,52.30950435,821.72741700],[-113.31453630,52.30950371,821.66467300],[-113.31451860,52.30950297,821.66229200],[-113.31450160,52.30950225,821.65509000],[-113.31448460,52.30950153,821.60192900],[-113.31446460,52.30950069,821.64349400],[-113.31444580,52.30949990,821.69512900],[-113.31442490,52.30949902,821.79638700],[-113.31440590,52.30949821,821.79809600],[-113.31438560,52.30949736,821.61859100],[-113.31436970,52.30949669,821.52081300],[-113.31434970,52.30949585,821.47222900],[-113.31432990,52.30949501,821.59381100],[-113.31431390,52.30949434,821.65222200],[-113.31429880,52.30949370,821.69598400],[-113.31426620,52.30949233,822.04089400],[-113.31424830,52.30949157,822.66168200],[-113.31423510,52.30949102,823.10058600],[-113.31422510,52.30949059,823.32220500],[-113.31421600,52.30949021,823.34472700],[-113.31421100,52.30949000,822.76123000],[-113.31419790,52.30949039,823.66741900],[-113.31417900,52.30949094,823.71691900],[-113.31416500,52.30949135,823.80468800],[-113.31414780,52.30949186,823.98761000],[-113.31413070,52.30949236,824.20910600],[-113.31411370,52.30949286,824.46850600],[-113.31409770,52.30949333,824.63562000],[-113.31407970,52.30949386,824.82782000],[-113.31406170,52.30949439,824.93640100],[-113.31404370,52.30949492,825.13262900],[-113.31402460,52.30949548,825.18841600],[-113.31400570,52.30949604,825.33349600],[-113.31398770,52.30949657,825.43512000],[-113.31396980,52.30949709,825.55029300],[-113.31395210,52.30949761,825.63940400],[-113.31393940,52.30949799,825.63940400],[-113.31390500,52.30949900,826.03698700],[-113.31387810,52.30949917,825.66320800],[-113.31386110,52.30949927,825.63702400],[-113.31384300,52.30949938,825.71087600],[-113.31382500,52.30949950,825.77368200],[-113.31380700,52.30949961,825.70532200],[-113.31378900,52.30949972,825.61889600],[-113.31377100,52.30949983,825.49908400],[-113.31375400,52.30949994,825.47772200],[-113.31373510,52.30950005,825.56408700],[-113.31371810,52.30950016,825.44641100],[-113.31370000,52.30950027,825.31958000],[-113.31368300,52.30950038,825.31909200],[-113.31366600,52.30950048,825.23040800],[-113.31364900,52.30950059,825.11322000],[-113.31363200,52.30950069,824.95782500],[-113.31359610,52.30950092,824.66809100],[-113.31357410,52.30950105,824.62310800],[-113.31355710,52.30950116,824.49859600],[-113.31354110,52.30950126,824.36407500],[-113.31352300,52.30950137,824.28277600],[-113.31350600,52.30950148,824.21301300],[-113.31348900,52.30950158,824.05688500],[-113.31347000,52.30950170,823.93188500],[-113.31345200,52.30950181,823.74621600],[-113.31343400,52.30950192,823.71630900],[-113.31341900,52.30950201,823.56512500],[-113.31338400,52.30950223,823.50231900],[-113.31336600,52.30950234,823.33252000],[-113.31334600,52.30950247,823.21820100],[-113.31332800,52.30950258,823.19012500],[-113.31330990,52.30950269,823.16333000],[-113.31327390,52.30950291,822.99249300],[-113.31325500,52.30950303,822.90747100],[-113.31323800,52.30950314,822.85430900],[-113.31322000,52.30950325,822.80957000],[-113.31320500,52.30950334,822.81518600],[-113.31318700,52.30950345,822.71350100],[-113.31316900,52.30950357,822.67230200],[-113.31315100,52.30950368,822.60522500],[-113.31313200,52.30950380,822.68981900],[-113.31311400,52.30950391,822.61798100],[-113.31309900,52.30950400,822.65814200],[-113.31307300,52.30950384,822.55651900],[-113.31305700,52.30950374,822.68408200],[-113.31304100,52.30950364,822.87750200],[-113.31302400,52.30950354,822.91369600],[-113.31299210,52.30950334,822.98529100],[-113.31297710,52.30950325,823.09301800],[-113.31295910,52.30950314,823.17071500],[-113.31294320,52.30950304,823.18048100],[-113.31292720,52.30950294,823.30297900],[-113.31290920,52.30950283,823.46801800],[-113.31287010,52.30950259,823.46679700],[-113.31285110,52.30950248,823.47619600],[-113.31283320,52.30950237,823.52618400],[-113.31281420,52.30950225,823.64599600],[-113.31279420,52.30950213,823.69952400],[-113.31277420,52.30950201,823.82049600],[-113.31275630,52.30950189,823.84362800],[-113.31273730,52.30950178,824.06427000],[-113.31271830,52.30950166,824.15387000],[-113.31269830,52.30950154,824.26080300],[-113.31267730,52.30950141,824.39001500],[-113.31265730,52.30950129,824.60888700],[-113.31263730,52.30950116,824.74432400],[-113.31261730,52.30950104,824.85601800],[-113.31257730,52.30950080,825.13739000],[-113.31255730,52.30950067,825.27447500],[-113.31253730,52.30950055,825.47088600],[-113.31251830,52.30950043,825.61639400],[-113.31249730,52.30950030,825.80859400],[-113.31247630,52.30950017,826.00421100],[-113.31243830,52.30949994,826.28460700],[-113.31241830,52.30949982,826.39892600],[-113.31239930,52.30949970,826.46191400],[-113.31238020,52.30949958,826.53912400],[-113.31235920,52.30949946,826.61578400],[-113.31233920,52.30949933,826.58642600],[-113.31231920,52.30949921,826.64178500],[-113.31230020,52.30949909,826.60742200],[-113.31224230,52.30949874,826.67028800],[-113.31222530,52.30949863,826.80322300],[-113.31217330,52.30949831,826.73040800],[-113.31213630,52.30949809,826.79510500],[-113.31212030,52.30949799,826.66192600],[-113.31206630,52.30949766,826.62500000],[-113.31205020,52.30949756,826.68188500],[-113.31203220,52.30949745,826.63238500],[-113.31199410,52.30949721,826.84613000],[-113.31197610,52.30949710,826.90741000],[-113.31192110,52.30949676,826.81018100],[-113.31190020,52.30949664,826.88641400],[-113.31186420,52.30949642,826.97662400],[-113.31180610,52.30949606,827.11981200],[-113.31178510,52.30949593,827.22857700],[-113.31172810,52.30949558,827.80242900],[-113.31170700,52.30949545,828.08648700],[-113.31164500,52.30949507,828.36169400],[-113.31162500,52.30949495,828.48870800],[-113.31160400,52.30949482,828.65588400],[-113.31154700,52.30949447,828.88671900],[-113.31152600,52.30949434,828.91680900],[-113.31150600,52.30949421,829.03833000],[-113.31147100,52.30949400,829.10510300],[-113.31146310,52.30949385,829.19848600],[-113.31142170,52.30949309,829.33911100],[-113.31139620,52.30949263,829.31207300],[-113.31138390,52.30949240,829.36480700],[-113.31135460,52.30949186,829.44512900],[-113.31133930,52.30949158,829.43548600],[-113.31132320,52.30949128,829.41668700],[-113.31130700,52.30949099,829.42407200],[-113.31129210,52.30949071,829.33728000],[-113.31127820,52.30949045,829.33252000],[-113.31126420,52.30949020,829.30432100],[-113.31123330,52.30948963,829.21118200],[-113.31121840,52.30948935,829.19189500],[-113.31118750,52.30948879,828.98321500],[-113.31114240,52.30948796,828.79742400],[-113.31112850,52.30948770,828.76782200],[-113.31109460,52.30948708,828.58667000],[-113.31105300,52.30948632,828.39428700],[-113.31102240,52.30948575,828.17962600],[-113.31098860,52.30948513,828.07397500],[-113.31095360,52.30948449,827.94512900],[-113.31093860,52.30948421,827.78698700],[-113.31090490,52.30948359,827.59759500],[-113.31087620,52.30948306,827.64349400],[-113.31086130,52.30948279,827.54382300],[-113.31084730,52.30948253,827.51049800],[-113.31083130,52.30948224,827.48858600],[-113.31080050,52.30948167,827.33190900],[-113.31076730,52.30948106,827.10632300],[-113.31075030,52.30948075,827.05310100],[-113.31070620,52.30947994,826.69012500],[-113.31066180,52.30947912,826.41980000],[-113.31064380,52.30947879,826.37451200],[-113.31059950,52.30947798,826.01629600],[-113.31056830,52.30947740,825.63928200],[-113.31055130,52.30947709,825.46960400],[-113.31049840,52.30947612,825.16217000],[-113.31048140,52.30947580,825.05908200],[-113.31044550,52.30947514,824.70959500],[-113.31041260,52.30947454,824.38568100],[-113.31039860,52.30947428,824.26129200],[-113.31037070,52.30947377,824.01709000],[-113.31032660,52.30947296,823.47137500],[-113.31031070,52.30947267,823.36389200],[-113.31026980,52.30947191,822.78802500],[-113.31021280,52.30947087,822.02111800],[-113.31016870,52.30947006,821.38177500],[-113.31011670,52.30946910,821.29467800],[-113.31009970,52.30946879,821.14648400],[-113.31005560,52.30946798,820.81170700],[-113.31002440,52.30946740,820.59088100],[-113.30998930,52.30946676,820.54602100],[-113.30995620,52.30946615,820.39178500],[-113.30990500,52.30946521,820.48852500],[-113.30985220,52.30946423,820.48877000],[-113.30983420,52.30946390,820.54150400],[-113.30978500,52.30946300,820.54217500],[-113.30976840,52.30946423,820.54760700],[-113.30975840,52.30946498,820.57568400],[-113.30974520,52.30946596,820.60278300],[-113.30973470,52.30946674,820.58111600],[-113.30972610,52.30946738,820.53381300],[-113.30970750,52.30946876,820.49041700],[-113.30969410,52.30946976,820.46667500],[-113.30967970,52.30947083,820.49902300],[-113.30966650,52.30947181,820.46527100],[-113.30965330,52.30947279,820.37738000],[-113.30964250,52.30947360,820.28729200],[-113.30963260,52.30947433,820.26928700],[-113.30962200,52.30947512,820.23791500],[-113.30960940,52.30947606,820.21038800],[-113.30959730,52.30947695,820.26452600],[-113.30958450,52.30947791,820.20690900],[-113.30954960,52.30948050,820.20721400],[-113.30953740,52.30948141,820.13842800],[-113.30952970,52.30948198,820.13110400],[-113.30951690,52.30948294,820.02252200],[-113.30950380,52.30948390,819.87902800],[-113.30949610,52.30948448,819.85510300],[-113.30948270,52.30948547,819.75341800],[-113.30947410,52.30948612,819.71057100],[-113.30946320,52.30948692,819.75512700],[-113.30945240,52.30948773,819.69043000],[-113.30943950,52.30948868,819.70037800],[-113.30942790,52.30948955,819.62390100],[-113.30941790,52.30949030,819.51318400],[-113.30940720,52.30949109,819.43328900],[-113.30939850,52.30949173,819.38262900],[-113.30933390,52.30949654,819.12847900],[-113.30932540,52.30949717,819.16381800],[-113.30931520,52.30949793,819.12890600],[-113.30930510,52.30949868,818.98962400],[-113.30929450,52.30949947,818.92511000],[-113.30928560,52.30950013,818.86462400],[-113.30927280,52.30950108,818.75598100],[-113.30925860,52.30950213,818.65570100],[-113.30924490,52.30950316,818.55688500],[-113.30923480,52.30950391,818.33190900],[-113.30922000,52.30950500,818.14178500],[-113.30920230,52.30950632,817.99578900],[-113.30918440,52.30950766,817.84930400],[-113.30916700,52.30950895,817.73730500],[-113.30915140,52.30951010,817.60791000],[-113.30911740,52.30951264,817.37188700],[-113.30909790,52.30951409,817.48077400],[-113.30908050,52.30951538,817.43951400],[-113.30906040,52.30951687,817.30090300],[-113.30904170,52.30951826,817.19281000],[-113.30902400,52.30951958,817.09991500],[-113.30900680,52.30952086,817.06237800],[-113.30898970,52.30952213,816.94622800],[-113.30897210,52.30952343,816.89398200],[-113.30895400,52.30952478,816.72460900],[-113.30893270,52.30952636,816.62329100],[-113.30891440,52.30952773,816.53021200],[-113.30889610,52.30952909,816.43640100],[-113.30887680,52.30953052,816.35467500],[-113.30885840,52.30953189,816.29260300],[-113.30883810,52.30953340,816.31561300],[-113.30881880,52.30953483,816.28112800],[-113.30880270,52.30953603,816.22387700],[-113.30878360,52.30953745,816.10040300],[-113.30876400,52.30953890,816.06872600],[-113.30874450,52.30954035,816.06561300],[-113.30872600,52.30954173,816.03869600],[-113.30870690,52.30954315,816.03247100],[-113.30868580,52.30954472,816.13678000],[-113.30866970,52.30954592,816.17108200],[-113.30865020,52.30954737,816.24768100],[-113.30863320,52.30954863,816.26672400],[-113.30861590,52.30954992,816.41119400],[-113.30860010,52.30955109,816.53051800],[-113.30858280,52.30955238,816.51361100],[-113.30856460,52.30955373,816.44689900],[-113.30854450,52.30955522,816.42199700],[-113.30852520,52.30955666,816.49609400],[-113.30850750,52.30955798,816.73968500],[-113.30849270,52.30955908,816.91461200],[-113.30847990,52.30956003,816.92578100],[-113.30846510,52.30956113,816.98327600],[-113.30844940,52.30956230,817.10601800],[-113.30843560,52.30956332,817.07989500],[-113.30842180,52.30956435,816.96087600],[-113.30840880,52.30956532,816.94067400],[-113.30839480,52.30956636,816.93072500],[-113.30838260,52.30956726,816.84338400],[-113.30837040,52.30956817,816.77417000],[-113.30835560,52.30956927,816.66387900],[-113.30834000,52.30957043,816.47222900],[-113.30832450,52.30957159,816.38818400],[-113.30830970,52.30957268,816.10937500],[-113.30829310,52.30957391,815.97882100],[-113.30827580,52.30957520,815.73840300],[-113.30825850,52.30957649,815.52960200],[-113.30824190,52.30957772,815.36132800],[-113.30822420,52.30957904,815.16967800],[-113.30820660,52.30958035,814.99072300],[-113.30818810,52.30958172,814.91107200],[-113.30817080,52.30958301,814.77142300],[-113.30815360,52.30958429,814.57910200],[-113.30813470,52.30958569,814.41851800],[-113.30811560,52.30958711,814.14209000],[-113.30805550,52.30959158,813.76861600],[-113.30803620,52.30959302,813.65777600],[-113.30797900,52.30959727,813.28350800],[-113.30792540,52.30960125,812.88037100],[-113.30787400,52.30960508,812.37237500],[-113.30785370,52.30960659,812.22039800],[-113.30780940,52.30960988,812.29461700],[-113.30774610,52.30961458,812.35839800],[-113.30770220,52.30961785,812.48992900],[-113.30765940,52.30962103,812.72180200],[-113.30759670,52.30962569,813.10302700],[-113.30753440,52.30963032,813.51739500],[-113.30747990,52.30963438,813.53839100],[-113.30742250,52.30963864,813.55218500],[-113.30736300,52.30964307,813.55328400],[-113.30733700,52.30964500,813.75476100],[-113.30730030,52.30965139,813.35601800],[-113.30725790,52.30965879,813.16821300],[-113.30721370,52.30966649,812.73577900],[-113.30716820,52.30967442,812.36950700],[-113.30712580,52.30968181,811.75372300],[-113.30711290,52.30968406,811.59429900],[-113.30706260,52.30969282,810.63092000],[-113.30701750,52.30970070,810.24688700],[-113.30696600,52.30970967,809.26861600],[-113.30693800,52.30971455,808.63421600],[-113.30688930,52.30972303,807.88208000],[-113.30684010,52.30973161,807.04272500],[-113.30678490,52.30974123,806.15588400],[-113.30677150,52.30974356,805.90277100],[-113.30672790,52.30975116,805.04779100],[-113.30668480,52.30975868,804.24847400],[-113.30664110,52.30976629,803.31750500],[-113.30659470,52.30977438,802.46630900],[-113.30654500,52.30978304,802.17309600],[-113.30652750,52.30978609,801.95507800],[-113.30647620,52.30979504,800.96283000],[-113.30643990,52.30980136,800.06622300],[-113.30639380,52.30980940,801.40551800],[-113.30634340,52.30981818,801.87591600],[-113.30631000,52.30982400,801.58032200],[-113.30627600,52.30982980,801.60632300],[-113.30622150,52.30983909,801.78051800],[-113.30618230,52.30984576,802.20428500],[-113.30613450,52.30985392,802.94171100],[-113.30609900,52.30985998,804.05932600],[-113.30605950,52.30986671,804.29437300],[-113.30601410,52.30987445,804.91333000],[-113.30596700,52.30988247,806.19897500],[-113.30593450,52.30988803,806.46960400],[-113.30588450,52.30989654,806.80670200],[-113.30586560,52.30989977,806.90039100],[-113.30581300,52.30990874,807.21069300],[-113.30577900,52.30991454,807.56970200],[-113.30573970,52.30992123,807.85980200],[-113.30568450,52.30993065,808.27880900],[-113.30566650,52.30993371,808.41809100],[-113.30561430,52.30994262,808.82617200],[-113.30555430,52.30995284,809.24218800],[-113.30553500,52.30995614,809.40490700],[-113.30547970,52.30996556,809.70208700],[-113.30544230,52.30997193,809.71991000],[-113.30538570,52.30998158,809.76568600],[-113.30535310,52.30998715,809.76037600],[-113.30529950,52.30999628,809.67639200],[-113.30528250,52.30999918,809.57568400],[-113.30522540,52.31000891,809.43377700],[-113.30520830,52.31001183,809.44189500],[-113.30515290,52.31002127,809.47290000],[-113.30511570,52.31002763,809.70202600],[-113.30505950,52.31003721,809.87072800],[-113.30499820,52.31004765,810.14898700],[-113.30497700,52.31005126,810.31860400],[-113.30492130,52.31006077,810.60382100],[-113.30490380,52.31006375,810.61950700],[-113.30487300,52.31006900,810.40716600],[-113.30482510,52.31007721,810.10528600],[-113.30476720,52.31008715,809.56378200],[-113.30473900,52.31009198,809.75488300],[-113.30468600,52.31010107,809.20007300],[-113.30467180,52.31010350,808.92517100],[-113.30462360,52.31011178,808.17901600],[-113.30459920,52.31011596,807.77282700],[-113.30455020,52.31012436,807.07452400],[-113.30453040,52.31012776,806.60821500],[-113.30448470,52.31013560,805.83941700],[-113.30444730,52.31014200,805.22399900],[-113.30439750,52.31015055,804.11712600],[-113.30437270,52.31015480,803.74029500],[-113.30432800,52.31016247,803.41400100],[-113.30429710,52.31016777,803.10028100],[-113.30425320,52.31017529,802.81439200],[-113.30423800,52.31017790,802.67578100],[-113.30419180,52.31018582,802.26818800],[-113.30415650,52.31019188,802.08331300],[-113.30410490,52.31020073,801.79431200],[-113.30408690,52.31020381,801.66992200],[-113.30403450,52.31021281,801.31738300],[-113.30397830,52.31022244,801.37878400],[-113.30392870,52.31023095,801.25708000],[-113.30388030,52.31023925,801.09857200],[-113.30384710,52.31024494,801.11712600],[-113.30379700,52.31025354,800.77807600],[-113.30377990,52.31025646,800.75152600],[-113.30373140,52.31026478,800.38000500],[-113.30371200,52.31026810,800.33972200],[-113.30366600,52.31027600,800.43817100],[-113.30363080,52.31028216,799.97827100],[-113.30358190,52.31029072,799.64379900],[-113.30356720,52.31029329,799.68029800],[-113.30351390,52.31030262,799.82989500],[-113.30349600,52.31030575,799.87530500],[-113.30344130,52.31031533,800.80658000],[-113.30342110,52.31031887,800.91272000],[-113.30336620,52.31032848,801.19201700],[-113.30333650,52.31033367,801.45727500],[-113.30327960,52.31034363,802.18231200],[-113.30324230,52.31035016,802.45782500],[-113.30319270,52.31035884,802.83520500],[-113.30317800,52.31036141,802.84558100],[-113.30313000,52.31036981,802.83099400],[-113.30309320,52.31037626,803.11230500],[-113.30304200,52.31038522,803.42858900],[-113.30300890,52.31039102,803.07141100],[-113.30295240,52.31040091,803.82959000],[-113.30293120,52.31040462,804.35852100],[-113.30288830,52.31041213,803.66009500],[-113.30286630,52.31041598,804.02941900],[-113.30284900,52.31041900,803.76971400],[-113.30280470,52.31042640,803.57348600],[-113.30279090,52.31042870,803.48089600],[-113.30273710,52.31043771,803.55560300],[-113.30270690,52.31044275,803.76287800],[-113.30266330,52.31045003,803.56878700],[-113.30263380,52.31045497,803.62799100],[-113.30258840,52.31046255,803.53997800],[-113.30253940,52.31047073,803.36828600],[-113.30249270,52.31047854,802.98168900],[-113.30246750,52.31048275,802.92450000],[-113.30242470,52.31048990,802.40942400],[-113.30239800,52.31049436,802.10821500],[-113.30234240,52.31050366,801.88171400],[-113.30231330,52.31050852,802.01458700],[-113.30226810,52.31051607,800.08111600],[-113.30223760,52.31052117,799.88299600],[-113.30218570,52.31052984,799.55810500],[-113.30216940,52.31053257,799.45959500],[-113.30211720,52.31054128,800.36731000],[-113.30208300,52.31054700,799.48590100],[-113.30203590,52.31055570,799.27270500],[-113.30200800,52.31056085,799.58337400],[-113.30195990,52.31056974,799.84631300],[-113.30192740,52.31057575,800.30218500],[-113.30187660,52.31058515,801.12677000],[-113.30184550,52.31059090,801.51171900],[-113.30180340,52.31059868,802.34478800],[-113.30177410,52.31060409,802.88238500],[-113.30172090,52.31061391,804.00817900],[-113.30170580,52.31061670,804.24151600],[-113.30166230,52.31062474,805.03320300],[-113.30163160,52.31063041,805.25531000],[-113.30157990,52.31063997,806.08569300],[-113.30156890,52.31064200,806.22320600],[-113.30151670,52.31065165,806.23742700],[-113.30149110,52.31065638,806.24310300],[-113.30144260,52.31066534,805.21508800],[-113.30140780,52.31067177,805.00250200],[-113.30135570,52.31068141,804.72747800],[-113.30134700,52.31068302,804.65277100],[-113.30132410,52.31068724,807.87097200],[-113.30132000,52.31068800,806.56256100],[-113.30127710,52.31069532,806.65972900],[-113.30124670,52.31070049,806.53112800],[-113.30119330,52.31070957,806.20318600],[-113.30117820,52.31071216,806.20459000],[-113.30113530,52.31071946,806.18347200],[-113.30109520,52.31072629,806.01123000],[-113.30104660,52.31073457,805.97149700],[-113.30103380,52.31073675,806.07067900],[-113.30098870,52.31074444,805.83490000],[-113.30093900,52.31075291,805.74377400],[-113.30088080,52.31076281,806.18457000],[-113.30083640,52.31077037,806.39312700],[-113.30080610,52.31077553,806.45257600],[-113.30076140,52.31078315,806.66571000],[-113.30073140,52.31078826,806.60308800],[-113.30068520,52.31079613,806.58178700],[-113.30064330,52.31080327,806.49932900],[-113.30060050,52.31081055,806.35192900],[-113.30056750,52.31081619,806.36767600],[-113.30051830,52.31082457,806.22039800],[-113.30050080,52.31082754,806.37017800],[-113.30045240,52.31083579,806.29010000],[-113.30041780,52.31084169,806.29412800],[-113.30036850,52.31085008,806.32159400],[-113.30035200,52.31085290,806.25372300],[-113.30030030,52.31086169,806.36761500],[-113.30028370,52.31086452,806.31079100],[-113.30022750,52.31087410,806.34881600],[-113.30021090,52.31087693,806.43457000],[-113.30015480,52.31088647,805.85430900],[-113.30010370,52.31089518,805.89227300],[-113.30007430,52.31090020,805.93298300],[-113.30002170,52.31090915,806.00958300],[-113.30000600,52.31091183,805.92211900],[-113.29995530,52.31092046,805.99682600],[-113.29993730,52.31092353,805.98077400],[-113.29989290,52.31093110,806.27020300],[-113.29986020,52.31093666,806.33038300],[-113.29981680,52.31094405,806.47741700],[-113.29979700,52.31094743,806.66552700],[-113.29974540,52.31095622,806.85449200],[-113.29972740,52.31095929,806.93438700],[-113.29967580,52.31096808,805.89880400],[-113.29966010,52.31097075,805.85302700],[-113.29961660,52.31097816,805.72448700],[-113.29959650,52.31098158,805.54217500],[-113.29954410,52.31099051,805.06787100],[-113.29949120,52.31099952,804.59747300],[-113.29944840,52.31100680,804.15387000],[-113.29943150,52.31100969,804.11279300],[-113.29941440,52.31101260,803.99499500],[-113.29936970,52.31102021,803.71460000],[-113.29935550,52.31102264,803.63092000],[-113.29930660,52.31103096,803.48852500],[-113.29927120,52.31103700,803.45208700],[-113.29922090,52.31104557,803.30358900],[-113.29920290,52.31104863,803.32110600],[-113.29915100,52.31105747,803.58007800],[-113.29913250,52.31106061,803.58831800],[-113.29907680,52.31107011,803.62719700],[-113.29905970,52.31107302,803.66558800],[-113.29900440,52.31108245,804.18450900],[-113.29894850,52.31109196,804.46099900],[-113.29892910,52.31109527,804.46337900],[-113.29887470,52.31110454,804.58270300],[-113.29882400,52.31111317,804.67321800],[-113.29878750,52.31111938,804.75701900],[-113.29873830,52.31112778,804.76092500],[-113.29868760,52.31113640,804.83862300],[-113.29867110,52.31113922,804.92059300],[-113.29862380,52.31114727,805.03631600],[-113.29859430,52.31115230,805.02148400],[-113.29854560,52.31116059,805.02410900],[-113.29852770,52.31116365,805.07312000],[-113.29847650,52.31117236,805.12420700],[-113.29842490,52.31118116,805.18078600],[-113.29839690,52.31118593,805.04638700],[-113.29834740,52.31119435,804.36407500],[-113.29832650,52.31119791,803.62860100],[-113.29832600,52.31119800,803.40704300],[-113.29827170,52.31120734,803.54730200],[-113.29822880,52.31121471,803.36462400],[-113.29819660,52.31122025,803.33270300],[-113.29815090,52.31122811,803.24090600],[-113.29813630,52.31123062,803.25457800],[-113.29808160,52.31124003,802.97399900],[-113.29803440,52.31124813,802.78881800],[-113.29798560,52.31125652,802.62500000],[-113.29796810,52.31125954,802.66210900],[-113.29792100,52.31126764,802.51898200],[-113.29790440,52.31127048,802.54119900],[-113.29784740,52.31128028,802.25347900],[-113.29783170,52.31128298,802.20001200],[-113.29778120,52.31129168,802.09918200],[-113.29776740,52.31129404,801.96618700],[-113.29772230,52.31130180,801.84491000],[-113.29770570,52.31130465,801.80017100],[-113.29765000,52.31131422,801.45507800],[-113.29762100,52.31131921,801.33252000],[-113.29756650,52.31132858,801.40240500],[-113.29755190,52.31133109,801.37811300],[-113.29750460,52.31133923,801.09509300],[-113.29747920,52.31134359,801.03369100],[-113.29743790,52.31135068,801.28021200],[-113.29740370,52.31135657,801.24859600],[-113.29735730,52.31136454,801.20697000],[-113.29733450,52.31136846,801.08007800],[-113.29729000,52.31137612,800.72070300],[-113.29727810,52.31137817,800.58062700],[-113.29722610,52.31138711,800.53710900],[-113.29718440,52.31139427,800.29492200],[-113.29713990,52.31140193,800.08837900],[-113.29709530,52.31140960,799.79870600],[-113.29708010,52.31141221,799.79821800],[-113.29703640,52.31141972,800.05902100],[-113.29700210,52.31142561,800.07812500],[-113.29695260,52.31143413,800.20367400],[-113.29692470,52.31143892,800.45092800],[-113.29687460,52.31144755,800.48541300],[-113.29683600,52.31145417,800.69342000],[-113.29679270,52.31146161,800.63647500],[-113.29677490,52.31146468,800.72741700],[-113.29672320,52.31147357,801.07281500],[-113.29671170,52.31147554,800.81317100],[-113.29665480,52.31148533,800.72338900],[-113.29663450,52.31148881,800.03082300],[-113.29661650,52.31149191,800.10589600],[-113.29661600,52.31149200,801.14508100],[-113.29657350,52.31149924,801.29888900],[-113.29652770,52.31150702,801.21710200],[-113.29649390,52.31151278,801.21649200],[-113.29644730,52.31152071,800.96301300],[-113.29642980,52.31152369,800.94171100],[-113.29638390,52.31153149,800.68298300],[-113.29636180,52.31153525,800.53332500],[-113.29631390,52.31154341,799.86517300],[-113.29628450,52.31154842,799.73272700],[-113.29624020,52.31155594,799.16290300],[-113.29622510,52.31155853,798.95788600],[-113.29617110,52.31156772,798.48181200],[-113.29612730,52.31157515,797.81951900],[-113.29608500,52.31158236,797.65521200],[-113.29603330,52.31159116,796.74981700],[-113.29601710,52.31159391,796.48712200],[-113.29597160,52.31160166,795.85620100],[-113.29592700,52.31160924,795.39599600],[-113.29588290,52.31161675,795.00970500],[-113.29583320,52.31162521,794.56097400],[-113.29578210,52.31163390,794.17791700],[-113.29576590,52.31163665,794.15911900],[-113.29571320,52.31164563,794.02368200],[-113.29567960,52.31165134,793.99957300],[-113.29566400,52.31165400,794.01837200],[-113.29562180,52.31166124,794.09600800],[-113.29557730,52.31166887,794.39178500],[-113.29554190,52.31167496,794.51629600],[-113.29549330,52.31168330,795.06408700],[-113.29546340,52.31168844,795.45080600],[-113.29541030,52.31169755,796.20990000],[-113.29539190,52.31170071,796.32519500],[-113.29533210,52.31171097,796.94317600],[-113.29531550,52.31171382,796.99340800],[-113.29525780,52.31172372,797.23260500],[-113.29522180,52.31172990,797.28552200],[-113.29516460,52.31173971,797.41662600],[-113.29510700,52.31174961,797.53332500],[-113.29507150,52.31175570,797.75512700],[-113.29501300,52.31176573,797.95452900],[-113.29499410,52.31176897,798.03961200],[-113.29493940,52.31177837,797.80908200],[-113.29490530,52.31178422,798.07702600],[-113.29485330,52.31179315,798.06543000],[-113.29483580,52.31179614,797.93981900],[-113.29478380,52.31180507,797.71020500],[-113.29474830,52.31181117,797.36090100],[-113.29469530,52.31182026,797.09338400],[-113.29467690,52.31182342,797.01452600],[-113.29462350,52.31183259,796.63507100],[-113.29458530,52.31183914,796.64331100],[-113.29453100,52.31184847,796.72930900],[-113.29451260,52.31185162,796.82281500],[-113.29445360,52.31186175,797.19451900],[-113.29443100,52.31186562,797.20672600],[-113.29437910,52.31187453,797.47052000],[-113.29436020,52.31187778,797.51409900],[-113.29430400,52.31188742,797.79950000],[-113.29428420,52.31189082,797.88507100],[-113.29422620,52.31190078,798.13720700],[-113.29420600,52.31190425,798.33252000],[-113.29414890,52.31191404,798.56909200],[-113.29413000,52.31191728,798.73028600],[-113.29406960,52.31192765,799.22619600],[-113.29405030,52.31193097,799.26617400],[-113.29399920,52.31193974,799.26678500],[-113.29396330,52.31194591,799.04992700],[-113.29390800,52.31195539,798.77587900],[-113.29389100,52.31195831,798.63598600],[-113.29387440,52.31196115,798.51532000],[-113.29385600,52.31196432,798.40002400],[-113.29383840,52.31196733,798.31762700],[-113.29382050,52.31197041,798.28509500],[-113.29380340,52.31197333,798.13812300],[-113.29378500,52.31197650,798.12402300],[-113.29376570,52.31197982,798.09619100],[-113.29374770,52.31198290,798.15411400],[-113.29372840,52.31198621,798.20050000],[-113.29368830,52.31199309,798.14349400],[-113.29366900,52.31199640,798.20343000],[-113.29365470,52.31199886,798.43689000],[-113.29363580,52.31200211,798.44470200],[-113.29361830,52.31200510,798.42700200],[-113.29360000,52.31200826,798.42822300],[-113.29357970,52.31201173,798.59320100],[-113.29356030,52.31201506,798.73901400],[-113.29354140,52.31201830,798.84411600],[-113.29352200,52.31202163,798.91607700],[-113.29350270,52.31202496,799.00201400],[-113.29346730,52.31203103,799.36621100],[-113.29344760,52.31203441,799.51470900],[-113.29342830,52.31203773,799.63049300],[-113.29340840,52.31204113,799.78198200],[-113.29339050,52.31204421,799.99047900],[-113.29336970,52.31204777,800.18890400],[-113.29334950,52.31205125,800.36511200],[-113.29333200,52.31205424,800.46978800],[-113.29331180,52.31205772,800.63720700],[-113.29329290,52.31206096,800.74670400],[-113.29326990,52.31206491,801.00079300],[-113.29323310,52.31207122,801.28649900],[-113.29321330,52.31207462,801.32049600],[-113.29319120,52.31207842,801.48168900],[-113.29315110,52.31208529,801.86010700],[-113.29313180,52.31208861,801.96350100],[-113.29311340,52.31209176,802.00390600],[-113.29309500,52.31209493,801.99871800],[-113.29307520,52.31209833,802.03021200],[-113.29305670,52.31210150,802.12652600],[-113.29302260,52.31210735,802.11950700],[-113.29301300,52.31210900,802.44903600],[-113.29297430,52.31211571,802.28247100],[-113.29296230,52.31211778,802.36358600],[-113.29295030,52.31211987,802.21142600],[-113.29292600,52.31212407,802.28167700],[-113.29291690,52.31212565,802.14941400],[-113.29288700,52.31213083,802.01361100],[-113.29287180,52.31213346,801.99542200],[-113.29285990,52.31213552,801.85882600],[-113.29283110,52.31214050,801.77258300],[-113.29281600,52.31214312,801.63519300],[-113.29280270,52.31214543,801.59387200],[-113.29279030,52.31214758,801.43878200],[-113.29274570,52.31215530,801.14563000],[-113.29271520,52.31216058,801.10730000],[-113.29269810,52.31216355,801.03588900],[-113.29268330,52.31216612,800.88452100],[-113.29266670,52.31216899,800.74017300],[-113.29263630,52.31217425,800.58520500],[-113.29262020,52.31217705,800.46331800],[-113.29260360,52.31217993,800.36877400],[-113.29258880,52.31218248,800.16351300],[-113.29254180,52.31219062,799.92230200],[-113.29251420,52.31219541,799.62170400],[-113.29248290,52.31220083,799.14422600],[-113.29246950,52.31220315,798.98077400],[-113.29243780,52.31220864,798.79339600],[-113.29240840,52.31221373,798.47442600],[-113.29239140,52.31221668,798.41497800],[-113.29237390,52.31221972,798.37487800],[-113.29234400,52.31222490,798.08172600],[-113.29232840,52.31222760,797.90521200],[-113.29231040,52.31223071,797.77459700],[-113.29229470,52.31223343,797.61169400],[-113.29227860,52.31223623,797.51098600],[-113.29224530,52.31224199,796.89929200],[-113.29222140,52.31224612,796.46899400],[-113.29220820,52.31224842,796.21411100],[-113.29217790,52.31225366,795.84680200],[-113.29214900,52.31225867,795.50970500],[-113.29213010,52.31226194,795.42761200],[-113.29211400,52.31226473,795.48712200],[-113.29208410,52.31226991,795.23590100],[-113.29206690,52.31227289,795.25347900],[-113.29205630,52.31227474,795.36547900],[-113.29204790,52.31227618,795.41101100],[-113.29203630,52.31227819,795.32830800],[-113.29200530,52.31228357,795.27948000],[-113.29197660,52.31228854,795.10852100],[-113.29196090,52.31229125,794.97399900],[-113.29193190,52.31229629,794.82110600],[-113.29190670,52.31230064,794.62341300],[-113.29189150,52.31230327,794.32147200],[-113.29185970,52.31230879,794.11767600],[-113.29182440,52.31231491,793.88128700],[-113.29180830,52.31231770,793.72998000],[-113.29177520,52.31232342,793.47998000],[-113.29175830,52.31232636,793.35632300],[-113.29173900,52.31232970,793.30987500],[-113.29172060,52.31233289,793.23657200],[-113.29170450,52.31233568,793.11218300],[-113.29168750,52.31233863,793.01123000],[-113.29167230,52.31234125,792.85900900],[-113.29165390,52.31234444,792.76379400],[-113.29161390,52.31235137,792.73272700],[-113.29159370,52.31235488,792.65539600],[-113.29157390,52.31235831,792.64398200],[-113.29155360,52.31236181,792.64312700],[-113.29153250,52.31236548,792.70068400],[-113.29149560,52.31237186,793.00268600],[-113.29145790,52.31237840,793.10101300],[-113.29144000,52.31238149,793.17907700],[-113.29142400,52.31238427,793.23321500],[-113.29138940,52.31239025,793.28527800],[-113.29137290,52.31239312,793.32330300],[-113.29134680,52.31239765,793.12432900],[-113.29132840,52.31240083,793.07769800],[-113.29129520,52.31240658,793.05627400],[-113.29125980,52.31241271,792.90271000],[-113.29124270,52.31241567,792.89788800],[-113.29122470,52.31241879,792.93811000],[-113.29119250,52.31242437,792.44409200],[-113.29116070,52.31242987,792.28869600],[-113.29114270,52.31243300,792.28259300],[-113.29112750,52.31243562,792.19299300],[-113.29110970,52.31243872,792.20697000],[-113.29109080,52.31244198,792.26831100],[-113.29105910,52.31244748,792.12579300],[-113.29103300,52.31245200,792.23645000],[-113.29102290,52.31245364,792.32482900],[-113.29099780,52.31245770,792.35577400],[-113.29096650,52.31246275,792.30871600],[-113.29095170,52.31246515,792.37689200],[-113.29093360,52.31246806,792.44708300],[-113.29088100,52.31247657,792.57788100],[-113.29086290,52.31247948,792.60632300],[-113.29084570,52.31248227,792.68499800],[-113.29081110,52.31248786,793.00067100],[-113.29077760,52.31249328,793.28082300],[-113.29076050,52.31249605,793.49572800],[-113.29073770,52.31249972,793.66558800],[-113.29073600,52.31250000,793.24011200],[-113.29072870,52.31250227,793.54870600],[-113.29072000,52.31250500,793.44812000],[-113.29058100,52.31252800,796.05926500],[-113.29042400,52.31255500,793.93219000],[-113.29039140,52.31256079,793.56451400],[-113.29036290,52.31256584,793.11200000],[-113.29035460,52.31256730,792.90777600],[-113.29034500,52.31256902,792.54730200],[-113.29033350,52.31257105,792.48931900],[-113.29031570,52.31257421,792.04827900],[-113.29030510,52.31257608,792.02862500],[-113.29029780,52.31257739,791.71191400],[-113.29028580,52.31257951,791.55792200],[-113.29027660,52.31258114,791.36511200],[-113.29026460,52.31258326,791.22180200],[-113.29025690,52.31258464,791.07702600],[-113.29024120,52.31258741,790.94189500],[-113.29022100,52.31259100,790.84594700],[-113.29020060,52.31259431,790.98901400],[-113.29017480,52.31259848,791.00970500],[-113.29015870,52.31260108,791.15881300],[-113.29014120,52.31260391,791.24151600],[-113.29010610,52.31260960,791.48620600],[-113.29008940,52.31261230,791.52447500],[-113.29007030,52.31261540,791.59472700],[-113.29003910,52.31262045,791.82507300],[-113.28999580,52.31262746,792.26141400],[-113.28998000,52.31263001,792.30090300],[-113.28994780,52.31263523,792.78137200],[-113.28991640,52.31264031,793.09808300],[-113.28987100,52.31264766,793.72448700],[-113.28982500,52.31265510,794.21289100],[-113.28980850,52.31265778,794.50170900],[-113.28976530,52.31266477,795.12188700],[-113.28973940,52.31266897,795.38501000],[-113.28969820,52.31267563,795.88812300],[-113.28967500,52.31267939,796.37762500],[-113.28964770,52.31268380,796.78802500],[-113.28963570,52.31268575,797.01641800],[-113.28961200,52.31268960,797.40679900],[-113.28957200,52.31269606,798.12719700],[-113.28955990,52.31269803,798.31292700],[-113.28953380,52.31270224,798.89801000],[-113.28949840,52.31270798,799.38867200],[-113.28946960,52.31271265,799.77697800],[-113.28945660,52.31271474,799.99127200],[-113.28944050,52.31271736,800.26739500],[-113.28940810,52.31272259,800.67981000],[-113.28939340,52.31272497,800.88159200],[-113.28937730,52.31272759,801.04870600],[-113.28934450,52.31273289,801.60992400],[-113.28930080,52.31273997,802.13879400],[-113.28927300,52.31274446,802.66021700],[-113.28914000,52.31276600,804.26953100],[-113.28908970,52.31276922,804.29437300],[-113.28903280,52.31277286,804.38159200],[-113.28899320,52.31277540,804.36041300],[-113.28896600,52.31277714,804.28759800],[-113.28891780,52.31278023,804.14050300],[-113.28890300,52.31278118,804.08392300],[-113.28884730,52.31278475,803.55542000],[-113.28880650,52.31278736,803.26629600],[-113.28875130,52.31279090,802.60028100],[-113.28870700,52.31279374,802.22271700],[-113.28865860,52.31279684,801.09021000],[-113.28861210,52.31279981,800.82629400],[-113.28856560,52.31280279,800.42559800],[-113.28855060,52.31280375,800.34808300],[-113.28852160,52.31280561,800.16601600],[-113.28846590,52.31280918,799.66217000],[-113.28842380,52.31281188,799.24218800],[-113.28837380,52.31281508,798.69262700],[-113.28832880,52.31281796,798.66741900],[-113.28829700,52.31282000,798.23974600],[-113.28824850,52.31282249,798.47509800],[-113.28823130,52.31282337,798.56250000],[-113.28821620,52.31282415,798.64050300],[-113.28816440,52.31282680,799.08557100],[-113.28812850,52.31282864,799.30877700],[-113.28810980,52.31282960,799.50708000],[-113.28807200,52.31283154,799.91229200],[-113.28802020,52.31283420,800.36651600],[-113.28800500,52.31283497,800.29968300],[-113.28795950,52.31283731,800.60400400],[-113.28791650,52.31283951,800.95367400],[-113.28788540,52.31284111,801.09838900],[-113.28783530,52.31284368,801.36022900],[-113.28781820,52.31284456,801.39202900],[-113.28780120,52.31284543,801.50439500],[-113.28773960,52.31284858,801.33758500],[-113.28768830,52.31285122,801.26959200],[-113.28767030,52.31285214,801.10601800],[-113.28763400,52.31285400,801.08496100],[-113.28759190,52.31285596,801.85107400],[-113.28756440,52.31285723,801.70178200],[-113.28751370,52.31285959,801.12292500],[-113.28746660,52.31286178,800.14257800],[-113.28742940,52.31286351,799.28582800],[-113.28737790,52.31286590,798.99157700],[-113.28736440,52.31286653,798.99408000],[-113.28732840,52.31286820,797.28649900],[-113.28730700,52.31286920,796.92657500],[-113.28726940,52.31287095,796.78521700],[-113.28722540,52.31287299,796.83392300],[-113.28718510,52.31287486,795.33667000],[-113.28714070,52.31287692,795.21557600],[-113.28709630,52.31287899,795.64910900],[-113.28705150,52.31288107,795.59912100],[-113.28704170,52.31288153,795.23718300],[-113.28701000,52.31288300,794.56579600],[-113.28695500,52.31288300,794.82830800],[-113.28691000,52.31288300,794.78338600],[-113.28686000,52.31288300,794.08880600],[-113.28684740,52.31287433,794.46722400],[-113.28683570,52.31286627,794.37567100],[-113.28682220,52.31285699,794.44928000],[-113.28681420,52.31285152,794.39257800],[-113.28680330,52.31284401,794.18042000],[-113.28679330,52.31283712,794.12011700],[-113.28678230,52.31282962,794.04742400],[-113.28677250,52.31282288,793.89520300],[-113.28676400,52.31281700,794.10760500],[-113.28641300,52.31260200,794.61077900],[-113.28640810,52.31259846,794.76092500],[-113.28639050,52.31258575,795.21209700],[-113.28638560,52.31258220,795.44360400],[-113.28637620,52.31257536,795.74682600],[-113.28636760,52.31256917,796.07373000],[-113.28636150,52.31256477,796.24279800],[-113.28635420,52.31255946,796.53851300],[-113.28634600,52.31255355,796.73541300],[-113.28633870,52.31254824,796.89837600],[-113.28633130,52.31254291,797.16809100],[-113.28632550,52.31253875,797.45727500],[-113.28631900,52.31253401,797.86767600],[-113.28631280,52.31252956,798.12158200],[-113.28630630,52.31252486,798.30212400],[-113.28629940,52.31251983,798.55810500],[-113.28629330,52.31251541,798.86328100],[-113.28628590,52.31251010,799.00079300],[-113.28627860,52.31250477,799.32122800],[-113.28627200,52.31250005,799.36462400],[-113.28626630,52.31249591,799.59747300],[-113.28625980,52.31249118,799.86541700],[-113.28624220,52.31247844,800.41638200],[-113.28623730,52.31247490,800.54107700],[-113.28622460,52.31246573,800.90979000],[-113.28621230,52.31245684,801.24749800],[-113.28620500,52.31245154,801.39837600],[-113.28619630,52.31244530,801.61999500],[-113.28618700,52.31243851,801.73181200],[-113.28617550,52.31243025,801.73297100],[-113.28616450,52.31242226,801.67370600],[-113.28615220,52.31241340,801.69873000],[-113.28614040,52.31240481,801.73822000],[-113.28612890,52.31239653,801.73162800],[-113.28611700,52.31238795,801.71362300],[-113.28610480,52.31237906,801.63378900],[-113.28609250,52.31237017,801.62689200],[-113.28608060,52.31236159,801.62982200],[-113.28607200,52.31235538,801.50897200],[-113.28606220,52.31234828,801.40759300],[-113.28605440,52.31234265,801.30621300],[-113.28604540,52.31233616,801.07440200],[-113.28603810,52.31233085,800.90582300],[-113.28603160,52.31232612,800.74102800],[-113.28602500,52.31232140,800.55639600],[-113.28601650,52.31231521,800.39129600],[-113.28600670,52.31230811,800.22778300],[-113.28599810,52.31230190,800.20568800],[-113.28598300,52.31229100,799.06451400],[-113.28595790,52.31227582,800.15911900],[-113.28594580,52.31226849,800.30090300],[-113.28593710,52.31226319,800.36450200],[-113.28592880,52.31225820,800.49438500],[-113.28592020,52.31225297,800.51660200],[-113.28591070,52.31224725,800.69531300],[-113.28589910,52.31224023,800.75787400],[-113.28588940,52.31223432,800.77307100],[-113.28588070,52.31222909,801.01721200],[-113.28587340,52.31222467,801.08581500],[-113.28586280,52.31221822,801.22290000],[-113.28585500,52.31221349,801.18627900],[-113.28583600,52.31220200,801.23455800],[-113.28582470,52.31219371,801.19842500],[-113.28581620,52.31218746,801.32037400],[-113.28580890,52.31218210,801.32299800],[-113.28579910,52.31217497,801.40728800],[-113.28578900,52.31216754,801.53900100],[-113.28578010,52.31216100,801.55487100],[-113.28577160,52.31215475,801.74102800],[-113.28576020,52.31214642,801.76287800],[-113.28575130,52.31213989,801.69000200],[-113.28574000,52.31213157,801.68481400],[-113.28572900,52.31212353,801.71972700],[-113.28571890,52.31211609,801.70361300],[-113.28570750,52.31210775,801.71929900],[-113.28569780,52.31210062,801.76849400],[-113.28568720,52.31209289,801.75860600],[-113.28567710,52.31208546,801.67767300],[-113.28566660,52.31207774,801.67431600],[-113.28565600,52.31207000,801.71099900],[-113.28564670,52.31206318,801.39117400],[-113.28563570,52.31205515,801.36151100],[-113.28562480,52.31204712,801.40698200],[-113.28561390,52.31203909,801.40301500],[-113.28560170,52.31203018,801.34161400],[-113.28559120,52.31202245,801.20367400],[-113.28558340,52.31201679,801.25097700],[-113.28558100,52.31201500,801.34545900],[-113.28557190,52.31201034,801.31958000],[-113.28556410,52.31200636,801.26580800],[-113.28555640,52.31200238,801.25000000],[-113.28554540,52.31199678,801.26147500],[-113.28553500,52.31199140,801.30108600],[-113.28552570,52.31198663,801.31561300],[-113.28551590,52.31198163,801.12872300],[-113.28550420,52.31197562,801.16497800],[-113.28549350,52.31197013,801.16387900],[-113.28547260,52.31195942,801.39758300],[-113.28546200,52.31195400,800.99963400],[-113.28545390,52.31195750,800.72930900],[-113.28544120,52.31196297,800.79388400],[-113.28543520,52.31196556,800.86200000],[-113.28542870,52.31196835,800.90887500],[-113.28541870,52.31197265,800.92627000],[-113.28540870,52.31197698,800.99902300],[-113.28540060,52.31198046,801.05340600],[-113.28539120,52.31198451,801.11761500],[-113.28538180,52.31198856,801.19012500],[-113.28537120,52.31199314,801.20678700],[-113.28536280,52.31199673,801.33410600],[-113.28535040,52.31200209,801.40948500],[-113.28533780,52.31200754,801.55041500],[-113.28532520,52.31201294,801.65728800],[-113.28531050,52.31201929,801.71197500],[-113.28529850,52.31202445,801.82312000],[-113.28528880,52.31202866,801.94488500],[-113.28528100,52.31203200,801.95983900],[-113.28527090,52.31203759,802.22387700],[-113.28526270,52.31204211,802.31842000],[-113.28525370,52.31204710,802.49212600],[-113.28524440,52.31205224,802.54272500],[-113.28523260,52.31205873,802.84912100],[-113.28522410,52.31206342,802.82641600],[-113.28521290,52.31206962,802.96051000],[-113.28519980,52.31207687,803.10638400],[-113.28518940,52.31208260,803.22308300],[-113.28517840,52.31208864,803.28070100],[-113.28516640,52.31209528,803.36541700],[-113.28515800,52.31209995,803.41357400],[-113.28514790,52.31210552,803.25561500],[-113.28513640,52.31211187,803.33062700],[-113.28512600,52.31211762,803.44659400],[-113.28511390,52.31212427,803.52911400],[-113.28510430,52.31212957,803.67199700],[-113.28509550,52.31213442,803.75878900],[-113.28508410,52.31214075,803.82922400],[-113.28507210,52.31214738,803.93212900],[-113.28506120,52.31215340,804.04400600],[-113.28505020,52.31215944,804.11279300],[-113.28503820,52.31216609,804.20892300],[-113.28502610,52.31217274,804.31189000],[-113.28501440,52.31217925,804.38769500],[-113.28499990,52.31218724,804.45977800],[-113.28498840,52.31219359,804.56347700],[-113.28497550,52.31220069,804.66229200],[-113.28496430,52.31220689,804.66430700],[-113.28495420,52.31221248,804.72302200],[-113.28494600,52.31221700,804.79931600],[-113.28493630,52.31222255,805.05401600],[-113.28492800,52.31222731,805.07537800],[-113.28491730,52.31223348,805.06427000],[-113.28490600,52.31223994,805.03381300],[-113.28489550,52.31224594,805.14038100],[-113.28488420,52.31225241,805.21582000],[-113.28487370,52.31225843,805.24707000],[-113.28486300,52.31226460,805.34130900],[-113.28485110,52.31227139,805.34881600],[-113.28484090,52.31227727,805.36889600],[-113.28483120,52.31228284,805.45752000],[-113.28482120,52.31228856,805.47369400],[-113.28481040,52.31229472,805.50201400],[-113.28479840,52.31230164,805.58007800],[-113.28478740,52.31230794,805.52478000],[-113.28477740,52.31231364,805.58447300],[-113.28476510,52.31232072,805.61749300],[-113.28475220,52.31232812,805.65509000],[-113.28474120,52.31233445,805.68530300],[-113.28472930,52.31234122,805.74621600],[-113.28472180,52.31234553,805.72631800],[-113.28472100,52.31234600,805.75134300],[-113.28471400,52.31234969,805.86029100],[-113.28470770,52.31235295,805.79327400],[-113.28470130,52.31235634,805.84747300],[-113.28469090,52.31236179,805.86169400],[-113.28468400,52.31236542,805.90789800],[-113.28467350,52.31237092,805.90722700],[-113.28466240,52.31237673,805.85510300],[-113.28465270,52.31238182,805.91259800],[-113.28464210,52.31238738,805.88970900],[-113.28463200,52.31239271,805.92047100],[-113.28461860,52.31239972,805.94268800],[-113.28460850,52.31240505,805.74560500],[-113.28459780,52.31241061,805.77288800],[-113.28458550,52.31241709,805.79187000],[-113.28457290,52.31242368,805.82690400],[-113.28456280,52.31242900,805.83898900],[-113.28455230,52.31243450,805.71929900],[-113.28454080,52.31244055,805.73980700],[-113.28452840,52.31244702,805.74237100],[-113.28451690,52.31245307,805.64447000],[-113.28450240,52.31246070,805.66149900],[-113.28448970,52.31246735,805.66442900],[-113.28447680,52.31247412,805.55871600],[-113.28446480,52.31248041,805.49737500],[-113.28445080,52.31248773,805.55822800],[-113.28444000,52.31249342,805.52179000],[-113.28442890,52.31249923,805.38092000],[-113.28441610,52.31250595,805.45312500],[-113.28440570,52.31251139,805.35601800],[-113.28439390,52.31251762,805.25799600],[-113.28438210,52.31252379,805.25738500],[-113.28436190,52.31253438,805.14862100],[-113.28434860,52.31254140,805.18341100],[-113.28433710,52.31254739,805.15637200],[-113.28432620,52.31255313,805.08837900],[-113.28431500,52.31255900,804.68505900],[-113.28429800,52.31256821,804.85888700],[-113.28428730,52.31257398,804.66192600],[-113.28427820,52.31257887,804.62408400],[-113.28426920,52.31258376,804.58679200],[-113.28426130,52.31258805,804.35772700],[-113.28425130,52.31259341,804.33148200],[-113.28424110,52.31259894,804.27569600],[-113.28423190,52.31260390,804.14611800],[-113.28422300,52.31260872,804.16101100],[-113.28421350,52.31261385,804.10778800],[-113.28420440,52.31261880,803.98657200],[-113.28419250,52.31262524,804.02838100],[-113.28418440,52.31262959,803.90289300],[-113.28417580,52.31263425,803.83209200],[-113.28416610,52.31263951,803.76330600],[-113.28415480,52.31264561,803.69268800],[-113.28413340,52.31265719,803.47222900],[-113.28412180,52.31266343,803.47991900],[-113.28411270,52.31266835,803.34240700],[-113.28410310,52.31267358,803.26330600],[-113.28409260,52.31267925,803.20611600],[-113.28408380,52.31268400,803.10479700],[-113.28407500,52.31268876,803.07562300],[-113.28406530,52.31269399,802.99200400],[-113.28405890,52.31269746,802.85888700],[-113.28404190,52.31270663,802.78540000],[-113.28403040,52.31271287,802.82287600],[-113.28402270,52.31271702,802.79400600],[-113.28401580,52.31272076,802.62481700],[-113.28400550,52.31272630,802.57678200],[-113.28399420,52.31273240,802.52887000],[-113.28398400,52.31273793,802.38177500],[-113.28397220,52.31274434,802.35290500],[-113.28396000,52.31275089,802.39318800],[-113.28395010,52.31275625,802.27020300],[-113.28392770,52.31276836,802.11908000],[-113.28391770,52.31277375,802.02710000],[-113.28390450,52.31278090,801.99517800],[-113.28389320,52.31278701,802.01727300],[-113.28388220,52.31279298,801.89117400],[-113.28387060,52.31279925,801.94897500],[-113.28386030,52.31280482,801.95813000],[-113.28384870,52.31281109,801.87158200],[-113.28383770,52.31281703,801.87591600],[-113.28382550,52.31282360,801.73919700],[-113.28381560,52.31282900,801.62359600],[-113.28380590,52.31283423,801.66601600],[-113.28379660,52.31283926,801.64679000],[-113.28378590,52.31284502,801.65551800],[-113.28377600,52.31285039,801.64721700],[-113.28376360,52.31285710,801.48199500],[-113.28375200,52.31286337,801.44439700],[-113.28374150,52.31286904,801.44519000],[-113.28372760,52.31287653,801.40948500],[-113.28371400,52.31288388,801.34027100],[-113.28367900,52.31290283,801.18670700],[-113.28365690,52.31291474,801.11792000],[-113.28364370,52.31292193,801.08532700],[-113.28361770,52.31293596,800.97778300],[-113.28359340,52.31294908,800.93640100],[-113.28356910,52.31296223,800.94140600],[-113.28354480,52.31297538,800.76422100],[-113.28352260,52.31298736,800.69879200],[-113.28351050,52.31299393,800.63787800],[-113.28348620,52.31300706,800.60150100],[-113.28346440,52.31301886,800.47351100],[-113.28342870,52.31303812,800.30761700],[-113.28341740,52.31304426,800.38470500],[-113.28338360,52.31306250,800.22802700],[-113.28337900,52.31306500,800.11517300],[-113.28335330,52.31307878,799.86499000],[-113.28333000,52.31309126,799.84790000],[-113.28330670,52.31310370,799.87902800],[-113.28328460,52.31311554,799.82171600],[-113.28325520,52.31313133,799.80548100],[-113.28323350,52.31314294,799.68121300],[-113.28321190,52.31315452,799.49408000],[-113.28317990,52.31317164,799.70819100],[-113.28315500,52.31318499,799.64758300],[-113.28313030,52.31319821,799.50140400],[-113.28310500,52.31321173,799.44189500],[-113.28307960,52.31322539,799.37957800],[-113.28305700,52.31323748,799.28479000],[-113.28302800,52.31325300,799.20471200],[-113.28300720,52.31326549,799.41302500],[-113.28298500,52.31327878,799.41333000],[-113.28295430,52.31329720,799.17907700],[-113.28294300,52.31330400,799.08911100],[-113.28291950,52.31331808,799.08410600],[-113.28289960,52.31333002,798.81329300],[-113.28286720,52.31334949,798.68182400],[-113.28283800,52.31336700,798.89837600],[-113.28281090,52.31337766,799.27087400],[-113.28278780,52.31338677,799.18689000],[-113.28275100,52.31340124,799.28692600],[-113.28272530,52.31341136,799.00927700],[-113.28268840,52.31342589,798.67590300],[-113.28264700,52.31344216,798.51507600],[-113.28262570,52.31345054,798.24450700],[-113.28262200,52.31345200,797.85272200],[-113.28257270,52.31345973,798.01861600],[-113.28253800,52.31346518,797.80731200],[-113.28248810,52.31347301,797.63317900],[-113.28245010,52.31347897,797.45007300],[-113.28239640,52.31348739,797.21020500],[-113.28237100,52.31349138,797.04547100],[-113.28232020,52.31349934,796.41912800],[-113.28229560,52.31350321,796.26831100],[-113.28224020,52.31351191,795.90618900],[-113.28219610,52.31351882,795.55291700],[-113.28217950,52.31352142,795.45019500],[-113.28213050,52.31352912,795.46228000],[-113.28209700,52.31353437,795.26532000],[-113.28205260,52.31354134,795.21691900],[-113.28204200,52.31354300,795.09625200],[-113.28202250,52.31354611,794.51123000],[-113.28197450,52.31355376,794.41162100],[-113.28194320,52.31355874,794.38928200],[-113.28189700,52.31356609,794.20251500],[-113.28186680,52.31357090,794.07299800],[-113.28181790,52.31357870,793.97241200],[-113.28178670,52.31358366,793.85882600],[-113.28172980,52.31359273,793.62927200],[-113.28170930,52.31359599,794.13238500],[-113.28165940,52.31360393,794.04492200],[-113.28164140,52.31360681,793.98217800],[-113.28158970,52.31361503,793.82782000],[-113.28157530,52.31361733,793.69891400],[-113.28152890,52.31362472,793.53192100],[-113.28149290,52.31363045,793.55957000],[-113.28144030,52.31363882,793.52197300],[-113.28139010,52.31364683,793.60199000],[-113.28135650,52.31365217,793.60150100],[-113.28130520,52.31366035,793.64270000],[-113.28127150,52.31366572,793.78222700],[-113.28121960,52.31367398,793.92260700],[-113.28120140,52.31367688,794.04211400],[-113.28115000,52.31368506,794.14642300],[-113.28109970,52.31369307,794.31347700],[-113.28104870,52.31370120,794.53637700],[-113.28103250,52.31370378,794.54480000],[-113.28098270,52.31371170,794.71118200],[-113.28094700,52.31371739,794.72729500],[-113.28089410,52.31372582,794.75720200],[-113.28086250,52.31373085,794.74408000],[-113.28084900,52.31373300,794.60754400],[-113.28079510,52.31374187,794.27008100],[-113.28078050,52.31374430,794.27209500],[-113.28070850,52.31375615,793.72100800],[-113.28065440,52.31376508,793.36218300],[-113.28062570,52.31376980,793.25769000],[-113.28056990,52.31377900,792.82482900],[-113.28055370,52.31378166,792.68573000],[-113.28050980,52.31378889,792.33209200],[-113.28046280,52.31379664,792.14160200],[-113.28041840,52.31380396,791.92028800],[-113.28037390,52.31381130,791.84161400],[-113.28032990,52.31381855,791.55950900],[-113.28029850,52.31382372,791.30371100],[-113.28024650,52.31383230,791.19470200],[-113.28022400,52.31383600,791.10900900],[-113.28017650,52.31384348,790.98712200],[-113.28013140,52.31385058,791.15112300],[-113.28007970,52.31385872,791.31030300],[-113.28003090,52.31386642,791.59387200],[-113.27997920,52.31387455,792.07037400],[-113.27994260,52.31388032,792.35418700],[-113.27989370,52.31388802,792.90338100],[-113.27985100,52.31389474,793.44220000],[-113.27979590,52.31390343,794.14337200],[-113.27976620,52.31390811,794.44830300],[-113.27972270,52.31391495,794.85809300],[-113.27968240,52.31392129,795.42218000],[-113.27963790,52.31392831,795.92071500],[-113.27959010,52.31393583,796.43518100],[-113.27954320,52.31394321,796.82287600],[-113.27951360,52.31394787,796.85571300],[-113.27946240,52.31395594,797.24499500],[-113.27941840,52.31396287,797.43548600],[-113.27937480,52.31396974,797.59887700],[-113.27932590,52.31397744,797.51080300],[-113.27927890,52.31398484,797.42919900],[-113.27923690,52.31399146,797.39697300],[-113.27918940,52.31399894,796.88110400],[-113.27918900,52.31399900,797.29394500],[-113.27916170,52.31400371,796.76519800],[-113.27910560,52.31401341,796.56457500],[-113.27908280,52.31401734,796.59729000],[-113.27903490,52.31402561,796.32092300],[-113.27900250,52.31403121,796.02270500],[-113.27894670,52.31404084,795.57098400],[-113.27892200,52.31404511,795.52917500],[-113.27887020,52.31405406,794.76220700],[-113.27884670,52.31405812,794.60559100],[-113.27880160,52.31406590,794.03411900],[-113.27877490,52.31407052,793.67199700],[-113.27873040,52.31407819,792.99481200],[-113.27869180,52.31408486,792.46832300],[-113.27864690,52.31409261,791.83917200],[-113.27861400,52.31409830,791.41192600],[-113.27856400,52.31410693,790.89581300],[-113.27853730,52.31411155,790.38220200],[-113.27849170,52.31411942,789.89001500],[-113.27845720,52.31412536,789.42688000],[-113.27841270,52.31413305,788.94482400],[-113.27838370,52.31413807,788.76428200],[-113.27833690,52.31414614,788.63299600],[-113.27830980,52.31415082,788.58990500],[-113.27830300,52.31415200,788.51440400],[-113.27825530,52.31416013,788.30603000],[-113.27824190,52.31416242,788.32189900],[-113.27819510,52.31417041,788.22790500],[-113.27817450,52.31417392,788.15551800],[-113.27812320,52.31418267,788.44238300],[-113.27807420,52.31419105,789.73907500],[-113.27802740,52.31419902,790.07141100],[-113.27801180,52.31420168,790.19189500],[-113.27796680,52.31420937,790.73309300],[-113.27793840,52.31421421,790.95660400],[-113.27788270,52.31422371,791.44079600],[-113.27785330,52.31422874,791.73358200],[-113.27784000,52.31423100,791.63616900],[-113.27779740,52.31423821,792.07830800],[-113.27777130,52.31424264,792.10839800],[-113.27771480,52.31425221,792.03039600],[-113.27768820,52.31425671,791.80450400],[-113.27764450,52.31426412,791.58111600],[-113.27761500,52.31426912,791.43048100],[-113.27756020,52.31427841,791.28772000],[-113.27753030,52.31428347,791.18829300],[-113.27748350,52.31429139,790.94439700],[-113.27743970,52.31429881,790.51178000],[-113.27738700,52.31430775,789.82489000],[-113.27736540,52.31431141,789.51318400],[-113.27731700,52.31431960,789.68750000],[-113.27727780,52.31432625,789.09942600],[-113.27723390,52.31433367,788.37908900],[-113.27718910,52.31434127,788.02911400],[-113.27714160,52.31434932,786.84857200],[-113.27711440,52.31435392,786.15148900],[-113.27705410,52.31436413,785.54870600],[-113.27703720,52.31436701,785.50860600],[-113.27699000,52.31437500,785.62976100],[-113.27696410,52.31437940,786.06628400],[-113.27691400,52.31438792,785.86560100],[-113.27687350,52.31439480,785.80651900],[-113.27682410,52.31440319,785.75372300],[-113.27679060,52.31440888,785.71490500],[-113.27673710,52.31441797,785.58197000],[-113.27672050,52.31442079,785.61853000],[-113.27667170,52.31442908,785.62481700],[-113.27663880,52.31443465,785.67559800],[-113.27658860,52.31444318,785.71417200],[-113.27655750,52.31444847,785.67968800],[-113.27650430,52.31445751,784.73712200],[-113.27647230,52.31446295,784.68090800],[-113.27642520,52.31447094,784.61950700],[-113.27639170,52.31447665,784.52612300],[-113.27634030,52.31448536,784.44921900],[-113.27630380,52.31449157,784.36541700],[-113.27624520,52.31450152,784.42517100],[-113.27622500,52.31450496,784.42358400],[-113.27616780,52.31451468,784.37701400],[-113.27614740,52.31451813,784.41760300],[-113.27609160,52.31452763,784.36297600],[-113.27607130,52.31453107,784.37738000],[-113.27601180,52.31454117,784.41479500],[-113.27599240,52.31454447,784.37548800],[-113.27594630,52.31455230,784.98608400],[-113.27591270,52.31455800,785.00421100],[-113.27586350,52.31456636,784.95642100],[-113.27584800,52.31456900,784.85327100],[-113.27579610,52.31457745,784.77758800],[-113.27577990,52.31458008,784.75970500],[-113.27572920,52.31458834,784.90429700],[-113.27569680,52.31459361,785.03759800],[-113.27564160,52.31460260,785.03509500],[-113.27559120,52.31461080,785.28930700],[-113.27556040,52.31461582,785.45990000],[-113.27554310,52.31461862,785.55127000],[-113.27549360,52.31462668,785.86108400],[-113.27544780,52.31463414,786.20037800],[-113.27543100,52.31463687,786.46508800],[-113.27537800,52.31464550,787.06738300],[-113.27534380,52.31465106,787.59100300],[-113.27529590,52.31465887,788.25860600],[-113.27525910,52.31466485,788.83441200],[-113.27521310,52.31467235,789.68798800],[-113.27516870,52.31467956,790.20141600],[-113.27512170,52.31468722,790.82977300],[-113.27507590,52.31469468,791.35980200],[-113.27502590,52.31470281,792.06250000],[-113.27498960,52.31470872,792.31518600],[-113.27494570,52.31471587,792.93481400],[-113.27489500,52.31472411,793.51452600],[-113.27486500,52.31472900,793.77038600],[-113.27483040,52.31473489,794.02777100],[-113.27478290,52.31474298,794.17010500],[-113.27474890,52.31474877,794.27282700],[-113.27469920,52.31475723,794.33557100],[-113.27463930,52.31476743,794.41082800],[-113.27459140,52.31477559,794.60192900],[-113.27454290,52.31478384,794.71417200],[-113.27451070,52.31478933,794.66357400],[-113.27445810,52.31479828,794.68127400],[-113.27444330,52.31480081,794.66522200],[-113.27439540,52.31480897,794.61828600],[-113.27436280,52.31481451,794.59350600],[-113.27431340,52.31482292,794.34832800],[-113.27429600,52.31482589,794.37597700],[-113.27424900,52.31483388,794.31512500],[-113.27421580,52.31483954,794.29998800],[-113.27416880,52.31484755,794.35290500],[-113.27413570,52.31485318,794.42822300],[-113.27408430,52.31486193,794.35998500],[-113.27406820,52.31486467,794.45288100],[-113.27401890,52.31487306,794.57330300],[-113.27399080,52.31487785,794.48040800],[-113.27394720,52.31488527,794.66052200],[-113.27391670,52.31489047,794.73162800],[-113.27387000,52.31489842,794.67572000],[-113.27382940,52.31490533,794.46777300],[-113.27380200,52.31491000,794.30108600],[-113.27375710,52.31491746,794.20587200],[-113.27370540,52.31492607,794.06591800],[-113.27366240,52.31493320,793.87152100],[-113.27360470,52.31494280,793.70477300],[-113.27359020,52.31494521,794.13232400],[-113.27354460,52.31495280,793.97198500],[-113.27351750,52.31495730,793.77148400],[-113.27347500,52.31496435,792.99029500],[-113.27342970,52.31497189,792.70080600],[-113.27338540,52.31497925,792.32690400],[-113.27335500,52.31498431,792.23608400],[-113.27330230,52.31499308,791.72161900],[-113.27327280,52.31499798,791.66992200],[-113.27322230,52.31500638,791.37768600],[-113.27320370,52.31500947,791.25329600],[-113.27316080,52.31501659,791.18499800],[-113.27311600,52.31502404,791.01910400],[-113.27306830,52.31503197,790.93811000],[-113.27304950,52.31503510,790.92150900],[-113.27300800,52.31504200,790.89154100],[-113.27298770,52.31504548,790.66479500],[-113.27294520,52.31505275,790.78582800],[-113.27291060,52.31505866,790.86560100],[-113.27287700,52.31506441,790.96472200],[-113.27284530,52.31506983,791.04467800],[-113.27279560,52.31507833,791.17712400],[-113.27274810,52.31508646,791.32202100],[-113.27273200,52.31508921,791.41149900],[-113.27268370,52.31509748,791.42407200],[-113.27266850,52.31510008,791.48602300],[-113.27262090,52.31510823,791.58599900],[-113.27258810,52.31511383,791.60382100],[-113.27253990,52.31512208,791.69000200],[-113.27251180,52.31512689,791.77063000],[-113.27246610,52.31513470,791.89038100],[-113.27243490,52.31514004,791.99652100],[-113.27238140,52.31514920,792.18237300],[-113.27235290,52.31515406,792.19897500],[-113.27230950,52.31516150,792.24957300],[-113.27227220,52.31516787,792.43420400],[-113.27221490,52.31517768,792.70007300],[-113.27218550,52.31518270,792.74517800],[-113.27214040,52.31519042,792.82617200],[-113.27211010,52.31519561,792.81372100],[-113.27206170,52.31520389,792.94659400],[-113.27201710,52.31521151,793.05822800],[-113.27196690,52.31522011,793.18560800],[-113.27193640,52.31522532,793.17089800],[-113.27189320,52.31523272,793.17211900],[-113.27185640,52.31523901,793.18670700],[-113.27180860,52.31524719,793.00708000],[-113.27176000,52.31525550,792.90002400],[-113.27172200,52.31526200,792.94055200],[-113.27169220,52.31526747,793.07659900],[-113.27164450,52.31527622,792.92688000],[-113.27161380,52.31528185,792.96228000],[-113.27156810,52.31529023,793.03112800],[-113.27153930,52.31529552,793.04882800],[-113.27148750,52.31530501,793.05462600],[-113.27147420,52.31530744,792.90850800],[-113.27142250,52.31531694,792.55267300],[-113.27139180,52.31532256,792.44189500],[-113.27134000,52.31533206,791.91741900],[-113.27131160,52.31533727,791.52758800],[-113.27126770,52.31534533,791.32269300],[-113.27125440,52.31534777,791.22869900],[-113.27120900,52.31535608,790.99481200],[-113.27117930,52.31536154,790.78418000],[-113.27112840,52.31537086,790.56909200],[-113.27108480,52.31537886,790.21478300],[-113.27104090,52.31538693,789.61981200],[-113.27103500,52.31538800,790.34198000],[-113.27098440,52.31539592,788.73407000],[-113.27094570,52.31540195,788.48022500],[-113.27090050,52.31540902,788.29779100],[-113.27087760,52.31541261,788.85430900],[-113.27082970,52.31542009,788.57629400],[-113.27080300,52.31542427,788.35601800],[-113.27074800,52.31543286,787.71258500],[-113.27072570,52.31543635,788.57360800],[-113.27067710,52.31544394,788.45782500],[-113.27064810,52.31544848,788.33221400],[-113.27058560,52.31545825,788.24047900],[-113.27053510,52.31546614,788.15832500],[-113.27048510,52.31547397,788.11248800],[-113.27046820,52.31547661,787.88378900],[-113.27042080,52.31548402,787.39990200],[-113.27040640,52.31548626,787.18951400],[-113.27036330,52.31549300,788.07159400],[-113.27032890,52.31549838,786.52618400],[-113.27028440,52.31550534,785.15722700],[-113.27024260,52.31551186,785.23461900],[-113.27019740,52.31551894,784.88208000],[-113.27018000,52.31552166,784.14837600],[-113.27016500,52.31552400,782.34191900],[-113.27016500,52.31552400,784.26251200],[-113.27012160,52.31553101,783.41729700],[-113.27007420,52.31553867,783.61419700],[-113.27003180,52.31554551,783.28479000],[-113.26997660,52.31555443,783.31732200],[-113.26992170,52.31556330,783.59802200],[-113.26989460,52.31556768,783.52099600],[-113.26985150,52.31557463,783.70422400],[-113.26979810,52.31558326,783.98577900],[-113.26974920,52.31559116,784.13421600],[-113.26971500,52.31559668,784.25647000],[-113.26966600,52.31560460,784.55877700],[-113.26963190,52.31561011,784.78637700],[-113.26956690,52.31562062,785.03198200],[-113.26953350,52.31562601,785.11810300],[-113.26948710,52.31563350,785.36517300],[-113.26948400,52.31563400,785.31073000],[-113.26945460,52.31563886,785.39209000],[-113.26941000,52.31564624,785.71612500],[-113.26936820,52.31565316,786.11279300],[-113.26931880,52.31566133,786.52429200],[-113.26928700,52.31566659,786.77130100],[-113.26924400,52.31567371,787.18371600],[-113.26920010,52.31568097,787.74780300],[-113.26915600,52.31568826,788.30108600],[-113.26912100,52.31569405,788.76507600],[-113.26906840,52.31570275,789.53039600],[-113.26903440,52.31570838,789.92028800],[-113.26898820,52.31571602,790.61358600],[-113.26894120,52.31572379,791.26947000],[-113.26889870,52.31573083,792.06512500],[-113.26885670,52.31573778,792.72351100],[-113.26880510,52.31574631,793.59478800],[-113.26877780,52.31575083,794.09558100],[-113.26873490,52.31575792,794.89288300],[-113.26869220,52.31576499,795.69311500],[-113.26864800,52.31577230,796.41619900],[-113.26861350,52.31577800,796.89410400],[-113.26857150,52.31578496,797.60040300],[-113.26853060,52.31579172,798.33129900],[-113.26848050,52.31580001,799.25128200],[-113.26845330,52.31580451,799.53680400],[-113.26840980,52.31581172,800.31341600],[-113.26840200,52.31581300,800.47442600],[-113.26837100,52.31581817,800.79827900],[-113.26831720,52.31582714,801.63757300],[-113.26827850,52.31583358,802.28039600],[-113.26823190,52.31584134,803.00201400],[-113.26820530,52.31584578,803.37182600],[-113.26816100,52.31585317,804.09912100],[-113.26812220,52.31585964,804.37390100],[-113.26807800,52.31586700,804.96771200],[-113.26805290,52.31587358,805.45239300],[-113.26801220,52.31588428,806.03009000],[-113.26800230,52.31588688,806.11651600],[-113.26795700,52.31589877,806.66412400],[-113.26794410,52.31590217,806.85491900],[-113.26789900,52.31591400,807.28094500],[-113.26788030,52.31593096,807.43402100],[-113.26785970,52.31594971,807.65350300],[-113.26785160,52.31595708,807.64257800],[-113.26784400,52.31596400,807.42773400],[-113.26783850,52.31598114,807.60327100],[-113.26783630,52.31598811,807.56781000],[-113.26783370,52.31599628,807.35040300],[-113.26782700,52.31601720,807.32458500],[-113.26782490,52.31602394,807.17511000],[-113.26782200,52.31603300,806.21234100],[-113.26782340,52.31604691,806.46618700],[-113.26782410,52.31605488,806.38079800],[-113.26782500,52.31606385,806.24719200],[-113.26782660,52.31607998,805.93609600],[-113.26782840,52.31609788,805.74688700],[-113.26782930,52.31610791,805.58252000],[-113.26783000,52.31611482,805.42712400],[-113.26783180,52.31613250,805.24908400],[-113.26783270,52.31614246,805.02349900],[-113.26783430,52.31615840,804.69470200],[-113.26783520,52.31616741,804.58050500],[-113.26783700,52.31618641,804.23968500],[-113.26783810,52.31619737,804.08960000],[-113.26783910,52.31620737,803.90033000],[-113.26784000,52.31621638,803.66107200],[-113.26784200,52.31623645,803.31750500],[-113.26784280,52.31624549,803.14117400],[-113.26784370,52.31625450,802.98437500],[-113.26784470,52.31626446,802.83331300],[-113.26784770,52.31629553,802.58648700],[-113.26785070,52.31632568,802.14569100],[-113.26785370,52.31635672,801.71160900],[-113.26785690,52.31638860,801.46087600],[-113.26786010,52.31642141,801.32171600],[-113.26786340,52.31645543,801.08447300],[-113.26786700,52.31649142,800.79370100],[-113.26787040,52.31652655,800.34790000],[-113.26787150,52.31653758,800.19842500],[-113.26787260,52.31654861,800.14239500],[-113.26787370,52.31655968,800.05181900],[-113.26787470,52.31657075,799.94232200],[-113.26787590,52.31658278,799.83618200],[-113.26787710,52.31659485,799.69567900],[-113.26787810,52.31660485,799.57067900],[-113.26787930,52.31661681,799.46087600],[-113.26788040,52.31662887,799.41748000],[-113.26788150,52.31663998,799.40869100],[-113.26788290,52.31665389,800.00817900],[-113.26788300,52.31665500,799.74005100],[-113.26788350,52.31665991,799.95367400],[-113.26788430,52.31666799,799.89398200],[-113.26788530,52.31667810,799.84680200],[-113.26788640,52.31668917,799.93530300],[-113.26788760,52.31670109,799.99231000],[-113.26788860,52.31671098,799.94030800],[-113.26788980,52.31672282,799.83172600],[-113.26789200,52.31674470,799.86358600],[-113.26789320,52.31675677,799.89312700],[-113.26789440,52.31676880,799.87237500],[-113.26789560,52.31678075,799.82592800],[-113.26789680,52.31679290,799.88940400],[-113.26789800,52.31680493,799.95770300],[-113.26789920,52.31681692,799.97528100],[-113.26790030,52.31682788,799.93621800],[-113.26790280,52.31685282,799.89660600],[-113.26790380,52.31686278,799.93322800],[-113.26790510,52.31687577,799.94958500],[-113.26790630,52.31688788,799.97949200],[-113.26790750,52.31689991,799.84619100],[-113.26790890,52.31691397,800.05810500],[-113.26791020,52.31692703,800.11352500],[-113.26791150,52.31694002,800.16748000],[-113.26791280,52.31695304,800.16070600],[-113.26791400,52.31696504,800.10229500],[-113.26791510,52.31697603,800.12359600],[-113.26791600,52.31698500,800.28076200],[-113.26791670,52.31699813,800.44610600],[-113.26791730,52.31700934,800.40307600],[-113.26791830,52.31702738,800.37310800],[-113.26791890,52.31703835,800.35308800],[-113.26791950,52.31705033,800.41229200],[-113.26792010,52.31706130,800.40838600],[-113.26792080,52.31707329,800.47070300],[-113.26792140,52.31708521,800.40271000],[-113.26792320,52.31711902,800.30621300],[-113.26792370,52.31712697,800.27508500],[-113.26792400,52.31713300,800.03088400],[-113.26791400,52.31714338,800.00909400],[-113.26788760,52.31717099,800.06018100],[-113.26787910,52.31717982,799.90612800],[-113.26786210,52.31719748,799.80889900],[-113.26785410,52.31720584,799.71417200],[-113.26783590,52.31722477,799.55358900],[-113.26782700,52.31723414,799.41040000],[-113.26781750,52.31724398,799.28167700],[-113.26779790,52.31726441,799.12481700],[-113.26778780,52.31727499,799.08239700],[-113.26777710,52.31728611,798.92388900],[-113.26776710,52.31729649,798.79022200],[-113.26775700,52.31730707,798.76257300],[-113.26773640,52.31732851,798.60839800],[-113.26772600,52.31733936,798.52941900],[-113.26771610,52.31734968,798.58367900],[-113.26770620,52.31736006,798.57782000],[-113.26769570,52.31737091,798.63549800],[-113.26768530,52.31738176,798.65759300],[-113.26767420,52.31739336,798.65869100],[-113.26765290,52.31741554,798.74377400],[-113.26764230,52.31742666,798.82373000],[-113.26763040,52.31743906,799.07208300],[-113.26761890,52.31745097,799.14831500],[-113.26760830,52.31746209,799.20452900],[-113.26759880,52.31747194,799.24987800],[-113.26759300,52.31747800,799.13275100],[-113.26758600,52.31748537,799.43762200],[-113.26757670,52.31749525,799.55859400],[-113.26756660,52.31750587,799.69189500],[-113.26755730,52.31751575,799.73101800],[-113.26754750,52.31752616,799.75567600],[-113.26753740,52.31753684,799.80737300],[-113.26752730,52.31754751,799.95257600],[-113.26751740,52.31755792,800.08819600],[-113.26750690,52.31756908,800.18750000],[-113.26749640,52.31758019,800.22460900],[-113.26748680,52.31759034,800.26947000],[-113.26747480,52.31760300,800.35260000],[-113.26746360,52.31761491,800.62042200],[-113.26745380,52.31762527,800.71868900],[-113.26744420,52.31763541,800.81848100],[-113.26743700,52.31764300,800.75231900],[-113.26742480,52.31765413,800.75061000],[-113.26741760,52.31766065,800.97332800],[-113.26739930,52.31767725,801.13647500],[-113.26739300,52.31768300,800.04693600],[-113.26738190,52.31769459,801.16662600],[-113.26737420,52.31770258,801.15710400],[-113.26736460,52.31771253,801.16888400],[-113.26735430,52.31772332,801.29272500],[-113.26734620,52.31773171,801.40618900],[-113.26733870,52.31773957,801.51739500],[-113.26733110,52.31774748,801.63159200],[-113.26732080,52.31775816,801.59881600],[-113.26731300,52.31776624,801.49212600],[-113.26729120,52.31778895,801.57238800],[-113.26728200,52.31779853,801.55157500],[-113.26727060,52.31781038,801.65979000],[-113.26726070,52.31782076,801.76599100],[-113.26725000,52.31783187,801.87200900],[-113.26724700,52.31783500,800.66241500],[-113.26723140,52.31785335,801.87548800],[-113.26722210,52.31786427,801.80877700],[-113.26721370,52.31787414,801.70251500],[-113.26720450,52.31788506,801.64679000],[-113.26719570,52.31789543,801.59729000],[-113.26717130,52.31792406,801.61108400],[-113.26716800,52.31792800,802.81341600],[-113.26714500,52.31794668,803.01470900],[-113.26711860,52.31796806,802.81707800],[-113.26709270,52.31798909,802.40631100],[-113.26707800,52.31800100,799.83709700],[-113.26706520,52.31801222,802.39019800],[-113.26703950,52.31803466,802.21972700],[-113.26701410,52.31805690,802.13177500],[-113.26699800,52.31807100,802.08551000],[-113.26697220,52.31808767,801.99749800],[-113.26694000,52.31810842,801.89190700],[-113.26690700,52.31812970,801.77771000],[-113.26687320,52.31815150,801.79449500],[-113.26684300,52.31817100,799.21142600],[-113.26681080,52.31819487,801.53332500],[-113.26678060,52.31821727,801.53869600],[-113.26675000,52.31823997,801.49438500],[-113.26672100,52.31826147,801.33337400],[-113.26669080,52.31828387,801.34277300],[-113.26666020,52.31830657,801.27533000],[-113.26663160,52.31832777,801.16320800],[-113.26660300,52.31834897,801.21081500],[-113.26657240,52.31837167,801.19421400],[-113.26654420,52.31839258,801.18200700],[-113.26651640,52.31841318,801.32269300],[-113.26648700,52.31843499,801.13842800],[-113.26645840,52.31845620,801.22888200],[-113.26642900,52.31847800,801.33020000],[-113.26640160,52.31849831,801.40960700],[-113.26637540,52.31851772,801.49212600],[-113.26634730,52.31853863,801.56347700],[-113.26631790,52.31856043,801.62231400],[-113.26629090,52.31858044,801.83538800],[-113.26626230,52.31860164,801.72528100],[-113.26623730,52.31862016,801.67120400],[-113.26622000,52.31863300,801.72277800],[-113.26619820,52.31864913,801.48608400],[-113.26616960,52.31867033,801.34368900],[-113.26614260,52.31869033,801.34491000],[-113.26611280,52.31871242,801.17529300],[-113.26608380,52.31873392,800.97412100],[-113.26605320,52.31875661,800.86462400],[-113.26602300,52.31877900,800.74200400],[-113.26599440,52.31880020,800.42321800],[-113.26596460,52.31882229,800.24768100],[-113.26593440,52.31884468,800.01959200],[-113.26590450,52.31886677,799.79370100],[-113.26587390,52.31888946,799.53747600],[-113.26584410,52.31891156,799.39428700],[-113.26581550,52.31893275,799.03991700],[-113.26578530,52.31895513,798.60650600],[-113.26575670,52.31897633,798.27679400],[-113.26572890,52.31899693,797.83429000],[-113.26570070,52.31901782,797.29480000],[-113.26567290,52.31903842,796.92462200],[-113.26564470,52.31905933,796.40899700],[-113.26561730,52.31907963,795.91522200],[-113.26558710,52.31910201,795.56988500],[-113.26555850,52.31912321,795.03729200],[-113.26553030,52.31914411,794.63262900],[-113.26550090,52.31916591,794.35839800],[-113.26547270,52.31918681,793.98730500],[-113.26544410,52.31920801,793.71258500],[-113.26541750,52.31922772,793.46142600],[-113.26539370,52.31924533,793.32440200],[-113.26538320,52.31925310,793.29687500],[-113.26538200,52.31925400,793.32934600],[-113.26536570,52.31926633,793.16357400],[-113.26533710,52.31928802,793.22949200],[-113.26530690,52.31931091,793.20617700],[-113.26527740,52.31933320,793.15148900],[-113.26521820,52.31937806,793.25860600],[-113.26518920,52.31940005,793.50762900],[-113.26515890,52.31942295,793.75390600],[-113.26513070,52.31944433,793.95867900],[-113.26510130,52.31946662,793.97619600],[-113.26507100,52.31948951,793.95880100],[-113.26504320,52.31951059,794.03289800],[-113.26501730,52.31953017,793.96191400],[-113.26500700,52.31953800,794.06475800],[-113.26499070,52.31954988,793.80651900],[-113.26496110,52.31957155,793.59588600],[-113.26493260,52.31959232,793.50000000],[-113.26490380,52.31961340,793.41168200],[-113.26487740,52.31963268,793.17669700],[-113.26484930,52.31965315,792.97589100],[-113.26482010,52.31967452,792.65850800],[-113.26479330,52.31969410,792.30432100],[-113.26476360,52.31971578,791.86029100],[-113.26473640,52.31973568,791.45019500],[-113.26470830,52.31975615,791.09289600],[-113.26467950,52.31977721,790.83880600],[-113.26465110,52.31979798,790.37799100],[-113.26462260,52.31981876,790.15600600],[-113.26459380,52.31983983,789.74072300],[-113.26456610,52.31986002,789.38232400],[-113.26453570,52.31988227,789.03411900],[-113.26450840,52.31990216,788.48309300],[-113.26447800,52.31992442,787.97058100],[-113.26444910,52.31994550,787.48681600],[-113.26441900,52.31996746,786.94342000],[-113.26438980,52.31998884,786.33648700],[-113.26435930,52.32001109,785.94317600],[-113.26433050,52.32003216,785.52941900],[-113.26430160,52.32005324,785.07061800],[-113.26427070,52.32007580,784.68432600],[-113.26424020,52.32009805,784.53363000],[-113.26421140,52.32011913,784.25970500],[-113.26418210,52.32014049,783.98449700],[-113.26415210,52.32016246,783.83630400],[-113.26412240,52.32018413,783.65960700],[-113.26409230,52.32020610,783.48352100],[-113.26406350,52.32022717,783.38031000],[-113.26403380,52.32024883,783.27417000],[-113.26400420,52.32027050,783.08569300],[-113.26397650,52.32029068,782.93841600],[-113.26394970,52.32031027,782.89837600],[-113.26392650,52.32032720,782.81237800],[-113.26390900,52.32034000,781.92095900],[-113.26388880,52.32035492,781.75970500],[-113.26385940,52.32037668,781.66418500],[-113.26382910,52.32039905,781.72607400],[-113.26380040,52.32042022,781.72113000],[-113.26377140,52.32044170,781.80670200],[-113.26374310,52.32046258,781.87658700],[-113.26371610,52.32048256,781.99078400],[-113.26368660,52.32050433,781.95690900],[-113.26365750,52.32052580,781.88922100],[-113.26362850,52.32054727,781.92627000],[-113.26360020,52.32056814,781.82421900],[-113.26357000,52.32059050,781.78521700],[-113.26354090,52.32061198,781.74072300],[-113.26351060,52.32063434,781.66790800],[-113.26348040,52.32065670,781.68017600],[-113.26344890,52.32067996,781.53222700],[-113.26341940,52.32070173,781.46179200],[-113.26339040,52.32072320,781.46209700],[-113.26336130,52.32074467,781.41180400],[-113.26333110,52.32076703,781.52648900],[-113.26327620,52.32080759,781.51068100],[-113.26324870,52.32082787,781.50671400],[-113.26322050,52.32084875,781.43200700],[-113.26319260,52.32086933,781.43841600],[-113.26316680,52.32088841,781.53418000],[-113.26316600,52.32088900,781.56890900],[-113.26314780,52.32090238,781.43377700],[-113.26311860,52.32092379,781.34289600],[-113.26308780,52.32094638,781.20861800],[-113.26305700,52.32096898,781.15387000],[-113.26302900,52.32098949,781.15197800],[-113.26299910,52.32101148,781.05407700],[-113.26297390,52.32102995,779.92242400],[-113.26294670,52.32104987,779.62011700],[-113.26292040,52.32106921,779.43127400],[-113.26288960,52.32109180,779.20709200],[-113.26286000,52.32111351,779.11010700],[-113.26283360,52.32113284,779.31250000],[-113.26280360,52.32115485,779.49279800],[-113.26277730,52.32117417,779.62097200],[-113.26275010,52.32119411,779.98010300],[-113.26273150,52.32120780,780.16577100],[-113.26272300,52.32121400,780.39996300],[-113.26271440,52.32122021,780.43188500],[-113.26269730,52.32123262,780.27410900],[-113.26267650,52.32124766,779.90679900],[-113.26265560,52.32126273,779.70971700],[-113.26263680,52.32127636,779.49511700],[-113.26261920,52.32128905,779.09661900],[-113.26259840,52.32130413,778.96337900],[-113.26257920,52.32131802,778.76788300],[-113.26255870,52.32133282,778.35961900],[-113.26253710,52.32134846,777.89929200],[-113.26251500,52.32136442,777.66229200],[-113.26249130,52.32138157,777.28509500],[-113.26246840,52.32139811,776.91967800],[-113.26244630,52.32141410,776.47113000],[-113.26242590,52.32142883,776.26367200],[-113.26240340,52.32144510,776.12262000],[-113.26237730,52.32146402,775.89300500],[-113.26235190,52.32148241,775.14630100],[-113.26233100,52.32149749,775.00720200],[-113.26232200,52.32150400,775.17016600],[-113.26230720,52.32151461,775.09912100],[-113.26227880,52.32153493,775.19458000],[-113.26225000,52.32155552,775.24511700],[-113.26222450,52.32157377,775.47528100],[-113.26219820,52.32159261,775.64801000],[-113.26217470,52.32160938,775.85717800],[-113.26214800,52.32162851,776.23309300],[-113.26212620,52.32164413,776.63610800],[-113.26210360,52.32166029,776.96777300],[-113.26208090,52.32167648,777.36157200],[-113.26205830,52.32169265,777.65698200],[-113.26203650,52.32170824,778.14880400],[-113.26201930,52.32172061,778.50531000],[-113.26200160,52.32173326,778.91589400],[-113.26198140,52.32174769,779.26989700],[-113.26196740,52.32175770,779.32897900],[-113.26196700,52.32175800,779.45404100],[-113.26195070,52.32176984,779.43158000],[-113.26192620,52.32178758,779.64740000],[-113.26190050,52.32180624,779.84362800],[-113.26187280,52.32182635,779.92810100],[-113.26184670,52.32184528,780.08471700],[-113.26181860,52.32186570,780.14447000],[-113.26179160,52.32188524,780.27337600],[-113.26176590,52.32190390,780.28259300],[-113.26174100,52.32192196,780.50158700],[-113.26171490,52.32194094,780.46582000],[-113.26169000,52.32195900,780.57897900],[-113.26165380,52.32198431,780.32012900],[-113.26162810,52.32200236,780.36071800],[-113.26160210,52.32202052,780.43591300],[-113.26157710,52.32203801,780.36792000],[-113.26155460,52.32205378,780.36431900],[-113.26155000,52.32205700,780.73492400],[-113.26153310,52.32206184,780.57458500],[-113.26149600,52.32207245,780.60418700],[-113.26145730,52.32208353,780.71228000],[-113.26141910,52.32209449,780.46582000],[-113.26138040,52.32210557,780.53717000],[-113.26133210,52.32211941,780.81720000],[-113.26133000,52.32212000,780.64617900],[-113.26132600,52.32213400,780.19250500],[-113.26127510,52.32214946,780.78289800],[-113.26122510,52.32216462,780.00988800],[-113.26118510,52.32217676,780.59191900],[-113.26113460,52.32219209,779.80108600],[-113.26108250,52.32220790,780.16259800],[-113.26102250,52.32222611,778.73559600],[-113.26099370,52.32223486,778.20220900],[-113.26092900,52.32225450,776.64971900],[-113.26089580,52.32226459,776.89978000],[-113.26084340,52.32228049,775.32641600],[-113.26078900,52.32229700,775.03118900],[-113.26077500,52.32230078,777.04547100],[-113.26073950,52.32231037,774.18450900],[-113.26070130,52.32232069,775.45501700],[-113.26065190,52.32233405,775.03997800],[-113.26058950,52.32235093,776.38732900],[-113.26053000,52.32236700,774.81964100],[-113.26052640,52.32236819,777.25842300],[-113.26048610,52.32238145,773.36242700],[-113.26044760,52.32239412,776.30487100],[-113.26041970,52.32240328,774.84381100],[-113.26039200,52.32241242,773.53521700],[-113.26036050,52.32242278,774.78167700],[-113.26032840,52.32243333,772.85247800],[-113.26029660,52.32244380,772.17248500],[-113.26026050,52.32245568,771.56927500],[-113.26022630,52.32246693,771.97662400],[-113.26018870,52.32247929,771.30438200],[-113.26015560,52.32249018,771.38922100],[-113.26012160,52.32250138,771.00201400],[-113.26008740,52.32251262,770.43212900],[-113.26005270,52.32252405,770.03308100],[-113.26001790,52.32253548,769.68872100],[-113.25999090,52.32254439,769.43530300],[-113.25996430,52.32255312,770.18640100],[-113.25993570,52.32256253,771.31091300],[-113.25990680,52.32257205,771.16827400],[-113.25987860,52.32258132,769.64599600],[-113.25985360,52.32258955,769.42309600],[-113.25983700,52.32259501,769.32391400],[-113.25981480,52.32260233,769.20007300],[-113.25978690,52.32261150,768.83319100],[-113.25975890,52.32262072,768.45910600],[-113.25973380,52.32262896,767.98968500],[-113.25970480,52.32263851,767.73382600],[-113.25967720,52.32264758,767.22119100],[-113.25965170,52.32265598,766.81610100],[-113.25962410,52.32266506,766.65802000],[-113.25959640,52.32267419,766.26409900],[-113.25956380,52.32268492,765.97979700],[-113.25953260,52.32269516,765.85302700],[-113.25950970,52.32270270,765.83361800],[-113.25948800,52.32270985,765.56720000],[-113.25945850,52.32271954,766.18981900],[-113.25942450,52.32273074,765.20367400],[-113.25939010,52.32274206,765.31292700],[-113.25936900,52.32274900,762.12158200],[-113.25934700,52.32276246,763.14978000],[-113.25931180,52.32278403,762.99420200],[-113.25927820,52.32280463,763.06677200],[-113.25924000,52.32282800,763.32965100],[-113.25917640,52.32284823,763.22467000],[-113.25913320,52.32286197,763.43768300],[-113.25905570,52.32288663,763.57379200],[-113.25900910,52.32290145,762.51660200],[-113.25896200,52.32291645,763.62298600],[-113.25890580,52.32293433,766.04290800],[-113.25884950,52.32295222,767.40472400],[-113.25881750,52.32296239,770.36999500],[-113.25876210,52.32298003,770.64959700],[-113.25872840,52.32299076,772.62652600],[-113.25869640,52.32300093,774.09539800],[-113.25865610,52.32301375,774.83612100],[-113.25862700,52.32302300,776.95050000],[-113.25858210,52.32303686,774.66357400],[-113.25851830,52.32305657,774.15991200],[-113.25845280,52.32307676,775.09771700],[-113.25839320,52.32309516,775.76721200],[-113.25835160,52.32310802,776.26300000],[-113.25831600,52.32311900,777.09619100],[-113.25825200,52.32313973,778.54272500],[-113.25821540,52.32315158,779.61682100],[-113.25816640,52.32316744,781.08508300],[-113.25812090,52.32318217,782.37579300],[-113.25806820,52.32319920,783.34259000],[-113.25802490,52.32321323,783.83587600],[-113.25797370,52.32322981,783.92462200],[-113.25793220,52.32324326,784.29211400],[-113.25786500,52.32326500,784.59722900],[-113.25779900,52.32328500,784.35278300],[-113.25774600,52.32330600,784.59521500],[-113.25772110,52.32331436,784.54339600],[-113.25767620,52.32332945,784.17688000],[-113.25757610,52.32336306,783.35522500],[-113.25751130,52.32338483,783.20288100],[-113.25744520,52.32340704,783.06359900],[-113.25737820,52.32342956,783.39880400],[-113.25731220,52.32345174,782.80700700],[-113.25694530,52.32357499,782.36627200],[-113.25688040,52.32359678,782.42321800],[-113.25681510,52.32361874,781.79547100],[-113.25675170,52.32364002,781.87200900],[-113.25668160,52.32366357,782.36108400],[-113.25658410,52.32369632,782.21502700],[-113.25630700,52.32378942,782.52587900],[-113.25612450,52.32385073,782.85180700],[-113.25606210,52.32387168,783.88739000],[-113.25600230,52.32389177,783.14257800],[-113.25595100,52.32390900,782.75268600],[-113.25594010,52.32391496,784.11749300],[-113.25590800,52.32393259,785.25378400],[-113.25588740,52.32394387,784.80932600],[-113.25584180,52.32396887,784.41967800],[-113.25580370,52.32398979,784.10760500],[-113.25576500,52.32401100,782.17645300],[-113.25569800,52.32404800,783.06341600],[-113.25566470,52.32406620,782.55029300],[-113.25561350,52.32409411,782.52050800],[-113.25555710,52.32412489,782.59027100],[-113.25549910,52.32415659,782.73370400],[-113.25544210,52.32418767,782.83129900],[-113.25538960,52.32421633,782.85321000],[-113.25533910,52.32424392,782.69287100],[-113.25528400,52.32427400,782.58563200],[-113.25523020,52.32430343,782.51867700],[-113.25517470,52.32433378,782.43457000],[-113.25511910,52.32436417,782.43481400],[-113.25506130,52.32439575,781.76501500],[-113.25500580,52.32442612,781.78558300],[-113.25496320,52.32444940,781.79620400],[-113.25490260,52.32448254,781.77710000],[-113.25485470,52.32450877,781.71698000],[-113.25480350,52.32453675,781.66918900],[-113.25474530,52.32456859,781.45172100],[-113.25468680,52.32460058,781.30218500],[-113.25462990,52.32463167,781.21801800],[-113.25457310,52.32466274,781.00671400],[-113.25451510,52.32469444,780.93792700],[-113.25446760,52.32472044,780.92108200],[-113.25442400,52.32474427,780.99432400],[-113.25438390,52.32476620,781.12567100],[-113.25433640,52.32479217,781.15258800],[-113.25428520,52.32482015,781.26660200],[-113.25423240,52.32484905,781.23248300],[-113.25419140,52.32487144,781.25012200],[-113.25412760,52.32490634,781.46460000],[-113.25408800,52.32492800,781.54486100],[-113.25403720,52.32494732,781.44409200],[-113.25398070,52.32496882,781.60852100],[-113.25392550,52.32498978,781.70861800],[-113.25386690,52.32501209,782.08679200],[-113.25381260,52.32503274,782.23248300],[-113.25375320,52.32505532,782.54559300],[-113.25370690,52.32507294,782.73571800],[-113.25366200,52.32509000,783.08062700],[-113.25365310,52.32509303,783.12329100],[-113.25360360,52.32510993,783.46020500],[-113.25354140,52.32513117,783.45678700],[-113.25347910,52.32515246,783.55761700],[-113.25341490,52.32517439,783.90020800],[-113.25335440,52.32519505,783.90289300],[-113.25329330,52.32521592,784.15679900],[-113.25323890,52.32523450,784.12847900],[-113.25317750,52.32525546,783.59997600],[-113.25313570,52.32526972,784.23260500],[-113.25309100,52.32528500,784.86718800],[-113.25304410,52.32529977,784.89770500],[-113.25298550,52.32531824,784.42669700],[-113.25292600,52.32533700,784.75256300],[-113.25289840,52.32534580,784.87457300],[-113.25283550,52.32536587,784.99627700],[-113.25277540,52.32538500,785.29669200],[-113.25271330,52.32540482,785.42541500],[-113.25265040,52.32542488,785.51757800],[-113.25258010,52.32544727,785.35308800],[-113.25252930,52.32546348,785.32098400],[-113.25248340,52.32547811,785.49517800],[-113.25242080,52.32549807,785.65722700],[-113.25235820,52.32551803,785.70459000],[-113.25229770,52.32553732,785.50598100],[-113.25223800,52.32555636,785.38659700],[-113.25217260,52.32557721,785.02697800],[-113.25210880,52.32559756,784.79101600],[-113.25204930,52.32561653,785.04547100],[-113.25198880,52.32563581,785.09930400],[-113.25193310,52.32565358,784.97412100],[-113.25189100,52.32566700,784.96862800],[-113.25184200,52.32568304,785.10528600],[-113.25177770,52.32570412,785.21838400],[-113.25170750,52.32572712,785.32550000],[-113.25163520,52.32575080,785.33020000],[-113.25156760,52.32577295,785.51721200],[-113.25150060,52.32579488,785.88842800],[-113.25144740,52.32581233,786.15869100],[-113.25136860,52.32583814,786.37518300],[-113.25129850,52.32586108,786.20642100],[-113.25122670,52.32588460,786.24377400],[-113.25115700,52.32590745,786.16760300],[-113.25108800,52.32593005,786.12622100],[-113.25102250,52.32595150,786.10430900],[-113.25095770,52.32597272,786.16510000],[-113.25089370,52.32599369,786.30780000],[-113.25082530,52.32601610,786.78247100],[-113.25076670,52.32603529,787.27600100],[-113.25070100,52.32605684,787.73822000],[-113.25063980,52.32607689,788.02960200],[-113.25058520,52.32609478,788.58422900],[-113.25053000,52.32611285,789.19531300],[-113.25047920,52.32612950,789.62182600],[-113.25042520,52.32614719,790.19677700],[-113.25037160,52.32616472,790.56951900],[-113.25032500,52.32618000,790.79309100],[-113.25027560,52.32619613,790.26940900],[-113.25020700,52.32621855,789.79748500],[-113.25013610,52.32624170,789.84271200],[-113.25006880,52.32626370,789.82843000],[-113.25000430,52.32628475,789.54858400],[-113.24993930,52.32630600,789.40069600],[-113.24987600,52.32632667,789.36761500],[-113.24981380,52.32634699,789.72448700],[-113.24975350,52.32636668,789.80169700],[-113.24969810,52.32638477,790.13720700],[-113.24964390,52.32640249,790.48608400],[-113.24959420,52.32641872,790.80328400],[-113.24953590,52.32643777,791.40747100],[-113.24948560,52.32645419,791.77533000],[-113.24932700,52.32650600,794.56127900],[-113.24930230,52.32651390,794.36688200],[-113.24923800,52.32653450,793.77020300],[-113.24917350,52.32655513,793.00372300],[-113.24910490,52.32657710,792.49658200],[-113.24903810,52.32659849,792.35992400],[-113.24897240,52.32661952,792.67858900],[-113.24891390,52.32663825,793.21752900],[-113.24886360,52.32665437,793.76629600],[-113.24880350,52.32667360,794.31341600],[-113.24873840,52.32669446,794.07678200],[-113.24867180,52.32671577,793.77758800],[-113.24860520,52.32673709,793.62829600],[-113.24853790,52.32675866,793.48217800],[-113.24847490,52.32677883,793.07202100],[-113.24840680,52.32680062,792.52978500],[-113.24834110,52.32682165,791.64129600],[-113.24827810,52.32684182,791.23870800],[-113.24821590,52.32686174,791.26361100],[-113.24816200,52.32687900,791.07800300],[-113.24814150,52.32688581,790.87988300],[-113.24809150,52.32690242,791.32232700],[-113.24804500,52.32691786,791.63470500],[-113.24799020,52.32693606,792.00579800],[-113.24793610,52.32695400,792.46527100],[-113.24788620,52.32697058,792.93890400],[-113.24783630,52.32698716,793.54760700],[-113.24778400,52.32700451,794.18408200],[-113.24773580,52.32702052,794.61102300],[-113.24769290,52.32703476,795.27179000],[-113.24764980,52.32704906,795.66400100],[-113.24759900,52.32706593,796.36517300],[-113.24755130,52.32708179,796.91662600],[-113.24749780,52.32709954,797.33789100],[-113.24743990,52.32711877,797.69592300],[-113.24738500,52.32713700,798.07659900],[-113.24722800,52.32717600,798.89386000],[-113.24718080,52.32717703,798.63641400],[-113.24711570,52.32717845,798.46283000],[-113.24705660,52.32717974,798.40271000],[-113.24699900,52.32718100,798.16162100],[-113.24697190,52.32718146,798.15802000],[-113.24690270,52.32718264,798.06060800],[-113.24682870,52.32718391,797.93322800],[-113.24675570,52.32718515,797.56481900],[-113.24667970,52.32718645,797.07830800],[-113.24660190,52.32718778,796.84259000],[-113.24652800,52.32718904,796.79400600],[-113.24645200,52.32719034,796.96118200],[-113.24638210,52.32719154,797.17150900],[-113.24631700,52.32719265,797.51849400],[-113.24625310,52.32719374,797.93042000],[-113.24619520,52.32719473,798.47210700],[-113.24613100,52.32719582,798.70031700],[-113.24607700,52.32719674,798.87628200],[-113.24601500,52.32719780,799.04589800],[-113.24594090,52.32719907,798.85900900],[-113.24586920,52.32720029,798.87481700],[-113.24579730,52.32720152,798.89471400],[-113.24573260,52.32720263,798.99237100],[-113.24566240,52.32720382,798.98889200],[-113.24559240,52.32720502,799.02087400],[-113.24553500,52.32720600,799.03076200],[-113.24552600,52.32720616,798.77630600],[-113.24545190,52.32720750,798.87158200],[-113.24537190,52.32720895,799.25512700],[-113.24528910,52.32721045,799.36608900],[-113.24520900,52.32721190,799.63110400],[-113.24513120,52.32721331,799.62170400],[-113.24504920,52.32721479,799.49877900],[-113.24497210,52.32721618,799.78192100],[-113.24489200,52.32721763,799.98138400],[-113.24481410,52.32721904,800.03887900],[-113.24473190,52.32722053,799.75372300],[-113.24465090,52.32722199,799.66851800],[-113.24457490,52.32722337,799.67962600],[-113.24449400,52.32722483,800.07000700],[-113.24441800,52.32722621,800.29058800],[-113.24434210,52.32722758,800.69677700],[-113.24427010,52.32722888,801.06329300],[-113.24419180,52.32723030,801.29168700],[-113.24411970,52.32723160,801.47448700],[-113.24404650,52.32723293,801.82470700],[-113.24397250,52.32723426,802.28887900],[-113.24390370,52.32723551,802.51098600],[-113.24383660,52.32723672,802.91619900],[-113.24376600,52.32723800,803.25610400],[-113.24374200,52.32723830,804.32281500],[-113.24366990,52.32723921,804.25158700],[-113.24359180,52.32724019,804.32177700],[-113.24351080,52.32724120,804.18017600],[-113.24342960,52.32724222,803.95141600],[-113.24335330,52.32724318,803.99353000],[-113.24327820,52.32724412,803.77117900],[-113.24320390,52.32724506,803.49877900],[-113.24313580,52.32724591,802.37561000],[-113.24306190,52.32724684,801.91870100],[-113.24299090,52.32724773,801.58721900],[-113.24291360,52.32724870,801.35772700],[-113.24283850,52.32724964,801.08148200],[-113.24275850,52.32725065,801.12609900],[-113.24268270,52.32725160,801.02630600],[-113.24262440,52.32725233,801.13311800],[-113.24257100,52.32725300,800.89679000],[-113.24250510,52.32725478,801.64038100],[-113.24244440,52.32725642,801.76068100],[-113.24238390,52.32725806,801.72113000],[-113.24232090,52.32725976,801.84570300],[-113.24225390,52.32726158,802.20758100],[-113.24218970,52.32726331,802.62359600],[-113.24212180,52.32726515,802.94012500],[-113.24205390,52.32726699,802.78552200],[-113.24198070,52.32726897,803.35528600],[-113.24190760,52.32727094,803.80462600],[-113.24185890,52.32727226,802.40039100],[-113.24179740,52.32727392,803.93542500],[-113.24174920,52.32727523,804.14630100],[-113.24170860,52.32727633,802.48278800],[-113.24164560,52.32727803,802.18927000],[-113.24157640,52.32727990,801.59002700],[-113.24150530,52.32728182,800.85900900],[-113.24143130,52.32728383,799.95867900],[-113.24136110,52.32728573,799.41851800],[-113.24131400,52.32728700,799.80316200],[-113.24125620,52.32728830,800.50488300],[-113.24119050,52.32728977,800.92718500],[-113.24112890,52.32729115,801.42181400],[-113.24106570,52.32729257,801.73181200],[-113.24100280,52.32729398,802.70788600],[-113.24094100,52.32729536,802.98028600],[-113.24087910,52.32729675,803.66699200],[-113.24082120,52.32729805,804.50097700],[-113.24077740,52.32729903,805.22381600],[-113.24073230,52.32730005,805.98040800],[-113.24066650,52.32730152,808.23510700],[-113.24062370,52.32730248,809.14978000],[-113.24056200,52.32730386,810.12127700],[-113.24051600,52.32730490,810.64410400],[-113.24046760,52.32730598,810.96667500],[-113.24041930,52.32730707,811.92852800],[-113.24037440,52.32730807,812.79547100],[-113.24032750,52.32730912,813.42901600],[-113.24026740,52.32731047,814.28112800],[-113.24021950,52.32731155,814.93457000],[-113.24015610,52.32731297,815.96289100],[-113.24009960,52.32731423,817.01300000],[-113.24003530,52.32731568,817.98931900],[-113.23999150,52.32731666,818.48938000],[-113.23994720,52.32731765,819.09759500],[-113.23989160,52.32731890,820.87323000],[-113.23983310,52.32732021,821.87121600],[-113.23978670,52.32732125,822.45520000],[-113.23973870,52.32732233,822.89221200],[-113.23968880,52.32732345,823.36492900],[-113.23963870,52.32732457,823.98980700],[-113.23959290,52.32732560,824.43969700],[-113.23954180,52.32732674,825.00097700],[-113.23949280,52.32732784,825.66839600],[-113.23944860,52.32732883,826.15057400],[-113.23939700,52.32732999,826.49139400],[-113.23934560,52.32733114,826.51062000],[-113.23930100,52.32733214,826.52392600],[-113.23923640,52.32733359,826.79669200],[-113.23918720,52.32733469,826.81860400],[-113.23912900,52.32733600,826.79730200],[-113.23905600,52.32734498,826.19702100],[-113.23900150,52.32735170,825.58709700],[-113.23895650,52.32735723,825.06817600],[-113.23889290,52.32736505,824.58447300],[-113.23883440,52.32737226,824.48809800],[-113.23878010,52.32737894,824.06481900],[-113.23872110,52.32738621,823.92718500],[-113.23865130,52.32739480,823.50128200],[-113.23858820,52.32740257,823.21929900],[-113.23852320,52.32741057,822.79431200],[-113.23845910,52.32741845,822.68377700],[-113.23839530,52.32742630,822.71020500],[-113.23832940,52.32743442,822.63867200],[-113.23825830,52.32744317,822.46411100],[-113.23819010,52.32745156,822.22290000],[-113.23815400,52.32745600,824.53875700],[-113.23814560,52.32745780,821.72509800],[-113.23809480,52.32746875,821.68420400],[-113.23805120,52.32747814,821.52142300],[-113.23799170,52.32749095,821.35400400],[-113.23794830,52.32750029,821.15350300],[-113.23789530,52.32751171,821.11932400],[-113.23782820,52.32752615,821.21917700],[-113.23778450,52.32753556,821.84277300],[-113.23773600,52.32754600,822.89257800],[-113.23771070,52.32754984,823.25250200],[-113.23763380,52.32756152,822.79162600],[-113.23757930,52.32756980,823.28210400],[-113.23752200,52.32757850,823.89740000],[-113.23746310,52.32758743,824.72821000],[-113.23741540,52.32759467,825.62750200],[-113.23737220,52.32760124,826.26672400],[-113.23731640,52.32760971,827.20697000],[-113.23726940,52.32761684,827.91967800],[-113.23722300,52.32762389,828.45098900],[-113.23716600,52.32763255,829.25079300],[-113.23711290,52.32764061,829.94812000],[-113.23706120,52.32764845,830.33062700],[-113.23700670,52.32765673,830.71301300],[-113.23695130,52.32766515,831.22271700],[-113.23689340,52.32767394,831.52801500],[-113.23683530,52.32768276,832.18060300],[-113.23678100,52.32769100,832.79260300],[-113.23673220,52.32769841,833.16931200],[-113.23667300,52.32770741,833.64947500],[-113.23661810,52.32771574,834.50939900],[-113.23656660,52.32772355,835.04522700],[-113.23651100,52.32773200,836.29010000],[-113.23644170,52.32774110,835.72857700],[-113.23638260,52.32774888,835.75018300],[-113.23632300,52.32775671,835.88800000],[-113.23625910,52.32776510,835.90631100],[-113.23618730,52.32777454,835.71478300],[-113.23612150,52.32778318,835.69097900],[-113.23605620,52.32779177,835.62371800],[-113.23598890,52.32780062,835.70617700],[-113.23593200,52.32780808,835.79797400],[-113.23587880,52.32781507,835.97961400],[-113.23582690,52.32782190,836.39007600],[-113.23577380,52.32782888,836.43402100],[-113.23571200,52.32783700,836.36798100],[-113.23570390,52.32783817,836.02410900],[-113.23564560,52.32784656,835.64361600],[-113.23557920,52.32785612,835.03741500],[-113.23551180,52.32786583,834.46167000],[-113.23544650,52.32787524,833.95739700],[-113.23538230,52.32788447,833.76800500],[-113.23531540,52.32789412,833.67938200],[-113.23525520,52.32790278,833.73138400],[-113.23519220,52.32791186,833.60009800],[-113.23512670,52.32792128,833.63122600],[-113.23505860,52.32793108,833.41027800],[-113.23498580,52.32794158,833.21240200],[-113.23491740,52.32795142,833.06738300],[-113.23486040,52.32795963,833.48053000],[-113.23479810,52.32796860,833.34808300],[-113.23473090,52.32797827,832.88800000],[-113.23468010,52.32798559,832.37469500],[-113.23459200,52.32799828,831.59252900],[-113.23452510,52.32800791,831.17352300],[-113.23445680,52.32801775,830.77618400],[-113.23438950,52.32802744,830.66162100],[-113.23432480,52.32803675,830.56750500],[-113.23425950,52.32804616,830.40808100],[-113.23419310,52.32805572,830.24401900],[-113.23412750,52.32806516,830.27179000],[-113.23406420,52.32807429,829.90997300],[-113.23399680,52.32808398,829.54150400],[-113.23393240,52.32809326,829.20489500],[-113.23386810,52.32810252,829.11987300],[-113.23379110,52.32811360,828.29028300],[-113.23372620,52.32812295,827.85601800],[-113.23367210,52.32813075,827.32067900],[-113.23358620,52.32814312,827.04840100],[-113.23354220,52.32814945,826.40820300],[-113.23347400,52.32815928,826.39862100],[-113.23341590,52.32816764,826.69818100],[-113.23335120,52.32817695,826.72692900],[-113.23329200,52.32818549,826.79620400],[-113.23323500,52.32819368,826.39727800],[-113.23318160,52.32820138,826.14801000],[-113.23312930,52.32820891,826.10992400],[-113.23308700,52.32821500,826.27130100],[-113.23302260,52.32822448,825.65972900],[-113.23296050,52.32823363,824.83392300],[-113.23289610,52.32824312,823.82342500],[-113.23283850,52.32825161,823.15252700],[-113.23278160,52.32825998,822.32647700],[-113.23271600,52.32826964,821.30932600],[-113.23265010,52.32827935,820.57257100],[-113.23257920,52.32828980,820.05572500],[-113.23251770,52.32829885,820.09912100],[-113.23245430,52.32830820,820.07800300],[-113.23239190,52.32831738,820.10919200],[-113.23234700,52.32832400,819.89953600],[-113.23232230,52.32832692,819.78942900],[-113.23227670,52.32833231,819.12927200],[-113.23221960,52.32833906,818.09838900],[-113.23217760,52.32834403,817.23571800],[-113.23213450,52.32834912,816.42199700],[-113.23207560,52.32835608,815.44659400],[-113.23201090,52.32836373,814.45251500],[-113.23196470,52.32836919,813.51397700],[-113.23188950,52.32837808,812.17742900],[-113.23182440,52.32838578,811.30950900],[-113.23176020,52.32839337,810.22961400],[-113.23169410,52.32840118,809.47851600],[-113.23162630,52.32840920,808.55218500],[-113.23158350,52.32841425,808.03039600],[-113.23151800,52.32842200,810.87762500],[-113.23147890,52.32842872,808.09167500],[-113.23141540,52.32843962,809.12622100],[-113.23136090,52.32844899,805.68762200],[-113.23130890,52.32845793,804.26092500],[-113.23126720,52.32846510,805.20190400],[-113.23123230,52.32847110,803.33258100],[-113.23116930,52.32848192,802.71038800],[-113.23110630,52.32849276,802.21270800],[-113.23104420,52.32850343,801.52368200],[-113.23098890,52.32851293,800.85260000],[-113.23093170,52.32852276,800.98407000],[-113.23087300,52.32853286,802.02941900],[-113.23080460,52.32854461,802.55572500],[-113.23073750,52.32855614,800.62957800],[-113.23068660,52.32856488,799.57269300],[-113.23063170,52.32857432,799.56628400],[-113.23056650,52.32858553,799.56628400],[-113.23050190,52.32859664,799.29498300],[-113.23043660,52.32860786,798.11419700],[-113.23037500,52.32861844,797.86853000],[-113.23033100,52.32862600,798.26043700],[-113.23027210,52.32863315,796.30438200],[-113.23021610,52.32863995,798.09338400],[-113.23014890,52.32864811,797.72381600],[-113.23008420,52.32865597,797.40118400],[-113.23002770,52.32866282,798.15350300],[-113.22997260,52.32866951,798.69409200],[-113.22992360,52.32867546,799.10168500],[-113.22987680,52.32868114,799.61389200],[-113.22982170,52.32868783,800.51709000],[-113.22975870,52.32869548,801.26751700],[-113.22971240,52.32870110,802.00390600],[-113.22965540,52.32870802,802.43298300],[-113.22958620,52.32871642,802.56878700],[-113.22953200,52.32872300,802.54034400],[-113.22952400,52.32872296,802.58508300],[-113.22946210,52.32872262,802.56860400],[-113.22939210,52.32872224,802.28631600],[-113.22932410,52.32872188,801.74389600],[-113.22925410,52.32872150,801.18011500],[-113.22918220,52.32872111,800.58990500],[-113.22911210,52.32872073,799.72583000],[-113.22903710,52.32872033,799.32318100],[-113.22896610,52.32871995,799.17102100],[-113.22889410,52.32871956,799.26641800],[-113.22883410,52.32871923,799.12567100],[-113.22879100,52.32871900,798.81097400],[-113.22873800,52.32871894,798.60052500],[-113.22866700,52.32871885,797.63842800],[-113.22859500,52.32871876,796.81909200],[-113.22852200,52.32871868,796.03247100],[-113.22844700,52.32871858,795.61297600],[-113.22837000,52.32871849,795.12518300],[-113.22829700,52.32871840,794.88220200],[-113.22822900,52.32871832,794.40130600],[-113.22815400,52.32871823,794.00982700],[-113.22808500,52.32871815,794.13122600],[-113.22801600,52.32871806,793.97222900],[-113.22796300,52.32871800,794.92852800],[-113.22791200,52.32871834,794.38690200],[-113.22784500,52.32871878,794.69250500],[-113.22778400,52.32871918,794.97570800],[-113.22772020,52.32871960,795.52917500],[-113.22765830,52.32872001,795.95867900],[-113.22759890,52.32872040,796.38421600],[-113.22753670,52.32872081,797.11749300],[-113.22747890,52.32872120,797.70202600],[-113.22742300,52.32872157,798.31878700],[-113.22736300,52.32872196,798.94677700],[-113.22731410,52.32872228,799.43957500],[-113.22727010,52.32872258,799.92712400],[-113.22721790,52.32872292,800.52581800],[-113.22716180,52.32872329,801.36718800],[-113.22710370,52.32872367,801.72241200],[-113.22704760,52.32872404,802.38439900],[-113.22698650,52.32872445,803.19439700],[-113.22692840,52.32872483,803.76409900],[-113.22687030,52.32872522,804.37200900],[-113.22681640,52.32872557,804.74737500],[-113.22676680,52.32872590,804.79480000],[-113.22671790,52.32872622,804.97168000],[-113.22665400,52.32872664,804.97100800],[-113.22660000,52.32872700,805.17718500],[-113.22656010,52.32872646,805.11657700],[-113.22648890,52.32872550,805.14410400],[-113.22641410,52.32872448,805.17907700],[-113.22634120,52.32872349,805.05822800],[-113.22627410,52.32872259,804.68231200],[-113.22620700,52.32872168,804.23059100],[-113.22613300,52.32872068,803.49041700],[-113.22605900,52.32871967,802.77307100],[-113.22598200,52.32871863,802.20910600],[-113.22590980,52.32871765,801.91717500],[-113.22583780,52.32871668,801.71112100],[-113.22577550,52.32871583,801.55078100],[-113.22571080,52.32871496,800.98480200],[-113.22564410,52.32871405,800.51178000],[-113.22557330,52.32871309,800.12731900],[-113.22549640,52.32871205,799.95410200],[-113.22541940,52.32871101,799.79809600],[-113.22534420,52.32870999,800.07782000],[-113.22528240,52.32870915,800.19519000],[-113.22521950,52.32870830,799.53668200],[-113.22515620,52.32870744,799.02533000],[-113.22508610,52.32870650,798.34210200],[-113.22501830,52.32870558,797.76672400],[-113.22495120,52.32870467,796.98767100],[-113.22489010,52.32870384,796.42327900],[-113.22482800,52.32870300,796.33367900],[-113.22481700,52.32870400,796.43341100],[-113.22439600,52.32869300,795.33819600],[-113.22438500,52.32869100,794.78955100],[-113.22436170,52.32869037,794.35791000],[-113.22430420,52.32868883,794.00128200],[-113.22423570,52.32868699,793.80291700],[-113.22417610,52.32868539,793.78167700],[-113.22411290,52.32868369,793.76660200],[-113.22404480,52.32868186,793.61511200],[-113.22397640,52.32868002,793.64477500],[-113.22390100,52.32867800,793.58721900],[-113.22386000,52.32867535,793.25579800],[-113.22379040,52.32867086,793.34082000],[-113.22372010,52.32866633,793.33081100],[-113.22365400,52.32866206,793.57019000],[-113.22358820,52.32865782,793.60919200],[-113.22351270,52.32865295,793.76281700],[-113.22343660,52.32864804,793.93103000],[-113.22336510,52.32864343,793.99688700],[-113.22328760,52.32863843,794.02307100],[-113.22321210,52.32863356,793.89947500],[-113.22315600,52.32862994,793.91809100],[-113.22305670,52.32862353,793.75622600],[-113.22297580,52.32861831,793.85888700],[-113.22289660,52.32861320,794.05108600],[-113.22282890,52.32860883,794.43811000],[-113.22276310,52.32860459,794.95501700],[-113.22269960,52.32860049,795.41302500],[-113.22263490,52.32859632,795.70941200],[-113.22256800,52.32859200,795.93206800],[-113.22249440,52.32858685,795.42620800],[-113.22240940,52.32858090,794.86169400],[-113.22236440,52.32857775,794.51928700],[-113.22227980,52.32857183,794.23791500],[-113.22219740,52.32856606,793.97662400],[-113.22211820,52.32856051,794.07019000],[-113.22204070,52.32855509,794.26190200],[-113.22196540,52.32854982,794.33642600],[-113.22188680,52.32854432,794.69439700],[-113.22182690,52.32854012,794.75732400],[-113.22172610,52.32853307,795.15649400],[-113.22164740,52.32852756,795.27227800],[-113.22157240,52.32852232,795.67297400],[-113.22149910,52.32851718,796.02398700],[-113.22142230,52.32851181,796.38739000],[-113.22134860,52.32850665,796.50378400],[-113.22127690,52.32850163,796.58258100],[-113.22120100,52.32849632,796.75299100],[-113.22112310,52.32849087,796.66259800],[-113.22105470,52.32848608,796.63562000],[-113.22102500,52.32848400,798.06768800],[-113.22099710,52.32848211,796.45690900],[-113.22092870,52.32847748,796.37811300],[-113.22085770,52.32847267,796.30340600],[-113.22079060,52.32846812,796.06091300],[-113.22073950,52.32846466,795.92041000],[-113.22068720,52.32846112,795.85717800],[-113.22061800,52.32845643,795.57397500],[-113.22055230,52.32845198,795.44030800],[-113.22047730,52.32844690,795.05688500],[-113.22040980,52.32844233,794.55767800],[-113.22033850,52.32843749,794.39508100],[-113.22026820,52.32843273,794.03082300],[-113.22020630,52.32842854,793.84857200],[-113.22014300,52.32842425,793.59399400],[-113.22009500,52.32842100,795.07550000],[-113.22007450,52.32841961,793.57312000],[-113.21999720,52.32841437,793.62158200],[-113.21992420,52.32840943,793.89117400],[-113.21985140,52.32840449,794.04370100],[-113.21977850,52.32839956,794.23419200],[-113.21972600,52.32839600,795.78918500],[-113.21966480,52.32839491,795.91571000],[-113.21962150,52.32839158,796.39337200],[-113.21956200,52.32838700,796.92541500],[-113.21955170,52.32838628,796.42700200],[-113.21949140,52.32838206,795.84118700],[-113.21941900,52.32837700,796.59008800],[-113.21936620,52.32837320,796.10070800],[-113.21923800,52.32836400,796.90203900],[-113.21919100,52.32836096,799.68328900],[-113.21911220,52.32835586,799.70489500],[-113.21902790,52.32835041,799.22528100],[-113.21894100,52.32834478,798.88372800],[-113.21886020,52.32833956,798.82330300],[-113.21878380,52.32833461,798.93920900],[-113.21870620,52.32832959,799.03070100],[-113.21863350,52.32832489,799.22308300],[-113.21856140,52.32832022,799.17889400],[-113.21849450,52.32831589,799.10369900],[-113.21841500,52.32831075,799.20532200],[-113.21833140,52.32830534,799.13598600],[-113.21824930,52.32830003,799.20001200],[-113.21821800,52.32829800,796.24877900],[-113.21817670,52.32829529,799.21490500],[-113.21809780,52.32829009,799.31451400],[-113.21801620,52.32828473,799.19342000],[-113.21794000,52.32827972,799.17242400],[-113.21787040,52.32827515,799.20062300],[-113.21779860,52.32827042,799.19787600],[-113.21772040,52.32826528,799.25659200],[-113.21764590,52.32826039,799.45837400],[-113.21757030,52.32825541,800.41308600],[-113.21749100,52.32825020,800.65972900],[-113.21741610,52.32824528,800.95282000],[-113.21734150,52.32824037,801.24542200],[-113.21726460,52.32823532,801.60083000],[-113.21718700,52.32823021,801.86309800],[-113.21711070,52.32822519,802.11462400],[-113.21704070,52.32822059,802.50189200],[-113.21697160,52.32821605,802.71557600],[-113.21689770,52.32821119,802.91137700],[-113.21682020,52.32820609,803.02417000],[-113.21674720,52.32820129,803.26879900],[-113.21667460,52.32819652,803.50293000],[-113.21659930,52.32819156,803.67041000],[-113.21654100,52.32818774,803.85449200],[-113.21648620,52.32818413,804.11621100],[-113.21641450,52.32817941,804.38897700],[-113.21634180,52.32817463,804.80609100],[-113.21627730,52.32817039,805.12988300],[-113.21620950,52.32816594,805.50262500],[-113.21614490,52.32816169,805.76507600],[-113.21610400,52.32815900,803.39062500],[-113.21609800,52.32816000,805.71777300],[-113.21606490,52.32815848,805.04498300],[-113.21599170,52.32815510,805.37609900],[-113.21591480,52.32815155,805.51727300],[-113.21584550,52.32814835,805.82708700],[-113.21577430,52.32814507,806.18042000],[-113.21571040,52.32814212,806.49047900],[-113.21564330,52.32813903,806.55859400],[-113.21556730,52.32813552,806.56060800],[-113.21548840,52.32813189,806.21447800],[-113.21540880,52.32812822,805.97772200],[-113.21532790,52.32812448,805.54132100],[-113.21525600,52.32812117,805.02459700],[-113.21520390,52.32811876,804.62487800],[-113.21514670,52.32811613,804.21051000],[-113.21507530,52.32811283,803.55859400],[-113.21500340,52.32810952,802.95520000],[-113.21493300,52.32810627,802.57550000],[-113.21485890,52.32810285,802.36291500],[-113.21478580,52.32809948,802.24920700],[-113.21473200,52.32809700,802.25921600],[-113.21470720,52.32809592,802.15148900],[-113.21464150,52.32809305,802.23620600],[-113.21457770,52.32809027,802.37707500],[-113.21451380,52.32808748,802.61737100],[-113.21444450,52.32808446,802.62762500],[-113.21437270,52.32808133,802.85479700],[-113.21430120,52.32807821,802.98089600],[-113.21423000,52.32807510,803.12200900],[-113.21415600,52.32807187,803.35553000],[-113.21408630,52.32806883,803.47991900],[-113.21401640,52.32806578,803.42712400],[-113.21396490,52.32806353,803.51928700],[-113.21387900,52.32805979,803.40362500],[-113.21380870,52.32805672,803.37207000],[-113.21373650,52.32805357,803.49322500],[-113.21366580,52.32805048,803.65319800],[-113.21359190,52.32804726,803.77459700],[-113.21352190,52.32804420,804.05127000],[-113.21345090,52.32804111,804.26062000],[-113.21338020,52.32803802,804.58252000],[-113.21331690,52.32803526,804.99932900],[-113.21325640,52.32803262,805.47699000],[-113.21319320,52.32802987,805.99542200],[-113.21313430,52.32802729,806.41210900],[-113.21306400,52.32802423,806.83007800],[-113.21299810,52.32802135,807.25097700],[-113.21294630,52.32801909,807.57769800],[-113.21288890,52.32801659,807.93908700],[-113.21280810,52.32801306,808.32238800],[-113.21274240,52.32801020,808.61200000],[-113.21267570,52.32800729,808.94561800],[-113.21260590,52.32800424,809.38372800],[-113.21254350,52.32800152,809.77508500],[-113.21247760,52.32799864,810.27282700],[-113.21242380,52.32799630,810.90399200],[-113.21236160,52.32799358,811.39941400],[-113.21230520,52.32799112,811.78149400],[-113.21224250,52.32798839,812.04187000],[-113.21217740,52.32798554,812.20690900],[-113.21211310,52.32798274,812.50470000],[-113.21204970,52.32797997,812.64349400],[-113.21200110,52.32797786,812.80310100],[-113.21191320,52.32797402,813.06018100],[-113.21184400,52.32797100,813.33184800],[-113.21177610,52.32796787,813.31890900],[-113.21169680,52.32796422,813.35809300],[-113.21161720,52.32796055,813.49060100],[-113.21154050,52.32795702,813.90448000],[-113.21146730,52.32795365,814.35620100],[-113.21139400,52.32795027,814.80603000],[-113.21131580,52.32794667,815.06073000],[-113.21124130,52.32794324,815.43188500],[-113.21116930,52.32793992,815.58038300],[-113.21109800,52.32793664,815.72277800],[-113.21102530,52.32793329,815.71258500],[-113.21095150,52.32792989,815.74731400],[-113.21087400,52.32792632,815.91387900],[-113.21080030,52.32792292,815.89880400],[-113.21072480,52.32791945,815.75701900],[-113.21064910,52.32791596,815.69201700],[-113.21057420,52.32791251,815.67498800],[-113.21049650,52.32790893,815.82049600],[-113.21041970,52.32790540,815.86712600],[-113.21034700,52.32790205,816.07061800],[-113.21027730,52.32789884,816.39788800],[-113.21020330,52.32789543,816.61291500],[-113.21013400,52.32789224,816.94439700],[-113.21007130,52.32788935,817.26251200],[-113.21000370,52.32788624,817.60717800],[-113.20993360,52.32788301,817.99560500],[-113.20986660,52.32787992,818.26989700],[-113.20980230,52.32787696,818.52978500],[-113.20973280,52.32787376,819.05798300],[-113.20966590,52.32787068,819.41497800],[-113.20960660,52.32786795,819.61499000],[-113.20954050,52.32786490,819.79162600],[-113.20947750,52.32786200,820.04931600],[-113.20942530,52.32785959,820.11328100],[-113.20936900,52.32785700,820.20916700],[-113.20936100,52.32785679,820.35601800],[-113.20929200,52.32785500,820.93499800],[-113.20924170,52.32785414,819.96789600],[-113.20917500,52.32785300,820.63049300],[-113.20891700,52.32784200,820.40631100],[-113.20884790,52.32784450,820.93969700],[-113.20879150,52.32784654,821.03149400],[-113.20872280,52.32784903,821.24591100],[-113.20866940,52.32785096,821.31958000],[-113.20861650,52.32785288,821.39611800],[-113.20855590,52.32785507,821.23809800],[-113.20848150,52.32785776,820.97802700],[-113.20840660,52.32786047,820.42590300],[-113.20834230,52.32786280,819.92498800],[-113.20828040,52.32786504,819.62121600],[-113.20821250,52.32786750,819.11572300],[-113.20815230,52.32786968,818.76617400],[-113.20807420,52.32787251,818.47619600],[-113.20799690,52.32787530,818.13067600],[-113.20792360,52.32787796,817.80639600],[-113.20784850,52.32788067,817.55889900],[-113.20777530,52.32788332,817.53692600],[-113.20770280,52.32788595,817.26300000],[-113.20763110,52.32788854,817.04858400],[-113.20755780,52.32789120,816.64032000],[-113.20750800,52.32789300,816.08819600],[-113.20745420,52.32789601,815.91632100],[-113.20737640,52.32790035,816.04071000],[-113.20730460,52.32790436,816.20202600],[-113.20723330,52.32790834,816.30352800],[-113.20717030,52.32791187,816.36621100],[-113.20710330,52.32791561,816.12927200],[-113.20705190,52.32791848,816.07531700],[-113.20698670,52.32792212,815.98498500],[-113.20691840,52.32792593,815.95660400],[-113.20684680,52.32792993,815.87719700],[-113.20677320,52.32793405,815.91162100],[-113.20670290,52.32793798,816.00781300],[-113.20663970,52.32794151,816.06109600],[-113.20657140,52.32794532,816.13867200],[-113.20650270,52.32794916,816.37432900],[-113.20645270,52.32795195,816.58947800],[-113.20636070,52.32795709,816.76977500],[-113.20629060,52.32796101,817.00268600],[-113.20622050,52.32796492,817.23767100],[-113.20615150,52.32796878,817.38122600],[-113.20608480,52.32797250,817.65417500],[-113.20601840,52.32797621,817.77911400],[-113.20595270,52.32797988,817.92071500],[-113.20587900,52.32798400,818.23144500],[-113.20582770,52.32798713,818.22338900],[-113.20575580,52.32799153,818.17858900],[-113.20568040,52.32799613,817.99340800],[-113.20560320,52.32800085,818.01593000],[-113.20553020,52.32800531,817.80279500],[-113.20545170,52.32801010,817.69470200],[-113.20537230,52.32801495,817.43658400],[-113.20529660,52.32801958,817.13220200],[-113.20523750,52.32802319,816.88140900],[-113.20513950,52.32802917,816.52319300],[-113.20505900,52.32803409,816.49261500],[-113.20498480,52.32803863,816.53302000],[-113.20491000,52.32804319,816.57611100],[-113.20484190,52.32804736,816.74261500],[-113.20477030,52.32805173,816.92688000],[-113.20469460,52.32805636,817.02917500],[-113.20461590,52.32806116,817.07421900],[-113.20453730,52.32806596,817.14941400],[-113.20446160,52.32807059,817.30102500],[-113.20439070,52.32807492,817.64221200],[-113.20431920,52.32807928,817.95727500],[-113.20424860,52.32808360,818.28979500],[-113.20417780,52.32808792,818.40057400],[-113.20412370,52.32809123,818.46380600],[-113.20406750,52.32809466,818.64361600],[-113.20399900,52.32809885,818.84088100],[-113.20393130,52.32810298,819.17309600],[-113.20386240,52.32810719,819.26422100],[-113.20379040,52.32811159,819.45379600],[-113.20372330,52.32811569,819.67932100],[-113.20365450,52.32811989,819.90570100],[-113.20358170,52.32812434,820.16418500],[-113.20351640,52.32812833,820.30279500],[-113.20344870,52.32813246,820.58172600],[-113.20337860,52.32813674,820.74908400],[-113.20331180,52.32814083,820.89819300],[-113.20324280,52.32814504,821.04962200],[-113.20317800,52.32814900,820.97723400],[-113.20315750,52.32815043,821.12457300],[-113.20309520,52.32815477,821.23950200],[-113.20302510,52.32815965,821.30841100],[-113.20295840,52.32816430,821.37042200],[-113.20288480,52.32816942,821.38879400],[-113.20281770,52.32817410,821.39660600],[-113.20275270,52.32817863,821.41168200],[-113.20267850,52.32818380,821.20642100],[-113.20261260,52.32818839,820.95391800],[-113.20254450,52.32819313,820.91607700],[-113.20247450,52.32819801,820.84570300],[-113.20239660,52.32820344,820.81762700],[-113.20234040,52.32820735,820.67950400],[-113.20224990,52.32821366,820.54632600],[-113.20218530,52.32821815,820.50341800],[-113.20206140,52.32822679,819.06219500],[-113.20198640,52.32823201,818.90582300],[-113.20191520,52.32823697,818.84521500],[-113.20184300,52.32824200,818.87377900],[-113.20177590,52.32824609,818.84167500],[-113.20170200,52.32825058,818.86547900],[-113.20163890,52.32825442,818.79480000],[-113.20157080,52.32825857,818.74218800],[-113.20150010,52.32826287,818.72039800],[-113.20143360,52.32826692,818.62518300],[-113.20136980,52.32827080,818.66632100],[-113.20129640,52.32827527,818.72399900],[-113.20123040,52.32827929,818.96588100],[-113.20116590,52.32828322,819.16778600],[-113.20109940,52.32828727,819.16699200],[-113.20103420,52.32829123,819.27063000],[-113.20096130,52.32829567,819.22912600],[-113.20089330,52.32829981,819.36731000],[-113.20081610,52.32830451,819.34887700],[-113.20073910,52.32830920,819.38098100],[-113.20067020,52.32831339,819.31829800],[-113.20060240,52.32831752,819.18377700],[-113.20053000,52.32832193,819.04022200],[-113.20045210,52.32832667,818.99090600],[-113.20037640,52.32833128,819.09759500],[-113.20029780,52.32833606,818.94610600],[-113.20022060,52.32834076,818.97320600],[-113.20014190,52.32834555,818.63690200],[-113.20007070,52.32834989,818.48168900],[-113.19999900,52.32835425,818.62030000],[-113.19992560,52.32835872,818.36370800],[-113.19985320,52.32836313,818.28607200],[-113.19978190,52.32836747,818.18682900],[-113.19971460,52.32837156,818.14880400],[-113.19964020,52.32837609,818.15429700],[-113.19956930,52.32838041,818.13281300],[-113.19950080,52.32838458,818.09747300],[-113.19942490,52.32838920,817.91760300],[-113.19935710,52.32839333,817.74017300],[-113.19929390,52.32839717,817.50140400],[-113.19923100,52.32840100,817.15734900],[-113.19919140,52.32840343,818.30340600],[-113.19911770,52.32840797,818.10839800],[-113.19904660,52.32841234,818.17102100],[-113.19897680,52.32841664,818.56878700],[-113.19891430,52.32842048,818.98407000],[-113.19885610,52.32842407,819.30932600],[-113.19879420,52.32842787,819.59967000],[-113.19864690,52.32843693,820.04681400],[-113.19858560,52.32844070,819.88568100],[-113.19853510,52.32844381,819.89019800],[-113.19847510,52.32844751,819.71472200],[-113.19841010,52.32845150,819.87750200],[-113.19833700,52.32845600,820.03216600],[-113.19828670,52.32845916,819.93151900],[-113.19822050,52.32846332,819.94122300],[-113.19815010,52.32846775,820.00579800],[-113.19808350,52.32847195,820.03418000],[-113.19801450,52.32847628,820.01727300],[-113.19794280,52.32848079,819.92620800],[-113.19786970,52.32848539,820.01647900],[-113.19780280,52.32848960,819.82977300],[-113.19772870,52.32849426,819.54718000],[-113.19765560,52.32849886,819.08880600],[-113.19758130,52.32850353,818.53930700],[-113.19750410,52.32850839,817.92382800],[-113.19743730,52.32851259,817.48370400],[-113.19736980,52.32851683,816.89721700],[-113.19729670,52.32852143,816.42480500],[-113.19722570,52.32852590,815.87512200],[-113.19715820,52.32853014,815.57672100],[-113.19708100,52.32853500,815.29516600],[-113.19704730,52.32853713,815.12841800],[-113.19697860,52.32854149,815.26721200],[-113.19690580,52.32854611,815.35058600],[-113.19683210,52.32855078,815.69439700],[-113.19675690,52.32855555,815.90582300],[-113.19668620,52.32856003,816.15832500],[-113.19662040,52.32856421,816.48779300],[-113.19655210,52.32856853,816.68298300],[-113.19648510,52.32857278,816.99438500],[-113.19641830,52.32857701,817.24981700],[-113.19636090,52.32858065,817.42492700],[-113.19630850,52.32858398,817.32891800],[-113.19625700,52.32858724,817.41803000],[-113.19619020,52.32859148,817.62091100],[-113.19612160,52.32859582,817.68341100],[-113.19605500,52.32860005,817.76251200],[-113.19599090,52.32860411,817.62847900],[-113.19592380,52.32860837,817.59698500],[-113.19585600,52.32861267,817.69299300],[-113.19579770,52.32861636,817.89679000],[-113.19573740,52.32862019,818.30651900],[-113.19569300,52.32862300,817.89758300],[-113.19568490,52.32862340,818.77459700],[-113.19564040,52.32862560,818.99542200],[-113.19558550,52.32862830,818.72088600],[-113.19551190,52.32863194,818.83520500],[-113.19545840,52.32863458,818.56182900],[-113.19540810,52.32863706,818.63452100],[-113.19536130,52.32863937,818.65338100],[-113.19529460,52.32864266,818.67797900],[-113.19522780,52.32864595,818.50811800],[-113.19515670,52.32864946,818.16851800],[-113.19508500,52.32865300,817.52862500],[-113.19502670,52.32865505,817.26080300],[-113.19496010,52.32865739,817.07360800],[-113.19488960,52.32865988,816.91699200],[-113.19481950,52.32866235,816.76519800],[-113.19474560,52.32866494,816.47930900],[-113.19466960,52.32866762,816.32409700],[-113.19459340,52.32867030,815.92407200],[-113.19451670,52.32867300,815.40899700],[-113.19443860,52.32867575,815.09979200],[-113.19436580,52.32867831,814.54498300],[-113.19429530,52.32868079,814.28637700],[-113.19422130,52.32868340,814.01727300],[-113.19414760,52.32868599,813.68872100],[-113.19406940,52.32868874,813.32189900],[-113.19399260,52.32869145,813.09631300],[-113.19391870,52.32869405,812.79950000],[-113.19385040,52.32869645,812.52148400],[-113.19377800,52.32869900,812.46820100],[-113.19374930,52.32870001,812.43371600],[-113.19367750,52.32870253,812.47772200],[-113.19361110,52.32870486,812.38690200],[-113.19354780,52.32870709,812.19152800],[-113.19347610,52.32870961,812.37951700],[-113.19340060,52.32871226,812.41510000],[-113.19332430,52.32871494,812.50842300],[-113.19325510,52.32871737,812.72082500],[-113.19318660,52.32871977,812.75988800],[-113.19311350,52.32872234,812.85730000],[-113.19305830,52.32872428,813.05181900],[-113.19300280,52.32872623,813.15679900],[-113.19293530,52.32872860,813.33129900],[-113.19286880,52.32873094,813.50878900],[-113.19280270,52.32873326,813.59552000],[-113.19274140,52.32873541,813.85351600],[-113.19267680,52.32873768,814.06640600],[-113.19261730,52.32873977,814.58252000],[-113.19255410,52.32874199,814.89648400],[-113.19249270,52.32874415,815.27349900],[-113.19242260,52.32874661,815.48632800],[-113.19236340,52.32874869,815.94848600],[-113.19229840,52.32875097,816.47497600],[-113.19222720,52.32875347,816.77667200],[-113.19216360,52.32875571,817.07739300],[-113.19211680,52.32875735,817.43200700],[-113.19206740,52.32875909,817.54858400],[-113.19200070,52.32876143,817.83752400],[-113.19193060,52.32876389,818.22052000],[-113.19186850,52.32876607,818.31250000],[-113.19180130,52.32876844,818.58221400],[-113.19173370,52.32877081,818.71502700],[-113.19166360,52.32877327,818.81897000],[-113.19159670,52.32877562,818.98211700],[-113.19152900,52.32877800,819.03595000],[-113.19148600,52.32878028,819.07531700],[-113.19142000,52.32878379,819.08410600],[-113.19134610,52.32878771,819.11541700],[-113.19127210,52.32879164,818.98767100],[-113.19119550,52.32879571,818.81030300],[-113.19111700,52.32879988,818.65039100],[-113.19104380,52.32880376,818.52417000],[-113.19096290,52.32880806,818.10821500],[-113.19088400,52.32881225,817.59387200],[-113.19080650,52.32881636,817.18359400],[-113.19073050,52.32882040,816.86767600],[-113.19065460,52.32882443,816.64440900],[-113.19062500,52.32882600,815.07794200],[-113.19059250,52.32882728,815.07159400],[-113.19052470,52.32882995,815.04760700],[-113.19045580,52.32883266,814.77960200],[-113.19037950,52.32883566,814.89093000],[-113.19030570,52.32883857,815.08087200],[-113.19023290,52.32884143,815.31268300],[-113.19015980,52.32884431,815.35351600],[-113.19008560,52.32884723,815.34558100],[-113.19000420,52.32885044,815.18811000],[-113.18992620,52.32885351,815.32391400],[-113.18984910,52.32885654,816.11657700],[-113.18977310,52.32885953,816.29888900],[-113.18970410,52.32886225,816.47448700],[-113.18965590,52.32886415,816.73992900],[-113.18960430,52.32886618,817.08337400],[-113.18953710,52.32886882,817.42517100],[-113.18947000,52.32887146,817.98211700],[-113.18941070,52.32887379,818.48962400],[-113.18935390,52.32887603,819.03277600],[-113.18929250,52.32887845,819.51757800],[-113.18923260,52.32888081,819.99719200],[-113.18917360,52.32888313,820.30401600],[-113.18911490,52.32888544,820.72009300],[-113.18905380,52.32888784,820.94378700],[-113.18899900,52.32889000,822.51916500],[-113.18896790,52.32889133,822.60607900],[-113.18890700,52.32889394,822.76709000],[-113.18885000,52.32889639,822.71661400],[-113.18878350,52.32889924,822.70239300],[-113.18871170,52.32890231,822.47229000],[-113.18863850,52.32890545,822.55322300],[-113.18856660,52.32890853,822.50061000],[-113.18849330,52.32891167,822.41632100],[-113.18842060,52.32891479,822.30603000],[-113.18834960,52.32891783,822.30950900],[-113.18828160,52.32892074,822.25622600],[-113.18820990,52.32892382,822.10449200],[-113.18813810,52.32892690,821.98388700],[-113.18806940,52.32892984,821.95489500],[-113.18799260,52.32893313,821.76489300],[-113.18791920,52.32893628,821.52642800],[-113.18784580,52.32893942,821.34021000],[-113.18777670,52.32894238,821.26379400],[-113.18770890,52.32894529,821.42340100],[-113.18765070,52.32894778,821.71521000],[-113.18758880,52.32895044,821.92669700],[-113.18752390,52.32895322,821.99627700],[-113.18745900,52.32895600,822.03375200],[-113.18737890,52.32896037,821.58648700],[-113.18730070,52.32896464,821.03881800],[-113.18722130,52.32896898,820.53729200],[-113.18713940,52.32897345,820.17901600],[-113.18705810,52.32897788,819.95007300],[-113.18698560,52.32898184,819.61700400],[-113.18690490,52.32898624,819.50280800],[-113.18682720,52.32899049,819.36920200],[-113.18675070,52.32899466,819.10632300],[-113.18667600,52.32899874,818.73919700],[-113.18660670,52.32900253,818.32727100],[-113.18653370,52.32900651,817.76202400],[-113.18645980,52.32901054,817.09942600],[-113.18638410,52.32901467,816.42761200],[-113.18632870,52.32901770,816.15972900],[-113.18623300,52.32902292,815.70690900],[-113.18615980,52.32902691,815.60791000],[-113.18608500,52.32903100,815.22033700],[-113.18605900,52.32903211,815.29303000],[-113.18598910,52.32903510,815.32800300],[-113.18591340,52.32903833,815.34942600],[-113.18583350,52.32904174,815.40252700],[-113.18575920,52.32904492,815.43249500],[-113.18568450,52.32904811,815.21148700],[-113.18561320,52.32905115,815.37268100],[-113.18554250,52.32905417,815.38238500],[-113.18546540,52.32905747,815.35119600],[-113.18539240,52.32906058,815.50988800],[-113.18531720,52.32906380,815.61438000],[-113.18524020,52.32906708,815.60577400],[-113.18516300,52.32907038,815.62872300],[-113.18510710,52.32907277,815.64581300],[-113.18505590,52.32907496,815.58880600],[-113.18498440,52.32907801,815.61999500],[-113.18491120,52.32908114,815.72680700],[-113.18483760,52.32908428,815.82287600],[-113.18476660,52.32908732,815.88848900],[-113.18469890,52.32909021,815.97583000],[-113.18462640,52.32909330,816.15527300],[-113.18455940,52.32909617,816.49102800],[-113.18449530,52.32909890,816.85553000],[-113.18442480,52.32910192,817.07397500],[-113.18435770,52.32910478,817.36108400],[-113.18428610,52.32910784,817.64239500],[-113.18421490,52.32911088,817.98071300],[-113.18414330,52.32911394,818.27838100],[-113.18410170,52.32911572,820.01617400],[-113.18405160,52.32911786,820.24749800],[-113.18397800,52.32912100,819.28112800],[-113.18393620,52.32912293,818.90429700],[-113.18385850,52.32912652,820.08258100],[-113.18378200,52.32913006,819.52832000],[-113.18370880,52.32913344,819.60180700],[-113.18363820,52.32913670,819.47601300],[-113.18356970,52.32913987,819.24102800],[-113.18350200,52.32914300,817.97943100],[-113.18343910,52.32914598,817.72552500],[-113.18336890,52.32914930,817.69128400],[-113.18329260,52.32915292,817.63800000],[-113.18322020,52.32915635,817.83288600],[-113.18315290,52.32915954,818.14709500],[-113.18308840,52.32916259,818.73938000],[-113.18303610,52.32916507,819.46960400],[-113.18297980,52.32916773,819.43627900],[-113.18293200,52.32917000,819.47869900],[-113.18290130,52.32917142,819.11651600],[-113.18285110,52.32917376,819.02142300],[-113.18279370,52.32917642,818.89538600],[-113.18272330,52.32917968,818.52667200],[-113.18265750,52.32918274,817.94738800],[-113.18258770,52.32918598,817.32232700],[-113.18251260,52.32918947,817.06701700],[-113.18244070,52.32919280,817.00531000],[-113.18237560,52.32919582,817.38067600],[-113.18231320,52.32919872,817.71612500],[-113.18225620,52.32920137,818.15887500],[-113.18219430,52.32920424,818.47027600],[-113.18212890,52.32920727,818.58459500],[-113.18206020,52.32921046,818.68817100],[-113.18201370,52.32921262,818.89709500],[-113.18193230,52.32921640,819.21301300],[-113.18186720,52.32921942,819.55590800],[-113.18179890,52.32922259,820.04620400],[-113.18173200,52.32922570,820.13537600],[-113.18166670,52.32922873,820.05950900],[-113.18159530,52.32923204,819.77349900],[-113.18153150,52.32923500,819.64727800],[-113.18146550,52.32923806,819.78607200],[-113.18139830,52.32924119,819.77600100],[-113.18133240,52.32924424,819.90679900],[-113.18127300,52.32924700,819.65185500],[-113.18125310,52.32924734,819.64642300],[-113.18117910,52.32924858,819.55181900],[-113.18109710,52.32924996,819.38671900],[-113.18101530,52.32925133,819.01318400],[-113.18093760,52.32925264,819.21289100],[-113.18086840,52.32925380,819.32519500],[-113.18080190,52.32925492,819.30871600],[-113.18073530,52.32925604,819.26849400],[-113.18066320,52.32925725,819.20581100],[-113.18059230,52.32925844,819.36169400],[-113.18052030,52.32925965,819.61187700],[-113.18044830,52.32926086,819.77533000],[-113.18037630,52.32926207,819.72247300],[-113.18030750,52.32926323,819.63098100],[-113.18023750,52.32926440,819.38299600],[-113.18017040,52.32926553,819.11810300],[-113.18010140,52.32926669,818.91558800],[-113.18002440,52.32926799,818.54718000],[-113.17995440,52.32926916,818.42871100],[-113.17987950,52.32927042,818.37359600],[-113.17980250,52.32927171,818.31543000],[-113.17973160,52.32927291,818.31231700],[-113.17966280,52.32927406,818.26647900],[-113.17960700,52.32927500,817.87866200],[-113.17959400,52.32927507,817.80847200],[-113.17953200,52.32927538,817.72528100],[-113.17945900,52.32927575,817.44250500],[-113.17939100,52.32927610,817.09790000],[-113.17931690,52.32927648,816.65881300],[-113.17924690,52.32927683,816.19989000],[-113.17917790,52.32927719,815.57391400],[-113.17911890,52.32927749,815.13269000],[-113.17907390,52.32927772,814.87182600],[-113.17901800,52.32927800,814.57647700],[-113.17896000,52.32927819,814.11651600],[-113.17888300,52.32927844,813.66662600],[-113.17880500,52.32927869,813.81268300],[-113.17872600,52.32927895,813.68658400],[-113.17865410,52.32927918,813.80737300],[-113.17859610,52.32927937,814.11157200],[-113.17853890,52.32927956,814.35510300],[-113.17847190,52.32927978,814.28442400],[-113.17840200,52.32928000,814.18158000],[-113.17833900,52.32928021,814.27148400],[-113.17828400,52.32928039,814.45849600],[-113.17822200,52.32928059,814.74810800],[-113.17815600,52.32928080,814.74249300],[-113.17809600,52.32928100,814.97192400],[-113.17801400,52.32926900,814.28790300],[-113.17798400,52.32926905,814.27520800],[-113.17791400,52.32926918,814.02209500],[-113.17783700,52.32926931,813.54089400],[-113.17775900,52.32926945,812.96148700],[-113.17768000,52.32926959,812.30761700],[-113.17760500,52.32926973,811.65087900],[-113.17754100,52.32926984,811.18927000],[-113.17749600,52.32926992,811.13659700],[-113.17745000,52.32927000,811.03540000],[-113.17738390,52.32926906,811.45898400],[-113.17733290,52.32926834,811.67181400],[-113.17725070,52.32926717,812.13238500],[-113.17719370,52.32926636,812.64520300],[-113.17713860,52.32926557,813.16052200],[-113.17709110,52.32926490,813.78717000],[-113.17703130,52.32926405,814.19299300],[-113.17696730,52.32926314,814.90808100],[-113.17689060,52.32926205,814.30322300],[-113.17682760,52.32926115,814.89837600],[-113.17676270,52.32926023,815.17541500],[-113.17668820,52.32925917,817.63568100],[-113.17663920,52.32925848,817.37670900],[-113.17657710,52.32925759,817.24652100],[-113.17652020,52.32925679,816.59478800],[-113.17646500,52.32925600,816.17675800],[-113.17643500,52.32925621,814.17602500],[-113.17636910,52.32925667,814.53942900],[-113.17630100,52.32925715,813.50689700],[-113.17622790,52.32925766,813.04962200],[-113.17615590,52.32925817,813.41351300],[-113.17607990,52.32925870,813.63958700],[-113.17600990,52.32925920,813.82788100],[-113.17593690,52.32925971,813.65460200],[-113.17586490,52.32926021,813.53851300],[-113.17579390,52.32926071,813.52648900],[-113.17572990,52.32926116,813.59552000],[-113.17566300,52.32926163,813.59680200],[-113.17559300,52.32926212,813.51678500],[-113.17554000,52.32926249,813.24670400],[-113.17543990,52.32926320,811.88940400],[-113.17536290,52.32926374,811.61828600]
		],
		"bbox": null
	},
	"id": "vpm_1",
	"properties": {
		"id": "1",
		"name": "ACME 24 inch Main Line",
    "category": "mainline"
	},
	"bbox": null
}
