
{
	"type": "Feature",
	"geometry": {
		"type": "LineString",
		"coordinates": [
		[-113.17522700,52.32926469,811.11517300],[-113.17515610,52.32926519,810.81347700],[-113.17508900,52.32926566,810.56427000],[-113.17502380,52.32926612,810.26507600],[-113.17496380,52.32926654,810.13092000],[-113.17488980,52.32926706,809.97180200],[-113.17481880,52.32926756,809.74310300],[-113.17475180,52.32926803,809.61358600],[-113.17468690,52.32926848,809.65997300],[-113.17461300,52.32926900,809.48138400],[-113.17454200,52.32926950,809.15387000],[-113.17447100,52.32927000,809.56091300],[-113.17444100,52.32927007,809.56732200],[-113.17436500,52.32927025,809.50048800],[-113.17428300,52.32927045,809.34948700],[-113.17420500,52.32927063,809.19769300],[-113.17412600,52.32927082,809.11261000],[-113.17404500,52.32927101,808.87793000],[-113.17397000,52.32927119,808.85827600],[-113.17389300,52.32927138,808.95367400],[-113.17381600,52.32927156,809.01159700],[-113.17374100,52.32927174,808.93090800],[-113.17366500,52.32927192,809.05462600],[-113.17358700,52.32927210,809.05767800],[-113.17350410,52.32927230,810.96020500],[-113.17343110,52.32927248,810.89978000],[-113.17336600,52.32927263,810.80767800],[-113.17329100,52.32927281,810.77319300],[-113.17321900,52.32927298,810.85302700],[-113.17314900,52.32927315,810.82971200],[-113.17308100,52.32927331,810.72222900],[-113.17300990,52.32927348,810.72869900],[-113.17294400,52.32927364,810.98791500],[-113.17287600,52.32927380,811.44470200],[-113.17283100,52.32927390,810.27502400],[-113.17279100,52.32927400,812.28698700],[-113.17276600,52.32927400,810.01812700],[-113.17269500,52.32927400,809.61981200],[-113.17263400,52.32927400,808.82470700],[-113.17256600,52.32927400,807.94000200],[-113.17251900,52.32927400,809.97436500],[-113.17246100,52.32927400,807.92089800],[-113.17239000,52.32927400,808.16467300],[-113.17232100,52.32927400,808.54168700],[-113.17224900,52.32927400,808.84198000],[-113.17218000,52.32927400,808.87390100],[-113.17211100,52.32927400,809.17718500],[-113.17204200,52.32927400,809.35852100],[-113.17200100,52.32927400,811.02679400],[-113.17198500,52.32927411,809.41558800],[-113.17191400,52.32927460,809.31012000],[-113.17183700,52.32927512,808.64691200],[-113.17176100,52.32927564,808.41180400],[-113.17170900,52.32927600,810.21521000],[-113.17167290,52.32927575,808.61212200],[-113.17162000,52.32927539,808.92047100],[-113.17156200,52.32927500,810.83288600],[-113.17155790,52.32927478,809.22937000],[-113.17149650,52.32927147,808.96502700],[-113.17144860,52.32926889,808.27752700],[-113.17139500,52.32926600,810.16973900],[-113.17138700,52.32926600,810.37316900],[-113.17131460,52.32926753,808.23260500],[-113.17126690,52.32926854,808.06347700],[-113.17121290,52.32926968,808.20459000],[-113.17113600,52.32927131,808.45898400],[-113.17106710,52.32927277,808.48162800],[-113.17099640,52.32927426,808.88519300],[-113.17092980,52.32927567,809.23980700],[-113.17086060,52.32927713,809.52990700],[-113.17079250,52.32927857,809.82452400],[-113.17072500,52.32928000,810.77465800],[-113.17068780,52.32927982,809.93322800],[-113.17063380,52.32927957,809.91149900],[-113.17053490,52.32927910,809.96057100],[-113.17047090,52.32927880,808.11731000],[-113.17041490,52.32927853,808.09442100],[-113.17033890,52.32927817,807.57812500],[-113.17026490,52.32927782,807.25787400],[-113.17022090,52.32927762,806.07373000],[-113.17014390,52.32927725,806.09442100],[-113.17006390,52.32927687,805.84338400],[-113.16999090,52.32927653,806.07342500],[-113.16992190,52.32927620,806.26342800],[-113.16987900,52.32927600,807.87927200],[-113.16983300,52.32927585,806.73657200],[-113.16976300,52.32927562,806.62793000],[-113.16968700,52.32927537,806.39001500],[-113.16963200,52.32927519,806.10168500],[-113.16957600,52.32927500,805.87268100],[-113.16950000,52.32927476,805.61090100],[-113.16942600,52.32927451,805.44140600],[-113.16937000,52.32927433,805.38049300],[-113.16931900,52.32927416,805.49212600],[-113.16927000,52.32927400,805.39514200],[-113.16920500,52.32927378,805.40020800],[-113.16913600,52.32927354,805.54608200],[-113.16906710,52.32927331,805.54492200],[-113.16900400,52.32927309,805.60083000],[-113.16893300,52.32927285,805.82220500],[-113.16885910,52.32927260,806.00872800],[-113.16878800,52.32927236,806.16192600],[-113.16872010,52.32927212,806.52111800],[-113.16864900,52.32927188,806.84027100],[-113.16858100,52.32927165,807.19012500],[-113.16851600,52.32927143,807.65301500],[-113.16846500,52.32927125,807.91949500],[-113.16838300,52.32927097,808.40698200],[-113.16831800,52.32927075,808.84851100],[-113.16824910,52.32927052,809.05029300],[-113.16818010,52.32927028,809.41290300],[-113.16811500,52.32927006,809.55938700],[-113.16805400,52.32926985,809.90521200],[-113.16798700,52.32926962,810.25561500],[-113.16792610,52.32926941,810.44531300],[-113.16786500,52.32926920,810.66058300],[-113.16780500,52.32926900,810.58331300],[-113.16774590,52.32926941,810.15582300],[-113.16767180,52.32926993,809.82910200],[-113.16759090,52.32927049,807.79321300],[-113.16751790,52.32927100,807.35949700],[-113.16744580,52.32927151,807.18042000],[-113.16737880,52.32927197,807.40271000],[-113.16732770,52.32927233,807.64917000],[-113.16728080,52.32927266,807.80877700],[-113.16723410,52.32927298,807.86108400],[-113.16717400,52.32927340,808.07751500],[-113.16711100,52.32927384,808.44439700],[-113.16704010,52.32927434,808.36261000],[-113.16696900,52.32927483,808.50628700],[-113.16689600,52.32927534,808.46722400],[-113.16682190,52.32927586,808.24401900],[-113.16675300,52.32927634,807.95318600],[-113.16668900,52.32927679,807.55047600],[-113.16661800,52.32927728,807.30462600],[-113.16654800,52.32927777,807.13049300],[-113.16648210,52.32927823,807.11938500],[-113.16641300,52.32927871,806.82702600],[-113.16637200,52.32927900,809.48388700],[-113.16628010,52.32927878,809.46191400],[-113.16621300,52.32927862,808.29998800],[-113.16614110,52.32927844,809.30242900],[-113.16606910,52.32927827,809.80200200],[-113.16600810,52.32927812,810.41247600],[-113.16593710,52.32927795,810.94689900],[-113.16586910,52.32927779,811.71148700],[-113.16582300,52.32927767,813.16870100],[-113.16577500,52.32927756,811.34228500],[-113.16571800,52.32927742,812.03369100],[-113.16565800,52.32927728,812.80371100],[-113.16559700,52.32927713,813.14032000],[-113.16553400,52.32927698,813.29327400],[-113.16546700,52.32927681,813.14709500],[-113.16540400,52.32927666,812.90478500],[-113.16533300,52.32927649,812.76940900],[-113.16526600,52.32927633,812.73010300],[-113.16519800,52.32927616,812.67297400],[-113.16512910,52.32927600,812.63647500],[-113.16505610,52.32927582,812.88897700],[-113.16498710,52.32927565,812.89361600],[-113.16491710,52.32927549,812.92120400],[-113.16485200,52.32927533,812.83429000],[-113.16477900,52.32927515,813.05151400],[-113.16470610,52.32927498,813.02288800],[-113.16463900,52.32927481,813.00030500],[-113.16457510,52.32927466,811.14422600],[-113.16451410,52.32927451,811.48522900],[-113.16445700,52.32927437,811.30981400],[-113.16439900,52.32927423,811.28363000],[-113.16433200,52.32927407,811.57959000],[-113.16426600,52.32927391,811.72332800],[-113.16420700,52.32927377,811.94891400],[-113.16414300,52.32927362,812.22021500],[-113.16408510,52.32927348,812.46557600],[-113.16402900,52.32927334,812.97039800],[-113.16398100,52.32927322,813.36590600],[-113.16393400,52.32927311,813.58917200],[-113.16388800,52.32927300,813.24755900],[-113.16386910,52.32927255,813.80651900],[-113.16378620,52.32927058,813.77630600],[-113.16376200,52.32927000,817.59503200],[-113.16371400,52.32927009,814.06622300],[-113.16364600,52.32927022,814.29559300],[-113.16357300,52.32927036,814.19512900],[-113.16350400,52.32927049,814.59161400],[-113.16343200,52.32927062,815.08429000],[-113.16336200,52.32927076,815.22558600],[-113.16328900,52.32927089,815.42541500],[-113.16321600,52.32927103,815.57202100],[-113.16313900,52.32927118,815.89831500],[-113.16306590,52.32927132,816.18573000],[-113.16299400,52.32927145,816.36407500],[-113.16292800,52.32927158,814.26171900],[-113.16285700,52.32927171,815.12829600],[-113.16279800,52.32927182,815.45343000],[-113.16271500,52.32927198,816.10217300],[-113.16264200,52.32927212,816.44799800],[-113.16256900,52.32927225,816.86041300],[-113.16248100,52.32927242,818.32189900],[-113.16240400,52.32927257,818.33367900],[-113.16233300,52.32927270,818.49237100],[-113.16227010,52.32927282,818.55340600],[-113.16221620,52.32927292,818.52941900],[-113.16215540,52.32927304,818.63140900],[-113.16210440,52.32927313,818.87817400],[-113.16203440,52.32927326,818.95727500],[-113.16198440,52.32927336,818.99047900],[-113.16190720,52.32927350,818.87609900],[-113.16183930,52.32927363,818.84442100],[-113.16176940,52.32927377,818.91961700],[-113.16171140,52.32927387,819.04937700],[-113.16164340,52.32927400,819.20092800],[-113.16157140,52.32927414,819.40777600],[-113.16149440,52.32927428,819.70190400],[-113.16143030,52.32927441,820.04107700],[-113.16136040,52.32927454,820.43859900],[-113.16129440,52.32927466,820.64819300],[-113.16122740,52.32927479,820.92242400],[-113.16116740,52.32927490,821.30090300],[-113.16111740,52.32927500,821.57708700],[-113.16104640,52.32927513,822.03051800],[-113.16097330,52.32927527,822.22448700],[-113.16090130,52.32927541,822.46722400],[-113.16082630,52.32927555,822.77398700],[-113.16075820,52.32927568,823.15667700],[-113.16069020,52.32927580,823.63031000],[-113.16062120,52.32927593,824.16882300],[-113.16055220,52.32927607,824.67688000],[-113.16048420,52.32927619,825.08288600],[-113.16042120,52.32927631,825.30969200],[-113.16037520,52.32927640,825.34802200],[-113.16031020,52.32927652,825.59130900],[-113.16024320,52.32927665,825.63781700],[-113.16019530,52.32927674,825.62579300],[-113.16011430,52.32927689,825.61297600],[-113.16004430,52.32927702,825.31848100],[-113.15997230,52.32927716,824.71911600],[-113.15991040,52.32927728,824.17089800],[-113.15983740,52.32927742,823.55377200],[-113.15976040,52.32927756,823.07507300],[-113.15969840,52.32927768,822.95062300],[-113.15957800,52.32927791,823.38201900],[-113.15951200,52.32927803,823.62799100],[-113.15945000,52.32927815,824.06872600],[-113.15938300,52.32927827,824.40338100],[-113.15931500,52.32927840,824.36279300],[-113.15925400,52.32927852,824.50061000],[-113.15919090,52.32927864,824.72357200],[-113.15912790,52.32927876,824.91619900],[-113.15906490,52.32927888,825.07061800],[-113.15900690,52.32927898,825.20080600],[-113.15895690,52.32927908,825.44799800],[-113.15887400,52.32927924,825.78363000],[-113.15881500,52.32927935,826.19970700],[-113.15875700,52.32927946,826.69720500],[-113.15867500,52.32927961,826.54699700],[-113.15861400,52.32927973,826.48382600],[-113.15853890,52.32927987,826.28112800],[-113.15846800,52.32928000,826.18438700],[-113.15839600,52.32928014,826.27648900],[-113.15832500,52.32928027,826.70147700],[-113.15825110,52.32928041,827.00402800],[-113.15818010,52.32928055,826.96881100],[-113.15810610,52.32928069,826.89807100],[-113.15805020,52.32928079,826.92999300],[-113.15796810,52.32928095,826.54620400],[-113.15789810,52.32928108,825.69598400],[-113.15783200,52.32928120,825.31292700],[-113.15776200,52.32928134,825.13269000],[-113.15770700,52.32928144,824.87597700],[-113.15763600,52.32928158,824.98980700],[-113.15756400,52.32928171,825.27337600],[-113.15749300,52.32928185,825.59210200],[-113.15743100,52.32928196,825.95532200],[-113.15736000,52.32928210,826.27008100],[-113.15728900,52.32928223,826.34930400],[-113.15721400,52.32928237,826.62390100],[-113.15716100,52.32928247,826.73638900],[-113.15710710,52.32928257,826.72119100],[-113.15704010,52.32928270,826.46911600],[-113.15698000,52.32928281,826.33471700],[-113.15688200,52.32928300,826.09826700],[-113.15685400,52.32928294,826.04510500],[-113.15678100,52.32928278,825.99279800],[-113.15670400,52.32928260,826.00610400],[-113.15662500,52.32928243,826.09411600],[-113.15654800,52.32928226,826.24481200],[-113.15647000,52.32928208,826.63507100],[-113.15638900,52.32928190,826.48779300],[-113.15631700,52.32928174,826.59100300],[-113.15624100,52.32928158,826.74481200],[-113.15616800,52.32928141,826.87182600],[-113.15609500,52.32928125,827.11669900],[-113.15601900,52.32928108,827.32373000],[-113.15596700,52.32928097,827.40350300],[-113.15591910,52.32928086,827.42340100],[-113.15585200,52.32928071,827.56677200],[-113.15578200,52.32928056,827.48339800],[-113.15571100,52.32928040,827.60742200],[-113.15564000,52.32928024,827.85931400],[-113.15557800,52.32928010,827.98767100],[-113.15553200,52.32928000,828.39355500],[-113.15548190,52.32928016,828.24182100],[-113.15543290,52.32928032,828.23358200],[-113.15536190,52.32928056,827.98291000],[-113.15528480,52.32928081,828.04730200],[-113.15521590,52.32928104,828.26489300],[-113.15515500,52.32928124,828.48822000],[-113.15508400,52.32928147,828.66577100],[-113.15501590,52.32928169,829.10192900],[-113.15494700,52.32928192,829.48529100],[-113.15487290,52.32928216,829.69012500],[-113.15479990,52.32928240,829.78350800],[-113.15472100,52.32928266,829.83551000],[-113.15464600,52.32928290,829.63177500],[-113.15456500,52.32928317,829.00457800],[-113.15448300,52.32928344,828.56390400],[-113.15440390,52.32928370,828.22589100],[-113.15432790,52.32928395,828.00451700],[-113.15425490,52.32928419,827.98449700],[-113.15417800,52.32928444,827.91510000],[-113.15409900,52.32928470,827.71722400],[-113.15402100,52.32928495,827.61767600],[-113.15394700,52.32928520,827.76269500],[-113.15387100,52.32928545,828.14978000],[-113.15379500,52.32928570,828.26611300],[-113.15372090,52.32928594,828.66961700],[-113.15364490,52.32928619,828.66308600],[-113.15356590,52.32928645,828.45092800],[-113.15349200,52.32928669,828.39532500],[-113.15341790,52.32928693,828.52960200],[-113.15334600,52.32928717,828.92608600],[-113.15328300,52.32928737,829.53369100],[-113.15322100,52.32928758,830.09069800],[-113.15316300,52.32928777,830.48468000],[-113.15309200,52.32928800,830.97174100],[-113.15305200,52.32928789,830.83618200],[-113.15299000,52.32928773,830.71667500],[-113.15289000,52.32928746,830.26989700],[-113.15283000,52.32928730,829.85290500],[-113.15274800,52.32928708,829.67242400],[-113.15266700,52.32928687,829.03790300],[-113.15260800,52.32928671,828.83752400],[-113.15254800,52.32928655,828.61297600],[-113.15248800,52.32928639,828.53448500],[-113.15241100,52.32928618,828.56341600],[-113.15234000,52.32928599,828.81268300],[-113.15226800,52.32928580,828.81182900],[-113.15218810,52.32928559,828.42132600],[-113.15212610,52.32928542,827.77148400],[-113.15206910,52.32928527,827.09692400],[-113.15201000,52.32928511,826.42199700],[-113.15194910,52.32928495,825.74377400],[-113.15188510,52.32928478,825.15710400],[-113.15182510,52.32928462,824.78582800],[-113.15174310,52.32928440,824.46801800],[-113.15168210,52.32928424,824.25689700],[-113.15159910,52.32928402,824.17358400],[-113.15152710,52.32928382,823.69769300],[-113.15147010,52.32928367,823.46460000],[-113.15141210,52.32928352,823.23980700],[-113.15133810,52.32928332,822.72851600],[-113.15128120,52.32928317,822.32202100],[-113.15122420,52.32928301,822.03448500],[-113.15116620,52.32928286,821.88250700],[-113.15109120,52.32928266,821.72271700],[-113.15103620,52.32928251,821.63140900],[-113.15097520,52.32928235,822.06182900],[-113.15090820,52.32928217,821.96258500],[-113.15084400,52.32928200,822.49072300],[-113.15081000,52.32928212,822.04119900],[-113.15074590,52.32928234,821.71490500],[-113.15069880,52.32928250,821.71698000],[-113.15062370,52.32928275,821.74731400],[-113.15056470,52.32928296,821.68542500],[-113.15051070,52.32928314,821.58062700],[-113.15045170,52.32928334,821.39202900],[-113.15037670,52.32928360,821.57550000],[-113.15031970,52.32928379,821.75488300],[-113.15024570,52.32928405,822.14300500],[-113.15018670,52.32928425,822.40112300],[-113.15011370,52.32928450,822.65557900],[-113.15005970,52.32928468,822.88409400],[-113.15000680,52.32928486,822.96948200],[-113.14993080,52.32928512,823.23181200],[-113.14987180,52.32928533,823.05542000],[-113.14979980,52.32928557,822.97631800],[-113.14974380,52.32928576,822.98132300],[-113.14968580,52.32928596,822.63879400],[-113.14960680,52.32928623,822.54089400],[-113.14955080,52.32928642,822.37390100],[-113.14947690,52.32928668,822.31488000],[-113.14940800,52.32928691,822.63708500],[-113.14935600,52.32928709,822.21679700],[-113.14929900,52.32928728,822.24157700],[-113.14924090,52.32928748,822.41430700],[-113.14914080,52.32928783,822.80651900],[-113.14908380,52.32928802,822.49957300],[-113.14903270,52.32928820,822.21917700],[-113.14898560,52.32928836,821.83239700],[-113.14892840,52.32928855,821.22448700],[-113.14886900,52.32928876,820.73877000],[-113.14873860,52.32928920,819.75439500],[-113.14865180,52.32928950,819.09240700],[-113.14860750,52.32928965,819.21008300],[-113.14856030,52.32928981,819.27301000],[-113.14849910,52.32929002,819.29180900],[-113.14845320,52.32929018,819.36169400],[-113.14840530,52.32929034,819.16607700],[-113.14834050,52.32929056,818.98980700],[-113.14829060,52.32929073,819.02838100],[-113.14820270,52.32929103,819.08398400],[-113.14815170,52.32929121,819.28460700],[-113.14809680,52.32929140,818.64587400],[-113.14804580,52.32929157,818.86962900],[-113.14795790,52.32929187,819.51007100],[-113.14790430,52.32929205,818.81988500],[-113.14785590,52.32929222,818.99432400],[-113.14781540,52.32929236,820.58142100],[-113.14775550,52.32929256,821.20440700],[-113.14769440,52.32929277,820.63757300],[-113.14764360,52.32929295,820.66217000],[-113.14762800,52.32929300,818.38226300],[-113.14762800,52.32929300,820.36560100],[-113.14735800,52.32927900,821.02172900],[-113.14732400,52.32927910,820.76220700],[-113.14727400,52.32927925,820.76220700],[-113.14721700,52.32927942,820.87957800],[-113.14714000,52.32927964,820.66632100],[-113.14708900,52.32927979,820.96820100],[-113.14703900,52.32927994,821.06121800],[-113.14696600,52.32928015,821.25708000],[-113.14691300,52.32928031,821.24231000],[-113.14685800,52.32928047,821.22650100],[-113.14680600,52.32928063,821.24597200],[-113.14674900,52.32928079,821.17987100],[-113.14666000,52.32928106,821.24792500],[-113.14660700,52.32928121,821.35229500],[-113.14652900,52.32928144,821.46527100],[-113.14647400,52.32928160,821.54260300],[-113.14641700,52.32928177,821.58917200],[-113.14634000,52.32928200,821.55828900],[-113.14628500,52.32928216,821.52758800],[-113.14623600,52.32928230,821.63977100],[-113.14616200,52.32928252,821.46258500],[-113.14608900,52.32928274,821.51709000],[-113.14600300,52.32928299,821.63012700],[-113.14595100,52.32928314,821.77581800],[-113.14585800,52.32928342,821.94451900],[-113.14580100,52.32928358,821.94812000],[-113.14573000,52.32928379,821.89111300],[-113.14566000,52.32928400,821.49572800],[-113.14560100,52.32928406,821.50897200],[-113.14554600,52.32928412,821.47900400],[-113.14546900,52.32928420,821.44122300],[-113.14541200,52.32928426,821.43328900],[-113.14535500,52.32928431,821.41937300],[-113.14528600,52.32928439,821.46142600],[-113.14523300,52.32928444,821.33380100],[-113.14518400,52.32928449,821.55767800],[-113.14512400,52.32928455,821.44921900],[-113.14507400,52.32928460,821.50067100],[-113.14500000,52.32928468,821.67877200],[-113.14494800,52.32928473,821.59472700],[-113.14487300,52.32928481,821.60742200],[-113.14477700,52.32928491,821.61688200],[-113.14471500,52.32928497,821.56390400],[-113.14463400,52.32928506,821.44158900],[-113.14457300,52.32928512,821.38159200],[-113.14449300,52.32928520,821.29577600],[-113.14443300,52.32928527,821.37402300],[-113.14435300,52.32928535,821.30749500],[-113.14429500,52.32928541,821.27880900],[-113.14419700,52.32928551,821.26660200],[-113.14412300,52.32928559,821.06073000],[-113.14407000,52.32928564,821.01751700],[-113.14398100,52.32928573,821.00927700],[-113.14391200,52.32928580,821.39611800],[-113.14386400,52.32928585,821.37847900],[-113.14380900,52.32928591,821.26837200],[-113.14373100,52.32928599,821.27752700],[-113.14367000,52.32928605,821.26123000],[-113.14359000,52.32928613,821.21221900],[-113.14353300,52.32928619,821.25622600],[-113.14347400,52.32928625,821.16827400],[-113.14340000,52.32928633,821.22161900],[-113.14334400,52.32928639,821.22967500],[-113.14326700,52.32928647,821.00293000],[-113.14321200,52.32928652,820.91149900],[-113.14313900,52.32928660,820.90679900],[-113.14308300,52.32928666,820.73608400],[-113.14302600,52.32928672,820.69158900],[-113.14296700,52.32928678,820.52728300],[-113.14288700,52.32928686,820.45050000],[-113.14282800,52.32928692,820.38299600],[-113.14275100,52.32928700,820.36474600],[-113.14271700,52.32928707,819.52160600],[-113.14266100,52.32928720,819.33801300],[-113.14258290,52.32928737,819.20330800],[-113.14250800,52.32928754,819.16748000],[-113.14244900,52.32928767,819.01007100],[-113.14239100,52.32928779,818.91821300],[-113.14233200,52.32928792,818.78710900],[-113.14227200,52.32928806,818.92517100],[-113.14219400,52.32928823,818.77368200],[-113.14212100,52.32928839,818.83618200],[-113.14206200,52.32928852,818.85101300],[-113.14200800,52.32928864,818.69000200],[-113.14193200,52.32928880,818.75427200],[-113.14184900,52.32928899,819.62390100],[-113.14179900,52.32928910,819.52130100],[-113.14175000,52.32928920,819.58288600],[-113.14170200,52.32928931,818.78430200],[-113.14163700,52.32928945,818.81988500],[-113.14158100,52.32928958,818.82531700],[-113.14151100,52.32928973,818.79950000],[-113.14143600,52.32928990,818.72699000],[-113.14137900,52.32929002,818.67120400],[-113.14132000,52.32929015,818.56579600],[-113.14124300,52.32929032,818.52722200],[-113.14118700,52.32929044,818.55297900],[-113.14112800,52.32929057,818.61657700],[-113.14105100,52.32929074,818.96801800],[-113.14099300,52.32929087,818.91839600],[-113.14093700,52.32929100,818.99877900],[-113.14086200,52.32929116,819.09448200],[-113.14078600,52.32929133,818.95617700],[-113.14072800,52.32929146,818.95648200],[-113.14066900,52.32929159,819.07690400],[-113.14059100,52.32929176,819.13427700],[-113.14053300,52.32929189,819.25872800],[-113.14047800,52.32929201,819.14941400],[-113.14040200,52.32929217,819.21337900],[-113.14034900,52.32929229,819.25408900],[-113.14029700,52.32929241,819.18481400],[-113.14022200,52.32929257,819.19659400],[-113.14014800,52.32929273,819.20880100],[-113.14009500,52.32929285,819.09619100],[-113.14003900,52.32929297,819.00878900],[-113.13996900,52.32929313,819.10461400],[-113.13991600,52.32929324,819.15319800],[-113.13986400,52.32929336,819.09368900],[-113.13979500,52.32929351,819.13482700],[-113.13974010,52.32929363,819.01739500],[-113.13966900,52.32929379,818.88000500],[-113.13961210,52.32929391,818.83300800],[-113.13955300,52.32929404,818.66882300],[-113.13947700,52.32929421,818.45959500],[-113.13941810,52.32929434,818.42907700],[-113.13933010,52.32929454,819.75207500],[-113.13927210,52.32929466,819.18438700],[-113.13921610,52.32929479,819.25762900],[-113.13914010,52.32929495,819.27899200],[-113.13906900,52.32929511,819.23053000],[-113.13901900,52.32929522,819.23211700],[-113.13896700,52.32929533,819.11950700],[-113.13889700,52.32929549,819.01647900],[-113.13884500,52.32929560,819.29791300],[-113.13879300,52.32929572,819.31591800],[-113.13872790,52.32929586,819.28710900],[-113.13866500,52.32929600,819.50488300],[-113.13678800,52.32930400,818.08233600],[-113.13674900,52.32930394,818.05700700],[-113.13667700,52.32930383,818.18170200],[-113.13662200,52.32930374,818.15179400],[-113.13656400,52.32930366,817.98053000],[-113.13649000,52.32930354,817.81469700],[-113.13641700,52.32930343,817.61279300],[-113.13636800,52.32930335,817.52777100],[-113.13631500,52.32930327,817.53002900],[-113.13624500,52.32930317,817.75207500],[-113.13618500,52.32930307,817.84338400],[-113.13613700,52.32930300,816.84991500],[-113.13610900,52.32929000,815.31085200],[-113.13603100,52.32929000,815.25915500],[-113.13591300,52.32928800,815.15338100],[-113.13585600,52.32930000,816.23498500],[-113.13560600,52.32928600,815.45623800],[-113.13555500,52.32928605,815.82568400],[-113.13547900,52.32928613,816.22491500],[-113.13540700,52.32928621,815.52307100],[-113.13533200,52.32928629,815.13598600],[-113.13525600,52.32928637,815.18438700],[-113.13518300,52.32928644,815.29107700],[-113.13511200,52.32928652,815.48938000],[-113.13505000,52.32928658,815.60083000],[-113.13497500,52.32928666,815.59027100],[-113.13489500,52.32928674,815.74188200],[-113.13481400,52.32928683,815.73040800],[-113.13473200,52.32928691,815.66662600],[-113.13465200,52.32928700,815.66937300],[-113.13457200,52.32928708,815.58978300],[-113.13449000,52.32928716,815.64648400],[-113.13440500,52.32928725,815.56268300],[-113.13434200,52.32928732,815.62799100],[-113.13428200,52.32928738,815.80487100],[-113.13420200,52.32928746,815.57568400],[-113.13412200,52.32928755,815.65448000],[-113.13404300,52.32928763,815.51129200],[-113.13396700,52.32928771,815.47637900],[-113.13389000,52.32928779,815.41021700],[-113.13381400,52.32928787,815.39630100],[-113.13374100,52.32928795,815.34832800],[-113.13368900,52.32928800,815.39502000],[-113.13361800,52.32928871,815.13812300],[-113.13353710,52.32928952,815.19470200],[-113.13345410,52.32929034,815.15692100],[-113.13337220,52.32929116,815.17089800],[-113.13329720,52.32929191,815.19842500],[-113.13321630,52.32929271,815.34631300],[-113.13313520,52.32929352,815.53277600],[-113.13305520,52.32929432,815.44952400],[-113.13297320,52.32929514,815.48571800],[-113.13289720,52.32929590,815.50140400],[-113.13281820,52.32929668,815.54608200],[-113.13276020,52.32929726,815.53021200],[-113.13271120,52.32929775,815.50311300],[-113.13263720,52.32929849,815.48510700],[-113.13256010,52.32929926,815.41320800],[-113.13248210,52.32930004,815.41961700],[-113.13240510,52.32930081,815.43151900],[-113.13233010,52.32930155,815.29498300],[-113.13225930,52.32930226,814.97851600],[-113.13218500,52.32930300,816.72076400],[-113.13213610,52.32930294,816.58477800],[-113.13206930,52.32930287,818.62793000],[-113.13199730,52.32930279,817.06341600],[-113.13191940,52.32930270,816.85522500],[-113.13183940,52.32930261,816.68328900],[-113.13175940,52.32930251,816.06359900],[-113.13167740,52.32930242,816.48510700],[-113.13160240,52.32930233,816.43762200],[-113.13152540,52.32930225,816.44458000],[-113.13145140,52.32930216,816.42132600],[-113.13137650,52.32930208,816.97882100],[-113.13130250,52.32930199,816.90869100],[-113.13122650,52.32930191,816.66717500],[-113.13117450,52.32930185,816.49029500],[-113.13107750,52.32930174,816.53717000],[-113.13099750,52.32930164,816.93597400],[-113.13092550,52.32930156,817.34051500],[-113.13084750,52.32930147,817.34307900],[-113.13078760,52.32930140,817.25952100],[-113.13068760,52.32930129,817.48248300],[-113.13060960,52.32930120,817.33538800],[-113.13053060,52.32930111,817.30127000],[-113.13045160,52.32930102,817.27148400],[-113.13037570,52.32930093,816.70312500],[-113.13029270,52.32930084,816.67059300],[-113.13020460,52.32930074,816.57678200],[-113.13012470,52.32930065,816.03967300],[-113.13004770,52.32930056,816.32647700],[-113.12998470,52.32930049,816.21008300],[-113.12990370,52.32930040,816.41601600],[-113.12984970,52.32930033,816.26141400],[-113.12976270,52.32930023,817.80108600],[-113.12970370,52.32930017,817.16278100],[-113.12965670,52.32930011,818.31927500],[-113.12958770,52.32930004,818.15148900],[-113.12951870,52.32929996,818.37500000],[-113.12944870,52.32929988,817.98700000],[-113.12936770,52.32929978,817.69732700],[-113.12930060,52.32929971,817.59222400],[-113.12923660,52.32929963,816.90557900],[-113.12917650,52.32929957,817.06311000],[-113.12911850,52.32929950,815.96081500],[-113.12906240,52.32929944,815.57440200],[-113.12900440,52.32929937,815.61871300],[-113.12893630,52.32929929,815.34851100],[-113.12888620,52.32929923,815.45422400],[-113.12883420,52.32929917,815.05157500],[-113.12878510,52.32929912,815.03851300],[-113.12873310,52.32929906,815.30841100],[-113.12868100,52.32929900,816.13610800],[-113.12852600,52.32929846,815.28607200],[-113.12845690,52.32929822,815.72747800],[-113.12838300,52.32929796,815.92840600],[-113.12830800,52.32929770,816.05682400],[-113.12823700,52.32929746,816.37860100],[-113.12818510,52.32929727,816.34857200],[-113.12811800,52.32929704,816.48132300],[-113.12805200,52.32929681,816.54559300],[-113.12798000,52.32929656,816.58178700],[-113.12791400,52.32929633,816.82757600],[-113.12784600,52.32929609,817.08313000],[-113.12778100,52.32929587,817.16790800],[-113.12771110,52.32929563,817.07977300],[-113.12763700,52.32929537,817.20037800],[-113.12756800,52.32929513,817.20837400],[-113.12749910,52.32929489,817.32843000],[-113.12743210,52.32929465,817.25311300],[-113.12736510,52.32929442,817.12072800],[-113.12730100,52.32929420,816.90741000],[-113.12724400,52.32929400,816.97735600],[-113.12721200,52.32929402,817.19909700],[-113.12714800,52.32929406,817.23022500],[-113.12707600,52.32929410,817.34130900],[-113.12701600,52.32929413,817.23687700],[-113.12695200,52.32929417,817.18780500],[-113.12687100,52.32929422,817.12890600],[-113.12679500,52.32929427,817.33129900],[-113.12672000,52.32929431,817.37799100],[-113.12664200,52.32929436,817.36822500],[-113.12656100,52.32929440,817.34832800],[-113.12647900,52.32929445,817.39721700],[-113.12639500,52.32929450,817.23419200],[-113.12631200,52.32929455,817.29467800],[-113.12622600,52.32929460,817.27533000],[-113.12614300,52.32929465,817.09558100],[-113.12606100,52.32929470,817.13299600],[-113.12598200,52.32929475,817.02081300],[-113.12590800,52.32929479,816.96698000],[-113.12583300,52.32929483,816.63311800],[-113.12575200,52.32929488,816.58258100],[-113.12566800,52.32929493,816.50811800],[-113.12558900,52.32929498,816.54931600],[-113.12550800,52.32929503,816.41107200],[-113.12543000,52.32929507,816.46081500],[-113.12535000,52.32929512,816.35308800],[-113.12527500,52.32929516,816.36218300],[-113.12519700,52.32929521,816.37469500],[-113.12511700,52.32929526,816.25408900],[-113.12503600,52.32929531,816.24511700],[-113.12496200,52.32929535,816.25097700],[-113.12488400,52.32929540,816.54010000],[-113.12480900,52.32929544,816.61761500],[-113.12473600,52.32929548,816.71832300],[-113.12465900,52.32929553,816.78509500],[-113.12458000,52.32929558,816.69342000],[-113.12450400,52.32929562,816.68798800],[-113.12442800,52.32929567,816.57800300],[-113.12434900,52.32929571,816.31427000],[-113.12427410,52.32929576,816.28808600],[-113.12419610,52.32929580,816.09759500],[-113.12412410,52.32929585,815.99548300],[-113.12405800,52.32929588,816.14331100],[-113.12398000,52.32929593,815.98437500],[-113.12391100,52.32929597,815.99487300],[-113.12386200,52.32929600,815.96325700],[-113.12384370,52.32929562,815.69732700],[-113.12376700,52.32929400,815.64294400],[-113.12375700,52.32929401,815.81390400],[-113.12369300,52.32929411,815.87731900],[-113.12361400,52.32929422,815.81329300],[-113.12353800,52.32929433,815.84271200],[-113.12346200,52.32929444,815.82061800],[-113.12337800,52.32929456,815.78631600],[-113.12329300,52.32929468,815.93170200],[-113.12320900,52.32929480,815.99328600],[-113.12314700,52.32929489,815.84130900],[-113.12308490,52.32929498,815.89563000],[-113.12300090,52.32929510,815.87793000],[-113.12292490,52.32929521,815.71441700],[-113.12284900,52.32929532,815.58300800],[-113.12277000,52.32929543,815.46740700],[-113.12268900,52.32929555,815.20568800],[-113.12260500,52.32929567,815.16961700],[-113.12252700,52.32929578,814.92547600],[-113.12244300,52.32929590,814.73437500],[-113.12236000,52.32929602,814.20837400],[-113.12227700,52.32929614,813.91052200],[-113.12219700,52.32929625,813.55419900],[-113.12211400,52.32929637,813.32092300],[-113.12203300,52.32929649,812.95678700],[-113.12195100,52.32929660,812.66821300],[-113.12187100,52.32929672,812.30627400],[-113.12179700,52.32929683,812.58917200],[-113.12172500,52.32929693,812.43792700],[-113.12167500,52.32929700,811.91027800],[-113.12160800,52.32929700,811.88311800],[-113.12152500,52.32929700,812.02142300],[-113.12144400,52.32929700,812.16339100],[-113.12136200,52.32929700,812.44818100],[-113.12128200,52.32929700,812.93219000],[-113.12121100,52.32929700,813.31048600],[-113.12114700,52.32929700,813.52179000],[-113.12108800,52.32929700,814.18139600],[-113.12107110,52.32929686,814.18450900],[-113.12100400,52.32929633,814.37768600],[-113.12093410,52.32929576,814.61261000],[-113.12086020,52.32929517,814.96759000],[-113.12078430,52.32929456,815.36431900],[-113.12070630,52.32929393,815.53552200],[-113.12063220,52.32929334,815.55401600],[-113.12056100,52.32929277,815.31311000],[-113.12048110,52.32929213,814.78460700],[-113.12040000,52.32929147,814.37707500],[-113.12031700,52.32929081,813.92480500],[-113.12023510,52.32929015,813.74389600],[-113.12015810,52.32928953,813.72540300],[-113.12008200,52.32928892,813.76178000],[-113.12000700,52.32928832,813.82202100],[-113.11993390,52.32928773,813.99957300],[-113.11985990,52.32928714,814.28851300],[-113.11978910,52.32928657,814.40472400],[-113.11971700,52.32928599,814.47937000],[-113.11965620,52.32928550,814.58911100],[-113.11959400,52.32928500,814.24652100],[-113.11957800,52.32928511,814.19537400],[-113.11950190,52.32928564,814.01220700],[-113.11942390,52.32928617,813.57019000],[-113.11935290,52.32928666,813.11022900],[-113.11927890,52.32928718,812.85260000],[-113.11920190,52.32928771,812.54821800],[-113.11912790,52.32928822,812.28631600],[-113.11905400,52.32928873,812.13678000],[-113.11897900,52.32928925,811.96661400],[-113.11890390,52.32928976,811.85400400],[-113.11882790,52.32929029,811.61242700],[-113.11875190,52.32929081,811.15197800],[-113.11867290,52.32929136,811.07751500],[-113.11859890,52.32929187,810.84460400],[-113.11852400,52.32929239,810.78472900],[-113.11844790,52.32929291,810.58679200],[-113.11837190,52.32929344,810.40478500],[-113.11829390,52.32929397,810.40918000],[-113.11821290,52.32929453,810.23138400],[-113.11813290,52.32929509,810.11749300],[-113.11805790,52.32929560,809.95361300],[-113.11797890,52.32929615,809.94372600],[-113.11790290,52.32929667,809.90112300],[-113.11782890,52.32929718,809.90332000],[-113.11775890,52.32929767,810.05688500],[-113.11768490,52.32929818,810.11578400],[-113.11761290,52.32929868,810.13751200],[-113.11753980,52.32929918,810.15887500],[-113.11746590,52.32929969,810.18859900],[-113.11742100,52.32930000,809.95520000],[-113.11738390,52.32928879,809.78472900],[-113.11732680,52.32927154,809.68560800],[-113.11727380,52.32925553,809.72088600],[-113.11723410,52.32924354,809.73840300],[-113.11718600,52.32922900,809.63598600],[-113.11715850,52.32922135,809.54357900],[-113.11710410,52.32920619,809.40838600],[-113.11704270,52.32918910,809.37811300],[-113.11698100,52.32917194,809.26269500],[-113.11693100,52.32915800,809.20019500],[-113.11691680,52.32915393,808.92382800],[-113.11686180,52.32913822,808.76422100],[-113.11679740,52.32911978,808.51348900],[-113.11673090,52.32910077,808.64538600],[-113.11666850,52.32908292,808.59661900],[-113.11661300,52.32906703,808.42120400],[-113.11655670,52.32905092,808.33502200],[-113.11650800,52.32903700,808.24487300],[-113.11645700,52.32902909,808.06768800],[-113.11638930,52.32901860,807.91149900],[-113.11634130,52.32901116,807.97741700],[-113.11627560,52.32900097,807.80731200],[-113.11621220,52.32899116,807.66119400],[-113.11616350,52.32898360,807.45581100],[-113.11610800,52.32897500,807.34460400],[-113.11605600,52.32897811,807.15179400],[-113.11599430,52.32898180,806.98767100],[-113.11593310,52.32898546,806.70349100],[-113.11586900,52.32898929,806.59600800],[-113.11580240,52.32899328,806.42858900],[-113.11573920,52.32899705,806.58160400],[-113.11567170,52.32900109,806.30212400],[-113.11562300,52.32900400,806.20941200],[-113.11554790,52.32901738,805.90679900],[-113.11548260,52.32902899,805.76910400],[-113.11541870,52.32904036,805.71368400],[-113.11537170,52.32904873,805.69799800],[-113.11531400,52.32905900,805.79132100],[-113.11527270,52.32907376,805.60479700],[-113.11520870,52.32909665,805.68408200],[-113.11514690,52.32911876,805.80517600],[-113.11508490,52.32914092,805.94940200],[-113.11502380,52.32916276,806.14440900],[-113.11496500,52.32918379,806.47161900],[-113.11491270,52.32920248,806.63580300],[-113.11486120,52.32922089,806.63592500],[-113.11480500,52.32924100,806.55407700],[-113.11474880,52.32926413,806.20672600],[-113.11470300,52.32928300,807.29876700],[-113.11465880,52.32929028,807.08892800],[-113.11461800,52.32929700,806.17852800],[-113.11455910,52.32929683,804.16357400],[-113.11449400,52.32929664,802.65289300],[-113.11443810,52.32929648,801.85461400],[-113.11438720,52.32929634,800.43200700],[-113.11433110,52.32929618,799.10711700],[-113.11427000,52.32929600,798.78942900],[-113.11423900,52.32929664,798.59838900],[-113.11417420,52.32929797,798.57128900],[-113.11413020,52.32929887,798.20312500],[-113.11407780,52.32929995,798.20727500],[-113.11402320,52.32930107,798.21691900],[-113.11397800,52.32930200,798.30853300],[-113.11395500,52.32930205,798.55011000],[-113.11390000,52.32930217,798.64910900],[-113.11384400,52.32930229,799.25482200],[-113.11379290,52.32930241,799.51092500],[-113.11373890,52.32930252,799.58862300],[-113.11368290,52.32930265,799.59277300],[-113.11363690,52.32930275,799.73968500],[-113.11357990,52.32930287,799.43780500],[-113.11351390,52.32930302,801.71179200],[-113.11347490,52.32930310,804.04888900],[-113.11342790,52.32930321,803.01947000],[-113.11335600,52.32930337,801.95361300],[-113.11329300,52.32930350,805.25122100],[-113.11322700,52.32930365,806.83172600],[-113.11317300,52.32930377,806.94738800],[-113.11311500,52.32930389,807.55560300],[-113.11306700,52.32930400,807.79522700],[-113.11304900,52.32930400,807.30517600],[-113.11298300,52.32930400,807.30407700],[-113.11291100,52.32930400,807.41992200],[-113.11283100,52.32930400,807.21667500],[-113.11275500,52.32930400,807.49169900],[-113.11267800,52.32930400,807.57739300],[-113.11260200,52.32930400,807.36450200],[-113.11252300,52.32930400,807.12542700],[-113.11244600,52.32930400,806.90777600],[-113.11236500,52.32930400,806.63128700],[-113.11229000,52.32930400,806.71038800],[-113.11221000,52.32930400,806.58020000],[-113.11213500,52.32930400,806.30688500],[-113.11205500,52.32930400,806.11279300],[-113.11198200,52.32930400,805.97790500],[-113.11191000,52.32930400,806.09051500],[-113.11183900,52.32930400,806.22351100],[-113.11177300,52.32930400,806.34838900],[-113.11171400,52.32930400,806.23168900],[-113.11164500,52.32930400,806.03765900],[-113.11159300,52.32930408,806.27618400],[-113.11152700,52.32930417,805.97131300],[-113.11145700,52.32930427,805.89740000],[-113.11138700,52.32930437,805.94567900],[-113.11131600,52.32930448,806.08221400],[-113.11124100,52.32930459,806.02002000],[-113.11117200,52.32930469,806.00567600],[-113.11110300,52.32930479,806.18902600],[-113.11104000,52.32930488,806.35919200],[-113.11097800,52.32930497,806.71307400],[-113.11091100,52.32930506,806.93408200],[-113.11085500,52.32930515,806.89422600],[-113.11078400,52.32930525,806.62530500],[-113.11071400,52.32930535,806.36682100],[-113.11065000,52.32930544,806.10351600],[-113.11059000,52.32930553,805.78411900],[-113.11052400,52.32930563,805.60510300],[-113.11045700,52.32930572,805.47357200],[-113.11038400,52.32930583,805.29937700],[-113.11031700,52.32930593,805.18652300],[-113.11026600,52.32930600,805.17974900],[-113.11021590,52.32930571,805.38378900],[-113.11014080,52.32930527,805.37060500],[-113.11007390,52.32930487,805.22381600],[-113.11000910,52.32930449,805.17901600],[-113.10994390,52.32930411,805.44262700],[-113.10987190,52.32930369,805.25872800],[-113.10980500,52.32930329,805.27038600],[-113.10973100,52.32930286,805.28100600],[-113.10966500,52.32930247,805.21069300],[-113.10959600,52.32930207,805.15240500],[-113.10952700,52.32930166,805.23492400],[-113.10946100,52.32930127,805.29321300],[-113.10939690,52.32930090,805.43548600],[-113.10933190,52.32930052,805.20721400],[-113.10926810,52.32930014,805.21569800],[-113.10920810,52.32929979,805.18878200],[-113.10914810,52.32929944,805.40600600],[-113.10908610,52.32929907,805.54577600],[-113.10902300,52.32929870,805.77807600],[-113.10896000,52.32929833,805.91668700],[-113.10889200,52.32929793,805.96179200],[-113.10882700,52.32929755,806.13049300],[-113.10876800,52.32929720,806.17370600],[-113.10871010,52.32929686,806.51342800],[-113.10865000,52.32929651,806.55371100],[-113.10856300,52.32929600,807.02996800],[-113.10850700,52.32928455,806.85797100],[-113.10845240,52.32927341,806.79669200],[-113.10839010,52.32926067,806.80462600],[-113.10833190,52.32924879,806.88488800],[-113.10828240,52.32923866,807.05542000],[-113.10824000,52.32923000,807.24939000],[-113.10820130,52.32921651,807.19982900],[-113.10814560,52.32919710,807.20532200],[-113.10809400,52.32917914,807.16052200],[-113.10803600,52.32915895,807.28472900],[-113.10798110,52.32913983,807.30261200],[-113.10792440,52.32912006,807.26757800],[-113.10787330,52.32910225,807.10241700],[-113.10781390,52.32908157,806.95532200],[-113.10775880,52.32906237,806.83020000],[-113.10770260,52.32904279,806.62048300],[-113.10764340,52.32902218,806.40679900],[-113.10758350,52.32900131,806.19909700],[-113.10752980,52.32898259,806.10571300],[-113.10747650,52.32896403,805.94378700],[-113.10742180,52.32894500,805.88079800],[-113.10736120,52.32892389,805.60449200],[-113.10730150,52.32890308,805.64831500],[-113.10724290,52.32888269,805.64831500],[-113.10718690,52.32886316,805.64831500],[-113.10713350,52.32884455,806.65417500],[-113.10707510,52.32882421,806.31939700],[-113.10701760,52.32880418,806.25518800],[-113.10697400,52.32878900,806.04388400],[-113.10692790,52.32876687,806.08581500],[-113.10687130,52.32873975,806.06652800],[-113.10681410,52.32871228,806.24487300],[-113.10676700,52.32868969,806.32080100],[-113.10671290,52.32866375,806.32910200],[-113.10665590,52.32863641,806.31610100],[-113.10659820,52.32860874,806.26379400],[-113.10654050,52.32858106,806.18389900],[-113.10648200,52.32855300,806.85327100],[-113.10640720,52.32851936,806.45391800],[-113.10633870,52.32848858,806.15618900],[-113.10630280,52.32847246,806.10430900],[-113.10623740,52.32844302,805.83477800],[-113.10617270,52.32841394,805.70617700],[-113.10610280,52.32838251,805.57080100],[-113.10603680,52.32835284,805.54101600],[-113.10600090,52.32833673,805.40637200],[-113.10593400,52.32830665,805.42218000],[-113.10586780,52.32827686,805.47509800],[-113.10580200,52.32824731,805.70727500],[-113.10573800,52.32821851,805.54779100],[-113.10567900,52.32819200,805.10418700],[-113.10566950,52.32818757,804.86261000],[-113.10560720,52.32815844,804.77349900],[-113.10554330,52.32812856,804.64459200],[-113.10548000,52.32809898,804.53472900],[-113.10541310,52.32806770,804.24548300],[-113.10534950,52.32803797,804.12707500],[-113.10528250,52.32800662,803.97869900],[-113.10521830,52.32797659,803.90771500],[-113.10515670,52.32794782,803.69390900],[-113.10510430,52.32792333,803.49597200],[-113.10506300,52.32790400,803.19006300],[-113.10504900,52.32789742,803.39032000],[-113.10320600,52.32703300,803.57116700],[-113.10317120,52.32701748,803.38037100],[-113.10311930,52.32699429,803.59472700],[-113.10307110,52.32697279,803.74340800],[-113.10301660,52.32694849,804.08880600],[-113.10296310,52.32692460,804.17120400],[-113.10290510,52.32689874,804.45208700],[-113.10285020,52.32687421,804.68591300],[-113.10279420,52.32684922,805.07910200],[-113.10273310,52.32682196,805.54840100],[-113.10267630,52.32679662,805.90710400],[-113.10262560,52.32677401,806.59588600],[-113.10257570,52.32675175,806.76232900],[-113.10251400,52.32672420,805.68438700],[-113.10246200,52.32670100,805.34326200],[-113.10242230,52.32668532,806.22222900],[-113.10238100,52.32666900,806.22412100],[-113.10236200,52.32667900,806.86303700],[-113.10235480,52.32668483,807.02252200],[-113.10231560,52.32671666,807.06872600],[-113.10227860,52.32674671,807.00158700],[-113.10224000,52.32677800,806.92071500],[-113.10220850,52.32680443,806.68902600],[-113.10216450,52.32684132,806.53997800],[-113.10212230,52.32687669,806.59698500],[-113.10207900,52.32691300,806.94427500],[-113.10206590,52.32692376,807.01019300],[-113.10202600,52.32695639,807.14080800],[-113.10199600,52.32698100,807.00219700],[-113.10195960,52.32700928,807.15338100],[-113.10191930,52.32704058,808.14837600],[-113.10187460,52.32707526,808.54779100],[-113.10182720,52.32711207,808.51989700],[-113.10177750,52.32715071,808.44628900],[-113.10174340,52.32717714,807.61761500],[-113.10171400,52.32720000,807.36560100],[-113.10170010,52.32721053,807.44470200],[-113.10166350,52.32723826,807.24780300],[-113.10162300,52.32726900,806.51849400],[-113.10159200,52.32729063,806.71771200],[-113.10155240,52.32731834,806.67852800],[-113.10151200,52.32734658,806.69238300],[-113.10147700,52.32737100,806.54046600],[-113.10144290,52.32739695,806.82061800],[-113.10140330,52.32742716,806.79980500],[-113.10136410,52.32745701,806.79357900],[-113.10132560,52.32748633,806.63220200],[-113.10128800,52.32751500,806.68975800],[-113.10123810,52.32752383,807.07177700],[-113.10119200,52.32753200,807.34820600],[-113.10116720,52.32752654,807.04827900],[-113.10111300,52.32751459,807.17517100],[-113.10105420,52.32750163,807.14617900],[-113.10099380,52.32748831,807.14862100],[-113.10093180,52.32747465,807.05938700],[-113.10087900,52.32746300,806.85687300],[-113.10084510,52.32745490,806.69689900],[-113.10078870,52.32744144,806.52270500],[-113.10073370,52.32742831,806.39788800],[-113.10067920,52.32741529,806.27948000],[-113.10062280,52.32740182,806.22198500],[-113.10056770,52.32738866,806.10821500],[-113.10050560,52.32737383,806.11731000],[-113.10045600,52.32736200,806.02966300],[-113.10038300,52.32734476,805.72552500],[-113.10032120,52.32733014,805.79888900],[-113.10025710,52.32731500,805.95178200],[-113.10019500,52.32730032,805.90502900],[-113.10013510,52.32728616,805.84222400],[-113.10007410,52.32727175,805.58831800],[-113.09999590,52.32725327,805.41778600],[-113.09993250,52.32723831,805.26818800],[-113.09987200,52.32722400,804.50518800],[-113.09983290,52.32721450,804.23748800],[-113.09977280,52.32719992,804.20220900],[-113.09971370,52.32718557,804.42437700],[-113.09965430,52.32717115,804.64660600],[-113.09958660,52.32715471,803.99621600],[-113.09952300,52.32713926,803.87878400],[-113.09945910,52.32712374,804.11279300],[-113.09939620,52.32710847,803.82000700],[-113.09933140,52.32709274,803.89910900],[-113.09927200,52.32707832,803.84851100],[-113.09920970,52.32706319,803.78552200],[-113.09914540,52.32704759,803.95788600],[-113.09908110,52.32703197,803.89239500],[-113.09902030,52.32701720,803.93927000],[-113.09895910,52.32700234,804.16937300],[-113.09889290,52.32698628,804.24298100],[-113.09882550,52.32696991,804.54901100],[-113.09875640,52.32695314,804.70080600],[-113.09868750,52.32693641,804.83001700],[-113.09862150,52.32692039,804.66510000],[-113.09855590,52.32690444,804.71252400],[-113.09849190,52.32688892,804.53491200],[-113.09842990,52.32687387,804.33679200],[-113.09836710,52.32685862,804.07379200],[-113.09830600,52.32684378,803.89489700],[-113.09824060,52.32682789,803.75451700],[-113.09817940,52.32681304,803.63549800],[-113.09811540,52.32679751,803.49798600],[-113.09805120,52.32678191,803.42352300],[-113.09798150,52.32676500,803.92620800],[-113.09792800,52.32675200,804.55493200],[-113.09788210,52.32674101,804.96972700],[-113.09781710,52.32672548,805.22357200],[-113.09774610,52.32670848,805.34881600],[-113.09768020,52.32669272,805.50988800],[-113.09761450,52.32667701,805.95111100],[-113.09754950,52.32666146,806.23730500],[-113.09748640,52.32664635,806.37323000],[-113.09742080,52.32663067,806.47387700],[-113.09735260,52.32661436,806.60070800],[-113.09728530,52.32659826,806.54772900],[-113.09721780,52.32658211,806.48931900],[-113.09715360,52.32656675,806.44097900],[-113.09709400,52.32655250,806.44628900],[-113.09702850,52.32653683,806.55609100],[-113.09695960,52.32652034,806.62158200],[-113.09689060,52.32650382,806.80352800],[-113.09682440,52.32648800,806.98992900],[-113.09676310,52.32647334,807.20141600],[-113.09669650,52.32645741,807.49011200],[-113.09662690,52.32644076,807.70031700],[-113.09655930,52.32642459,807.98199500],[-113.09649030,52.32640808,808.27801500],[-113.09641870,52.32639096,808.41870100],[-113.09635240,52.32637508,808.64398200],[-113.09628340,52.32635857,808.56921400],[-113.09623500,52.32634700,808.42218000],[-113.09620930,52.32634255,808.48230000],[-113.09615210,52.32633265,808.61950700],[-113.09609130,52.32632213,808.73120100],[-113.09602240,52.32631019,808.67822300],[-113.09595410,52.32629836,808.67578100],[-113.09589170,52.32628756,808.62622100],[-113.09582540,52.32627609,808.32580600],[-113.09575870,52.32626455,808.20947300],[-113.09568720,52.32625217,808.31317100],[-113.09561920,52.32624039,808.21771200],[-113.09555610,52.32622946,808.32031300],[-113.09549220,52.32621840,808.25897200],[-113.09543070,52.32620774,808.29589800],[-113.09536480,52.32619634,808.23828100],[-113.09529450,52.32618417,808.33142100],[-113.09522870,52.32617278,808.38891600],[-113.09515960,52.32616082,808.45068400],[-113.09509470,52.32614959,808.50762900],[-113.09502880,52.32613818,808.62957800],[-113.09495800,52.32612592,808.53460700],[-113.09488770,52.32611374,808.56707800],[-113.09481870,52.32610180,808.46521000],[-113.09475140,52.32609015,808.56897000],[-113.09468190,52.32607812,808.66540500],[-113.09461830,52.32606711,808.77642800],[-113.09455090,52.32605543,808.98053000],[-113.09448080,52.32604330,809.22290000],[-113.09440680,52.32603048,809.43872100],[-113.09433670,52.32601835,809.65972900],[-113.09426950,52.32600672,809.81341600],[-113.09420250,52.32599511,809.80651900],[-113.09413380,52.32598321,809.83331300],[-113.09406630,52.32597153,809.66387900],[-113.09401700,52.32596300,809.56512500],[-113.09400510,52.32596097,809.72009300],[-113.09395400,52.32595223,809.25177000],[-113.09389320,52.32594185,809.09771700],[-113.09383370,52.32593168,808.95520000],[-113.09376560,52.32592005,808.90271000],[-113.09370110,52.32590902,808.78949000],[-113.09363510,52.32589775,808.63922100],[-113.09357210,52.32588699,808.57440200],[-113.09350910,52.32587622,808.53607200],[-113.09344000,52.32586441,808.56549100],[-113.09337600,52.32585348,808.46148700],[-113.09330910,52.32584206,808.62078900],[-113.09324000,52.32583024,808.61059600],[-113.09317230,52.32581868,808.63342300],[-113.09310610,52.32580737,808.62127700],[-113.09303850,52.32579583,808.68457000],[-113.09297010,52.32578414,808.70062300],[-113.09290040,52.32577223,808.85907000],[-113.09283730,52.32576145,808.99231000],[-113.09277460,52.32575073,809.06988500],[-113.09270980,52.32573966,809.11657700],[-113.09264790,52.32572908,809.14251700],[-113.09258590,52.32571850,809.02008100],[-113.09253650,52.32571006,809.08612100],[-113.09247600,52.32569972,808.88342300],[-113.09241090,52.32568859,808.93432600],[-113.09234890,52.32567800,808.88501000],[-113.09228770,52.32566754,808.80310100],[-113.09222010,52.32565599,808.77368200],[-113.09215490,52.32564485,808.79492200],[-113.09208930,52.32563364,808.74902300],[-113.09202120,52.32562201,808.74401900],[-113.09195630,52.32561092,808.59710700],[-113.09189130,52.32559982,808.56018100],[-113.09182860,52.32558910,808.50561500],[-113.09176310,52.32557792,808.55828900],[-113.09169820,52.32556683,808.37097200],[-113.09163260,52.32555562,808.42077600],[-113.09156780,52.32554454,808.42242400],[-113.09150290,52.32553345,808.31781000],[-113.09143610,52.32552204,808.05029300],[-113.09136690,52.32551022,807.96337900],[-113.09129870,52.32549856,807.72741700],[-113.09123840,52.32548827,807.63739000],[-113.09119230,52.32548039,807.43621800],[-113.09113550,52.32547069,807.29260300],[-113.09107630,52.32546057,806.99157700],[-113.09101180,52.32544956,806.88421600],[-113.09094790,52.32543863,806.65539600],[-113.09088510,52.32542791,806.48852500],[-113.09082610,52.32541782,806.23889200],[-113.09075940,52.32540642,806.05242900],[-113.09069860,52.32539604,806.01501500],[-113.09063090,52.32538447,805.84417700],[-113.09056170,52.32537265,805.72338900],[-113.09049750,52.32536169,805.69751000],[-113.09043240,52.32535056,805.70550500],[-113.09036510,52.32533907,805.56787100],[-113.09030020,52.32532797,805.29071000],[-113.09023790,52.32531732,805.06640600],[-113.09019500,52.32531000,804.78887900],[-113.09017250,52.32530588,804.52990700],[-113.09011490,52.32529531,804.09600800],[-113.09005310,52.32528397,803.87359600],[-113.08999540,52.32527339,803.31927500],[-113.08993440,52.32526222,802.79272500],[-113.08988580,52.32525330,802.35553000],[-113.08983690,52.32524432,801.82031300],[-113.08978330,52.32523450,801.12860100],[-113.08973330,52.32522534,800.29992700],[-113.08968070,52.32521569,799.68780500],[-113.08961980,52.32520452,798.95178200],[-113.08956020,52.32519360,798.41278100],[-113.08949610,52.32518184,797.95098900],[-113.08943700,52.32517100,797.24658200],[-113.08936000,52.32515715,796.97467000],[-113.08929480,52.32514543,796.80578600],[-113.08922650,52.32513315,796.66638200],[-113.08915770,52.32512078,796.64221200],[-113.08909070,52.32510873,796.59002700],[-113.08902970,52.32509775,796.53442400],[-113.08898100,52.32508900,797.91217000],[-113.08894940,52.32508360,797.96991000],[-113.08888530,52.32507268,797.92059300],[-113.08882030,52.32506158,797.55249000],[-113.08875780,52.32505092,797.27990700],[-113.08868560,52.32503862,796.96557600],[-113.08862120,52.32502762,796.62457300],[-113.08854960,52.32501540,796.87097200],[-113.08848150,52.32500379,796.72210700],[-113.08841680,52.32499277,796.75750700],[-113.08835430,52.32498210,796.60870400],[-113.08828010,52.32496943,795.65100100],[-113.08817200,52.32495100,795.16394000],[-113.08814840,52.32494680,794.63958700],[-113.08809410,52.32493713,794.41803000],[-113.08802830,52.32492543,794.33972200],[-113.08796370,52.32491394,795.74780300],[-113.08789440,52.32490161,795.65472400],[-113.08782520,52.32488928,795.28491200],[-113.08775750,52.32487725,792.97338900],[-113.08766060,52.32486000,792.35430900],[-113.08761000,52.32485100,794.15417500],[-113.08759450,52.32484725,795.14300500],[-113.08755060,52.32483664,794.53070100],[-113.08750790,52.32482632,793.30548100],[-113.08737000,52.32479300,793.65643300],[-113.08733260,52.32478687,789.97827100],[-113.08728910,52.32477975,789.97827100],[-113.08723320,52.32477060,789.97827100],[-113.08718360,52.32476248,789.97827100],[-113.08712630,52.32475310,789.97827100],[-113.08706390,52.32474289,789.97827100],[-113.08700170,52.32473270,789.97827100],[-113.08693790,52.32472226,789.97827100],[-113.08687930,52.32471266,789.97827100],[-113.08682250,52.32470337,789.97827100],[-113.08676180,52.32469343,790.23797600],[-113.08670520,52.32468416,790.06060800],[-113.08664630,52.32467452,791.33239700],[-113.08657890,52.32466348,791.28418000],[-113.08652100,52.32465400,791.39135700],[-113.08648360,52.32464760,790.98992900],[-113.08641910,52.32463657,790.98992900],[-113.08635790,52.32462610,791.01837200],[-113.08629060,52.32461460,791.02307100],[-113.08622770,52.32460383,791.11541700],[-113.08616740,52.32459351,791.25897200],[-113.08610320,52.32458254,791.34869400],[-113.08604290,52.32457222,791.42919900],[-113.08597110,52.32455994,791.49261500],[-113.08590120,52.32454798,791.57281500],[-113.08582890,52.32453561,791.62078900],[-113.08575800,52.32452349,791.51037600],[-113.08568380,52.32451080,791.64538600],[-113.08561710,52.32449938,791.31329300],[-113.08554990,52.32448788,791.00317400],[-113.08548820,52.32447734,790.65240500],[-113.08543010,52.32446740,790.48449700],[-113.08537880,52.32445863,790.25042700],[-113.08532450,52.32444933,790.30572500],[-113.08527430,52.32444075,790.26489300],[-113.08522720,52.32443268,790.31359900],[-113.08518350,52.32442522,790.18597400],[-113.08511920,52.32441423,789.92791700],[-113.08506900,52.32440563,789.90069600],[-113.08500770,52.32439514,789.91857900],[-113.08495230,52.32438567,789.98968500],[-113.08488480,52.32437413,790.07708700],[-113.08481470,52.32436214,789.88580300],[-113.08474240,52.32434976,789.78332500],[-113.08467170,52.32433767,789.54138200],[-113.08462100,52.32432900,789.21118200],[-113.08458090,52.32432241,788.70159900],[-113.08452980,52.32431401,788.14642300],[-113.08447640,52.32430523,787.79730200],[-113.08441770,52.32429558,787.41998300],[-113.08436260,52.32428652,787.02410900],[-113.08430830,52.32427760,786.98791500],[-113.08427200,52.32427163,785.00482200],[-113.08421440,52.32426217,784.34637500],[-113.08415350,52.32425214,783.76098600],[-113.08409250,52.32424212,783.07128900],[-113.08403150,52.32423209,782.40350300],[-113.08397330,52.32422253,781.36328100],[-113.08389540,52.32420972,782.25097700],[-113.08383170,52.32419926,781.90191700],[-113.08377160,52.32418937,781.29357900],[-113.08371100,52.32417941,780.89581300],[-113.08364780,52.32416903,780.33752400],[-113.08359060,52.32415961,779.55188000],[-113.08353130,52.32414988,778.87988300],[-113.08347260,52.32414023,778.14337200],[-113.08341160,52.32413020,777.66717500],[-113.08335850,52.32412146,777.19329800],[-113.08330200,52.32411218,776.66162100],[-113.08323400,52.32410100,776.22045900],[-113.08317810,52.32408889,775.93420400],[-113.08311780,52.32407584,775.44378700],[-113.08307050,52.32406559,773.44940200],[-113.08301700,52.32405400,773.47918700],[-113.08296590,52.32404537,772.97198500],[-113.08290830,52.32403563,772.54382300],[-113.08285190,52.32402612,772.08081100],[-113.08279240,52.32401606,771.70361300],[-113.08273400,52.32400619,771.15289300],[-113.08267080,52.32399551,770.89611800],[-113.08260430,52.32398428,770.45898400],[-113.08253780,52.32397304,770.13787800],[-113.08246810,52.32396128,770.04760700],[-113.08240230,52.32395015,769.86291500],[-113.08233800,52.32393930,769.47387700],[-113.08227770,52.32392910,769.13378900],[-113.08221930,52.32391923,768.72631800],[-113.08214880,52.32390734,768.61328100],[-113.08208550,52.32389663,768.35968000],[-113.08202020,52.32388560,768.09240700],[-113.08195050,52.32387382,767.96569800],[-113.08188900,52.32386344,768.42889400],[-113.08182060,52.32385188,768.29510500],[-113.08175520,52.32384083,768.01818800],[-113.08169370,52.32383045,767.81897000],[-113.08163370,52.32382030,767.69439700],[-113.08157700,52.32381073,767.38702400],[-113.08150800,52.32379907,767.31500200],[-113.08143660,52.32378702,766.94043000],[-113.08136610,52.32377509,766.64489700],[-113.08129490,52.32376307,766.54339600],[-113.08122200,52.32375076,766.14239500],[-113.08115190,52.32373891,766.01751700],[-113.08108300,52.32372727,766.21637000],[-113.08100830,52.32371465,765.79211400],[-113.08094240,52.32370352,765.42291300],[-113.08086950,52.32369121,765.18200700],[-113.08081500,52.32368200,765.24151600],[-113.08066860,52.32365675,764.67352300],[-113.08060820,52.32364633,764.40130600],[-113.08054430,52.32363533,764.57867400],[-113.08048170,52.32362453,764.40429700],[-113.08042850,52.32361535,764.35199000],[-113.08037050,52.32360535,764.05639600],[-113.08031020,52.32359496,764.00830100],[-113.08025720,52.32358583,763.96002200],[-113.08019790,52.32357559,763.92382800],[-113.08014270,52.32356607,763.71887200],[-113.08008470,52.32355608,763.40051300],[-113.08002640,52.32354603,762.97631800],[-113.07996940,52.32353619,762.76898200],[-113.07990920,52.32352582,762.43670700],[-113.07985270,52.32351607,762.18798800],[-113.07980580,52.32350800,761.96698000],[-113.07974580,52.32349764,761.84918200],[-113.07967720,52.32348581,761.86938500],[-113.07961690,52.32347542,761.84460400],[-113.07954860,52.32346365,761.82128900],[-113.07948540,52.32345274,761.79107700],[-113.07941350,52.32344034,761.88861100],[-113.07934520,52.32342857,761.80450400],[-113.07927790,52.32341696,761.74231000],[-113.07920410,52.32340424,761.82409700],[-113.07913040,52.32339154,761.90350300],[-113.07905260,52.32337812,762.06909200],[-113.07897620,52.32336494,762.04199200],[-113.07889970,52.32335176,762.07788100],[-113.07882600,52.32333904,761.77960200],[-113.07875220,52.32332633,761.66241500],[-113.07868280,52.32331436,761.41082800],[-113.07861310,52.32330235,761.01971400],[-113.07854210,52.32329010,760.83587600],[-113.07846940,52.32327757,760.49279800],[-113.07839530,52.32326478,760.26788300],[-113.07831970,52.32325175,760.11248800],[-113.07824560,52.32323898,759.88537600],[-113.07817420,52.32322667,759.71991000],[-113.07810000,52.32321386,759.85681200],[-113.07802720,52.32320132,759.63171400],[-113.07795620,52.32318907,759.39239500],[-113.07788020,52.32317598,759.36132800],[-113.07780190,52.32316247,758.91278100],[-113.07772680,52.32314951,758.80688500],[-113.07765170,52.32313656,758.79858400],[-113.07760200,52.32312800,758.77148400],[-113.07756860,52.32312215,758.75988800],[-113.07750170,52.32311040,758.72021500],[-113.07742720,52.32309731,758.73870800],[-113.07735170,52.32308407,758.79718000],[-113.07727770,52.32307108,758.72161900],[-113.07720000,52.32305744,758.77581800],[-113.07712330,52.32304397,758.70819100],[-113.07704560,52.32303033,758.73510700],[-113.07696920,52.32301693,758.82672100],[-113.07689670,52.32300421,758.83679200],[-113.07682330,52.32299132,758.92211900],[-113.07674790,52.32297809,758.89868200],[-113.07667390,52.32296511,759.00231900],[-113.07660460,52.32295294,758.61450200],[-113.07653000,52.32293985,758.42517100],[-113.07645460,52.32292662,758.31890900],[-113.07638450,52.32291431,758.28399700],[-113.07631320,52.32290179,758.12878400],[-113.07624600,52.32289000,758.19372600],[-113.07621410,52.32288386,758.19470200],[-113.07614700,52.32287097,758.13208000],[-113.07607090,52.32285634,758.18450900],[-113.07601200,52.32284500,756.53662100],[-113.07587100,52.32283200,758.14245600],[-113.07552600,52.32278400,758.15979000],[-113.07539400,52.32277100,756.60211200],[-113.07539020,52.32277048,758.36157200],[-113.07533490,52.32276286,758.31878700],[-113.07526480,52.32275319,758.31280500],[-113.07520400,52.32274480,758.04248000],[-113.07513480,52.32273527,758.10968000],[-113.07506350,52.32272543,757.98620600],[-113.07499270,52.32271569,757.93548600],[-113.07493700,52.32270800,757.92492700],[-113.07491530,52.32270477,758.07769800],[-113.07486870,52.32269783,757.25360100],[-113.07481700,52.32269014,757.24981700],[-113.07476900,52.32268300,756.66497800],[-113.07471590,52.32267107,756.93670700],[-113.07465630,52.32265769,756.69470200],[-113.07459360,52.32264360,756.35650600],[-113.07453150,52.32262967,755.84161400],[-113.07447800,52.32261764,755.51867700],[-113.07442050,52.32260474,755.11102300],[-113.07435740,52.32259057,754.51892100],[-113.07429700,52.32257700,754.32605000],[-113.07428780,52.32257464,754.21167000],[-113.07422090,52.32255750,754.15411400],[-113.07415440,52.32254044,754.18817100],[-113.07408420,52.32252244,754.39361600],[-113.07402400,52.32250700,754.91650400],[-113.07401390,52.32250419,754.29760700],[-113.07396510,52.32249058,754.23638900],[-113.07392170,52.32247848,754.05670200],[-113.07387120,52.32246441,753.83038300],[-113.07382600,52.32245179,753.57928500],[-113.07378310,52.32243985,753.37097200],[-113.07373350,52.32242602,752.98962400],[-113.07369400,52.32241500,753.11724900],[-113.07363770,52.32239983,751.67419400],[-113.07357900,52.32238400,752.17541500],[-113.07356850,52.32238087,751.28808600],[-113.07350630,52.32236236,751.05249000],[-113.07344800,52.32234500,752.02160600],[-113.07336400,52.32232900,752.61846900],[-113.07328500,52.32230000,751.07959000],[-113.07321800,52.32228100,750.23498500],[-113.07320090,52.32227696,750.83728000],[-113.07312950,52.32226012,749.85327100],[-113.07306320,52.32224447,748.53820800],[-113.07304000,52.32223900,751.47009300],[-113.07302840,52.32223553,748.64502000],[-113.07297410,52.32221934,748.74560500],[-113.07291940,52.32220299,748.79168700],[-113.07286030,52.32218535,748.94567900],[-113.07280190,52.32216790,748.90930200],[-113.07274680,52.32215146,748.57428000],[-113.07268450,52.32213285,748.27710000],[-113.07263250,52.32211733,748.36157200],[-113.07258180,52.32210220,748.11962900],[-113.07254100,52.32209000,750.87652600],[-113.07252620,52.32208746,748.10577400],[-113.07247300,52.32207830,748.16540500],[-113.07244800,52.32207400,749.56622300],[-113.07239870,52.32206998,746.97912600],[-113.07235290,52.32206623,746.19360400],[-113.07230100,52.32206200,745.49633800],[-113.07226550,52.32206084,744.85638400],[-113.07220470,52.32205885,743.97259500],[-113.07215320,52.32205716,742.75720200],[-113.07209300,52.32205519,742.15728800],[-113.07202600,52.32205300,743.37823500],[-113.07202020,52.32205291,741.59301800],[-113.07194810,52.32205179,741.46087600],[-113.07189000,52.32205089,741.52130100],[-113.07183390,52.32205002,741.48321500],[-113.07178350,52.32204924,741.24511700],[-113.07176800,52.32204900,742.23626700],[-113.07176800,52.32204900,744.43859900],[-113.07174240,52.32204348,741.91320800],[-113.07170300,52.32203500,740.50030500],[-113.07158370,52.32203326,742.08380100],[-113.07156600,52.32203300,738.63085900],[-113.07156600,52.32203300,741.94043000],[-113.07154700,52.32203300,744.38604700],[-113.07153340,52.32203261,742.40802000],[-113.07147520,52.32203092,744.53741500],[-113.07143100,52.32202963,745.31909200],[-113.07140020,52.32202874,746.09210200],[-113.07132580,52.32202658,750.24408000],[-113.07126390,52.32202478,750.87200900],[-113.07122810,52.32202374,753.42749000],[-113.07116870,52.32202201,753.80499300],[-113.07111000,52.32202031,753.84088100],[-113.07106450,52.32201899,754.35070800],[-113.07099600,52.32201700,755.43963600],[-113.07097370,52.32201593,754.87237500],[-113.07091160,52.32201294,754.91351300],[-113.07085500,52.32201022,755.32171600],[-113.07079290,52.32200724,755.43371600],[-113.07073210,52.32200431,755.54138200],[-113.07067270,52.32200146,755.96008300],[-113.07061210,52.32199854,756.35211200],[-113.07055320,52.32199571,756.85052500],[-113.07049360,52.32199285,757.40417500],[-113.07043820,52.32199019,757.84161400],[-113.07037770,52.32198728,758.73980700],[-113.07031300,52.32198417,759.13568100],[-113.07025000,52.32198114,759.61737100],[-113.07018790,52.32197815,759.79382300],[-113.07012550,52.32197516,760.02697800],[-113.07005640,52.32197184,761.07727100],[-113.07000370,52.32196930,761.02398700],[-113.06994300,52.32196638,761.40899700],[-113.06988500,52.32196359,761.81579600],[-113.06983100,52.32196100,762.24456800],[-113.06979930,52.32196028,761.74017300],[-113.06974120,52.32195897,763.00598100],[-113.06967710,52.32195752,763.79620400],[-113.06962000,52.32195622,764.25201400],[-113.06956600,52.32195500,763.99322500],[-113.06952130,52.32194878,764.15069600],[-113.06946140,52.32194044,764.30072000],[-113.06942240,52.32193500,761.68139600],[-113.06937010,52.32192773,762.90741000],[-113.06931340,52.32191984,763.57428000],[-113.06924320,52.32191006,764.32519500],[-113.06917750,52.32190091,763.29272500],[-113.06911600,52.32189236,764.24658200],[-113.06906440,52.32188516,765.52081300],[-113.06900190,52.32187647,766.06591800],[-113.06893550,52.32186722,766.79022200],[-113.06887100,52.32185824,767.06121800],[-113.06881000,52.32184976,767.73162800],[-113.06874430,52.32184061,767.76532000],[-113.06867920,52.32183155,768.41882300],[-113.06862500,52.32182400,768.57623300],[-113.06857640,52.32181744,767.25170900],[-113.06851480,52.32180914,767.74969500],[-113.06847040,52.32180315,767.77038600],[-113.06841050,52.32179508,767.63842800],[-113.06833940,52.32178548,767.33740200],[-113.06826420,52.32177534,767.66522200],[-113.06819230,52.32176565,767.79241900],[-113.06811990,52.32175588,767.67657500],[-113.06804890,52.32174631,767.67639200],[-113.06797550,52.32173641,767.65368700],[-113.06790100,52.32172636,767.77539100],[-113.06782630,52.32171628,768.01678500],[-113.06775010,52.32170601,767.81872600],[-113.06767540,52.32169594,768.04168700],[-113.06760290,52.32168616,768.15148900],[-113.06753110,52.32167648,768.13409400],[-113.06745490,52.32166619,768.08239700],[-113.06737810,52.32165584,768.07269300],[-113.06730390,52.32164584,768.41119400],[-113.06722910,52.32163575,768.47711200],[-113.06715460,52.32162570,768.67627000],[-113.06707850,52.32161544,768.80578600],[-113.06701510,52.32160688,768.92279100],[-113.06695100,52.32159825,768.99871800],[-113.06688020,52.32158870,769.15350300],[-113.06680980,52.32157920,769.29357900],[-113.06674120,52.32156994,769.34381100],[-113.06667510,52.32156104,769.54119900],[-113.06660880,52.32155209,769.83612100],[-113.06655070,52.32154425,770.20141600],[-113.06649480,52.32153672,770.49591100],[-113.06644500,52.32153000,770.49084500],[-113.06638950,52.32152242,770.50341800],[-113.06632920,52.32151418,770.79797400],[-113.06626410,52.32150529,771.25427200],[-113.06620080,52.32149665,771.58410600],[-113.06615850,52.32149087,772.19171100],[-113.06611390,52.32148477,773.31073000],[-113.06607110,52.32147893,774.22479200],[-113.06601780,52.32147165,774.71521000],[-113.06595680,52.32146331,775.09442100],[-113.06589750,52.32145522,775.49108900],[-113.06583070,52.32144610,776.00628700],[-113.06576600,52.32143725,776.16497800],[-113.06570210,52.32142853,776.28942900],[-113.06563660,52.32141958,776.46398900],[-113.06557030,52.32141053,776.79541000],[-113.06550790,52.32140200,777.17071500],[-113.06544320,52.32139316,777.55987500],[-113.06537620,52.32138402,778.02252200],[-113.06531340,52.32137543,778.46801800],[-113.06524750,52.32136643,778.66272000],[-113.06517960,52.32135715,778.98822000],[-113.06512600,52.32134983,779.55938700],[-113.06508150,52.32134376,779.85260000],[-113.06503200,52.32133700,779.68499800],[-113.06498130,52.32133022,779.60131800],[-113.06492270,52.32132238,779.35662800],[-113.06486230,52.32131431,778.69751000],[-113.06479820,52.32130573,777.83770800],[-113.06472650,52.32129614,777.23852500],[-113.06466350,52.32128772,776.79248000],[-113.06460900,52.32128042,776.48358200],[-113.06454600,52.32127200,776.45074500],[-113.06448800,52.32126428,776.49432400],[-113.06441530,52.32125459,776.86242700],[-113.06434960,52.32124585,777.31457500],[-113.06428420,52.32123714,777.87109400],[-113.06423610,52.32123073,778.65631100],[-113.06419300,52.32122499,779.62030000],[-113.06413300,52.32121700,779.84075900],[-113.06410210,52.32121268,779.77697800],[-113.06403250,52.32120294,780.01342800],[-113.06396710,52.32119378,780.11621100],[-113.06389440,52.32118361,780.17761200],[-113.06383010,52.32117462,780.43988000],[-113.06376450,52.32116544,780.74292000],[-113.06370150,52.32115663,780.86212200],[-113.06364700,52.32114900,781.06451400],[-113.06363080,52.32114550,781.14190700],[-113.06358910,52.32113649,781.24121100],[-113.06353600,52.32112500,781.01037600],[-113.06349580,52.32111642,780.61731000],[-113.06342810,52.32110201,780.09448200],[-113.06335860,52.32108719,779.65881300],[-113.06329200,52.32107300,780.12347400],[-113.06324000,52.32105830,780.45861800],[-113.06318210,52.32104191,780.98748800],[-113.06311480,52.32102289,780.96472200],[-113.06304800,52.32100398,781.08618200],[-113.06299000,52.32098758,781.65887500],[-113.06292340,52.32096873,781.87927200],[-113.06285940,52.32095065,781.98071300],[-113.06280000,52.32093385,782.19470200],[-113.06275220,52.32092032,782.59167500],[-113.06269820,52.32090504,782.54351800],[-113.06264250,52.32088930,782.68908700],[-113.06259030,52.32087454,782.89349400],[-113.06253960,52.32086020,782.97650100],[-113.06249840,52.32084854,783.10888700],[-113.06245470,52.32083617,783.27648900],[-113.06240800,52.32082297,783.13317900],[-113.06235070,52.32080677,783.03082300],[-113.06230120,52.32079276,782.88812300],[-113.06224350,52.32077644,782.50158700],[-113.06218260,52.32075923,782.44012500],[-113.06212430,52.32074272,782.41333000],[-113.06206900,52.32072708,782.46197500],[-113.06200470,52.32070889,782.38739000],[-113.06194030,52.32069068,782.58740200],[-113.06188010,52.32067365,782.42932100],[-113.06182050,52.32065680,782.59088100],[-113.06175570,52.32063848,782.71191400],[-113.06169260,52.32062063,782.85827600],[-113.06162970,52.32060285,782.59967000],[-113.06156520,52.32058458,782.65478500],[-113.06149980,52.32056609,782.62207000],[-113.06143850,52.32054875,782.56652800],[-113.06138950,52.32053490,782.58862300],[-113.06134160,52.32052134,782.42077600],[-113.06129850,52.32050915,782.50457800],[-113.06124980,52.32049539,782.61859100],[-113.06120380,52.32048236,782.69128400],[-113.06113690,52.32046346,782.58557100],[-113.06107570,52.32044613,782.68402100],[-113.06100470,52.32042607,782.70977800],[-113.06094160,52.32040821,782.77569600],[-113.06087210,52.32038856,782.82147200],[-113.06080370,52.32036920,782.84069800],[-113.06073790,52.32035059,782.80957000],[-113.06066670,52.32033047,782.89300500],[-113.06060040,52.32031170,782.78320300],[-113.06056570,52.32030189,784.05969200],[-113.06049970,52.32028322,783.98400900],[-113.06043270,52.32026426,784.30987500],[-113.06035460,52.32024218,783.36792000],[-113.06028510,52.32022252,783.39990200],[-113.06022570,52.32020572,782.11529500],[-113.06015830,52.32018665,781.85998500],[-113.06009580,52.32016898,781.68780500],[-113.06004090,52.32015346,781.64117400],[-113.05999410,52.32014021,781.71771200],[-113.05994730,52.32012697,781.70532200],[-113.05990480,52.32011496,781.63110400],[-113.05985880,52.32010196,781.83929400],[-113.05979450,52.32008377,781.71331800],[-113.05972830,52.32006503,781.73638900],[-113.05965830,52.32004526,781.77191200],[-113.05959400,52.32002706,781.85369900],[-113.05952570,52.32000775,781.89679000],[-113.05945440,52.31998757,781.78411900],[-113.05938800,52.31996878,781.89440900],[-113.05932010,52.31994959,782.01617400],[-113.05925830,52.31993209,782.05090300],[-113.05919240,52.31991348,782.49462900],[-113.05912590,52.31989465,782.65899700],[-113.05906480,52.31987738,782.70727500],[-113.05900230,52.31985969,782.25390600],[-113.05894140,52.31984249,782.24737500],[-113.05888270,52.31982586,782.40911900],[-113.05883400,52.31981209,782.31561300],[-113.05878920,52.31979942,782.60412600],[-113.05872090,52.31978011,782.66632100],[-113.05865430,52.31976127,782.67327900],[-113.05858690,52.31974219,782.72650100],[-113.05851740,52.31972254,782.66418500],[-113.05845530,52.31970498,782.22662400],[-113.05838640,52.31968549,782.08709700],[-113.05832390,52.31966782,782.11431900],[-113.05827070,52.31965277,782.36529500],[-113.05821630,52.31963737,781.93151900],[-113.05816390,52.31962256,782.20642100],[-113.05811890,52.31960983,782.24987800],[-113.05806960,52.31959589,782.28570600],[-113.05802530,52.31958336,782.27270500],[-113.05795900,52.31956462,782.39691200],[-113.05789220,52.31954572,782.35308800],[-113.05782520,52.31952676,782.51580800],[-113.05775460,52.31950681,782.47412100],[-113.05769110,52.31948884,782.68237300],[-113.05762530,52.31947022,782.60632300],[-113.05755770,52.31945110,782.59552000],[-113.05748960,52.31943185,782.63690200],[-113.05742480,52.31941353,782.85272200],[-113.05736010,52.31939521,782.81451400],[-113.05729820,52.31937770,782.94207800],[-113.05723600,52.31936011,782.97741700],[-113.05717490,52.31934285,783.01269500],[-113.05711520,52.31932596,783.14910900],[-113.05705200,52.31930807,783.08471700],[-113.05698760,52.31928987,783.20098900],[-113.05692130,52.31927109,783.07238800],[-113.05685400,52.31925209,783.02319300],[-113.05678860,52.31923359,783.09320100],[-113.05673000,52.31921700,783.48651100],[-113.05669840,52.31920776,783.95379600],[-113.05662870,52.31918737,783.82208300],[-113.05656030,52.31916735,783.89929200],[-113.05649200,52.31914739,784.02160600],[-113.05642500,52.31912777,784.03997800],[-113.05635920,52.31910852,784.30822800],[-113.05629420,52.31908951,784.36261000],[-113.05623360,52.31907180,784.59301800],[-113.05617250,52.31905390,784.65441900],[-113.05610630,52.31903455,784.69659400],[-113.05604730,52.31901729,784.87677000],[-113.05598280,52.31899841,784.96618700],[-113.05592100,52.31898035,785.14331100],[-113.05586140,52.31896290,785.23681600],[-113.05580860,52.31894746,785.62262000],[-113.05576600,52.31893500,785.71929900],[-113.05574680,52.31892946,787.26068100],[-113.05568490,52.31891153,787.20581100],[-113.05562230,52.31889342,787.24859600],[-113.05555340,52.31887347,787.33941700],[-113.05548870,52.31885473,787.34118700],[-113.05542490,52.31883628,787.57959000],[-113.05536240,52.31881819,787.49621600],[-113.05529860,52.31879970,787.58410600],[-113.05523760,52.31878206,787.65399200],[-113.05517850,52.31876494,787.90747100],[-113.05512280,52.31874882,787.86541700],[-113.05506540,52.31873221,787.90319800],[-113.05499740,52.31871252,787.78759800],[-113.05493350,52.31869404,787.92858900],[-113.05488500,52.31868000,787.85668900],[-113.05486430,52.31867381,787.78900100],[-113.05480030,52.31865463,788.05102500],[-113.05473240,52.31863429,788.10601800],[-113.05466460,52.31861400,788.16949500],[-113.05459590,52.31859341,788.12530500],[-113.05452940,52.31857351,788.00280800],[-113.05446310,52.31855365,788.06042500],[-113.05439900,52.31853447,787.50598100],[-113.05433740,52.31851601,787.58221400],[-113.05427850,52.31849837,787.71679700],[-113.05422250,52.31848160,787.84942600],[-113.05415590,52.31846165,787.89111300],[-113.05408940,52.31844174,787.65008500],[-113.05402030,52.31842106,787.71283000],[-113.05395240,52.31840072,787.72528100],[-113.05388850,52.31838159,787.86218300],[-113.05382420,52.31836231,787.70098900],[-113.05375720,52.31834226,787.68682900],[-113.05368880,52.31832177,787.63800000],[-113.05362280,52.31830201,787.67450000],[-113.05355960,52.31828307,787.84491000],[-113.05349610,52.31826408,787.81079100],[-113.05343000,52.31824427,788.01391600],[-113.05336480,52.31822475,787.90582300],[-113.05329910,52.31820508,787.87707500],[-113.05323880,52.31818701,787.67620800],[-113.05318200,52.31817000,786.81079100],[-113.05311470,52.31814941,787.23419200],[-113.05304700,52.31812874,787.96862800],[-113.05297880,52.31810786,788.16412400],[-113.05293640,52.31809492,786.10998500],[-113.05287080,52.31807484,787.18389900],[-113.05281390,52.31805746,787.49908400],[-113.05275670,52.31803998,787.82220500],[-113.05271100,52.31802600,790.31054700],[-113.05265900,52.31802200,788.37225300],[-113.05251500,52.31797000,788.43524200],[-113.05245690,52.31795219,787.79919400],[-113.05240730,52.31793700,788.41717500],[-113.05235340,52.31792047,787.79522700],[-113.05229010,52.31790109,787.70971700],[-113.05226700,52.31789400,786.15844700],[-113.05216900,52.31778300,784.92767300],[-113.05213740,52.31774786,784.91479500],[-113.05210700,52.31771400,784.97088600],[-113.05208730,52.31769036,784.98492400],[-113.05205250,52.31764873,785.73297100],[-113.05203150,52.31762365,786.41839600],[-113.05199870,52.31758440,786.53802500],[-113.05196410,52.31754297,786.51532000],[-113.05193110,52.31750342,786.42938200],[-113.05190100,52.31746743,786.06268300],[-113.05189900,52.31746500,791.13336200],[-113.05187480,52.31743831,785.96020500],[-113.05185050,52.31741139,785.90899700],[-113.05182030,52.31737807,785.80371100],[-113.05181300,52.31737000,790.94744900],[-113.05181200,52.31736851,788.74322500],[-113.05179400,52.31734100,788.88317900],[-113.05175730,52.31733797,788.60180700],[-113.05168670,52.31733214,788.84600800],[-113.05160930,52.31732574,788.98071300],[-113.05153190,52.31731935,789.36389200],[-113.05145790,52.31731324,789.69250500],[-113.05138000,52.31730681,789.94891400],[-113.05130530,52.31730064,790.36181600],[-113.05123160,52.31729455,790.71252400],[-113.05116210,52.31728881,790.96551500],[-113.05111600,52.31728500,791.54791300],[-113.05108410,52.31728270,791.42901600],[-113.05103300,52.31727904,791.54248000],[-113.05096160,52.31727391,791.75781300],[-113.05089600,52.31726919,791.95532200],[-113.05082180,52.31726386,792.14227300],[-113.05075170,52.31725881,792.29522700],[-113.05067890,52.31725359,792.36132800],[-113.05062900,52.31725000,793.18981900],[-113.05056230,52.31724404,792.18981900],[-113.05047720,52.31723644,792.08667000],[-113.05039330,52.31722895,791.70098900],[-113.05031360,52.31722183,791.22448700],[-113.05023070,52.31721443,790.96789600],[-113.05015260,52.31720746,790.72857700],[-113.05007660,52.31720067,790.58947800],[-113.04999640,52.31719350,790.14959700],[-113.04991610,52.31718634,790.02209500],[-113.04983860,52.31717942,789.98748800],[-113.04976210,52.31717258,789.86920200],[-113.04968920,52.31716608,789.92529300],[-113.04961660,52.31715959,790.02111800],[-113.04954300,52.31715302,789.93859900],[-113.04949800,52.31714900,790.07031300],[-113.04948440,52.31714516,790.07177700],[-113.04942000,52.31712701,790.18829300],[-113.04935910,52.31710985,790.30810500],[-113.04929410,52.31709152,790.27417000],[-113.04923200,52.31707400,790.36322000],[-113.04921670,52.31706972,790.35022000],[-113.04915550,52.31705260,790.33178700],[-113.04910350,52.31703803,790.35577400],[-113.04905510,52.31702449,790.48107900],[-113.04899790,52.31700847,790.62072800],[-113.04893960,52.31699216,790.61969000],[-113.04888300,52.31697631,790.71057100],[-113.04883260,52.31696220,790.80859400],[-113.04877930,52.31694728,790.84008800],[-113.04871400,52.31692900,791.10290500],[-113.04869200,52.31692300,791.03509500],[-113.04862930,52.31690589,791.05548100],[-113.04857080,52.31688994,791.19702100],[-113.04852510,52.31687748,791.44592300],[-113.04848170,52.31686565,791.66803000],[-113.04843230,52.31685218,791.77478000],[-113.04837070,52.31683536,792.02972400],[-113.04830670,52.31681792,792.02807600],[-113.04824370,52.31680073,791.97552500],[-113.04818240,52.31678403,792.04187000],[-113.04811730,52.31676626,791.90612800],[-113.04805280,52.31674867,791.82952900],[-113.04798920,52.31673133,791.97100800],[-113.04792670,52.31671428,792.08038300],[-113.04786990,52.31669879,792.07000700],[-113.04780860,52.31668207,792.22387700],[-113.04774600,52.31666500,791.84021000],[-113.04769450,52.31665031,791.83569300],[-113.04762740,52.31663115,791.78082300],[-113.04756250,52.31661262,791.72668500],[-113.04749660,52.31659381,791.37579300],[-113.04743400,52.31657592,790.85839800],[-113.04737490,52.31655907,790.37439000],[-113.04730870,52.31654015,790.10150100],[-113.04724860,52.31652300,787.95880100],[-113.04718520,52.31650489,788.00048800],[-113.04711990,52.31648625,788.00451700],[-113.04705870,52.31646880,788.31457500],[-113.04699810,52.31645148,788.70642100],[-113.04693550,52.31643361,789.15100100],[-113.04687110,52.31641522,789.49438500],[-113.04681090,52.31639805,789.96447800],[-113.04674880,52.31638031,790.29480000],[-113.04669340,52.31636450,790.69372600],[-113.04663740,52.31634851,791.02349900],[-113.04658090,52.31633240,791.47802700],[-113.04653400,52.31631900,792.10278300],[-113.04647980,52.31630250,792.20678700],[-113.04642260,52.31628508,793.04547100],[-113.04636610,52.31626791,793.95709200],[-113.04631560,52.31625254,794.73150600],[-113.04626240,52.31623635,795.49768100],[-113.04620920,52.31622015,796.30249000],[-113.04616750,52.31620746,796.86877400],[-113.04611530,52.31619157,797.37390100],[-113.04606820,52.31617725,796.22070300],[-113.04602700,52.31616469,796.49957300],[-113.04597300,52.31614825,796.92712400],[-113.04592020,52.31613220,797.19262700],[-113.04586700,52.31611600,797.60852100],[-113.04582020,52.31610299,797.65478500],[-113.04575650,52.31608527,797.91168200],[-113.04569120,52.31606709,798.20452900],[-113.04562500,52.31604867,798.33282500],[-113.04556520,52.31603205,798.25280800],[-113.04550500,52.31601529,798.41131600],[-113.04544130,52.31599758,798.27667200],[-113.04538580,52.31598216,798.36010700],[-113.04531320,52.31596196,798.33050500],[-113.04524170,52.31594206,798.16027800],[-113.04517800,52.31592433,798.00347900],[-113.04511180,52.31590592,797.74121100],[-113.04504330,52.31588688,797.12219200],[-113.04498130,52.31586962,796.00512700],[-113.04492500,52.31585397,794.84429900],[-113.04487060,52.31583883,793.75958300],[-113.04481390,52.31582307,792.82592800],[-113.04476120,52.31580840,791.97113000],[-113.04470290,52.31579217,791.18579100],[-113.04463560,52.31577347,790.78930700],[-113.04456670,52.31575431,790.50860600],[-113.04450470,52.31573705,790.25079300],[-113.04444700,52.31572100,790.22619600],[-113.04440910,52.31570978,789.56921400],[-113.04435390,52.31569346,789.56231700],[-113.04429470,52.31567596,789.17858900],[-113.04423600,52.31565860,789.26550300],[-113.04417630,52.31564094,789.42712400],[-113.04411780,52.31562363,789.88208000],[-113.04405630,52.31560545,790.18078600],[-113.04399840,52.31558832,790.39422600],[-113.04393380,52.31556923,790.34002700],[-113.04387370,52.31555146,790.09521500],[-113.04381990,52.31553553,789.86309800],[-113.04376890,52.31552046,789.87200900],[-113.04370510,52.31550160,789.55712900],[-113.04364290,52.31548319,789.27771000],[-113.04357880,52.31546425,789.08331300],[-113.04351540,52.31544550,789.07147200],[-113.04344880,52.31542579,789.26690700],[-113.04338910,52.31540814,789.54321300],[-113.04332800,52.31539005,789.84088100],[-113.04326760,52.31537221,790.00677500],[-113.04321110,52.31535550,790.29168700],[-113.04314280,52.31533530,790.62677000],[-113.04308050,52.31531687,790.84222400],[-113.04301770,52.31529831,791.36657700],[-113.04295190,52.31527885,791.50872800],[-113.04289130,52.31526092,791.77410900],[-113.04283480,52.31524421,791.90979000],[-113.04278000,52.31522800,791.97827100],[-113.04275610,52.31522127,791.61578400],[-113.04269640,52.31520450,791.77728300],[-113.04263530,52.31518732,791.78710900],[-113.04256400,52.31516730,791.68042000],[-113.04249380,52.31514757,791.52148400],[-113.04242610,52.31512853,791.37310800],[-113.04235740,52.31510920,791.30389400],[-113.04228590,52.31508913,791.00360100],[-113.04221670,52.31506969,791.34747300],[-113.04215010,52.31505094,791.42199700],[-113.04208280,52.31503202,791.58697500],[-113.04201870,52.31501403,791.84417700],[-113.04195560,52.31499627,792.25250200],[-113.04189400,52.31497898,792.59088100],[-113.04183660,52.31496284,793.00579800],[-113.04177300,52.31494497,793.17108200],[-113.04170680,52.31492634,793.51971400],[-113.04164250,52.31490829,793.99939000],[-113.04158470,52.31489204,794.45758100],[-113.04152420,52.31487504,794.82287600],[-113.04146620,52.31485873,795.34130900],[-113.04141770,52.31484509,795.83697500],[-113.04136400,52.31483000,796.24914600],[-113.04135210,52.31482661,796.29480000],[-113.04129760,52.31481120,796.72583000],[-113.04123790,52.31479426,797.20159900],[-113.04114360,52.31476755,797.58111600],[-113.04107970,52.31474943,798.04882800],[-113.04101950,52.31473237,798.27410900],[-113.04095490,52.31471408,798.58459500],[-113.04089230,52.31469632,799.00238000],[-113.04083890,52.31468118,799.35180700],[-113.04078630,52.31466629,799.91180400],[-113.04073800,52.31465262,800.75421100],[-113.04069000,52.31463900,801.95739700],[-113.04063480,52.31462154,802.97839400],[-113.04059080,52.31460766,803.79272500],[-113.04054570,52.31459340,804.30108600],[-113.04049700,52.31457800,804.58807400],[-113.04044510,52.31456389,804.07440200],[-113.04038730,52.31454819,802.83679200],[-113.04033110,52.31453290,801.49237100],[-113.04027780,52.31451842,800.76782200],[-113.04021780,52.31450213,799.96283000],[-113.04015120,52.31448403,799.37811300],[-113.04008790,52.31446681,799.23852500],[-113.04002340,52.31444929,799.28369100],[-113.03995490,52.31443067,798.95349100],[-113.03988880,52.31441272,798.70739700],[-113.03983100,52.31439700,798.52117900],[-113.03978950,52.31438510,798.64001500],[-113.03972910,52.31436782,798.87921100],[-113.03967010,52.31435090,799.19641100],[-113.03960610,52.31433257,799.43811000],[-113.03954270,52.31431441,799.46167000],[-113.03947770,52.31429579,799.00518800],[-113.03941950,52.31427911,798.41400100],[-113.03936140,52.31426248,798.38488800],[-113.03930760,52.31424708,797.90850800],[-113.03925160,52.31423102,797.53460700],[-113.03918330,52.31421146,797.58001700],[-113.03911830,52.31419283,797.88952600],[-113.03906660,52.31417802,797.99548300],[-113.03900360,52.31415999,798.14080800],[-113.03894210,52.31414236,798.34851100],[-113.03887870,52.31412420,798.70800800],[-113.03881510,52.31410598,798.83691400],[-113.03875070,52.31408753,798.91217000],[-113.03868860,52.31406974,798.74560500],[-113.03861960,52.31404998,798.15570100],[-113.03855540,52.31403159,798.01831100],[-113.03848340,52.31401096,797.53747600],[-113.03841360,52.31399098,797.03790300],[-113.03834500,52.31397133,796.55969200],[-113.03828090,52.31395295,796.41980000],[-113.03821910,52.31393526,796.57177700],[-113.03815800,52.31391774,796.80981400],[-113.03809380,52.31389936,796.84277300],[-113.03803040,52.31388119,796.93798800],[-113.03796040,52.31386115,796.88452100],[-113.03789540,52.31384253,796.64422600],[-113.03782740,52.31382305,796.54998800],[-113.03776370,52.31380481,796.18371600],[-113.03769760,52.31378587,796.15997300],[-113.03763470,52.31376785,796.06738300],[-113.03757360,52.31375034,796.36322000],[-113.03753400,52.31373900,796.79437300],[-113.03750920,52.31373204,796.79772900],[-113.03745080,52.31371563,797.28332500],[-113.03739440,52.31369980,798.19628900],[-113.03734570,52.31368611,798.92291300],[-113.03729260,52.31367121,799.53918500],[-113.03724340,52.31365740,800.16717500],[-113.03719290,52.31364320,800.96667500],[-113.03713770,52.31362771,801.73767100],[-113.03709040,52.31361443,802.52130100],[-113.03703860,52.31359987,803.18280000],[-113.03698550,52.31358497,803.92260700],[-113.03693000,52.31356937,804.22137500],[-113.03687320,52.31355342,804.40362500],[-113.03681210,52.31353626,804.49780300],[-113.03676110,52.31352193,804.31897000],[-113.03671500,52.31350900,804.07080100],[-113.03666700,52.31349541,803.92749000],[-113.03657020,52.31346805,802.99572800],[-113.03650570,52.31344979,802.20288100],[-113.03644110,52.31343153,801.42132600],[-113.03637870,52.31341387,800.91601600],[-113.03630650,52.31339344,800.14068600],[-113.03623350,52.31337279,799.24322500],[-113.03615800,52.31335143,798.41162100],[-113.03609410,52.31333335,797.57159400],[-113.03603330,52.31331613,797.29669200],[-113.03596250,52.31329612,796.97332800],[-113.03590140,52.31327884,795.48577900],[-113.03583930,52.31326126,795.50030500],[-113.03576980,52.31324161,795.76361100],[-113.03569970,52.31322178,796.12518300],[-113.03563130,52.31320242,796.23407000],[-113.03556490,52.31318363,796.52002000],[-113.03549270,52.31316322,796.56127900],[-113.03541950,52.31314251,796.88110400],[-113.03535250,52.31312355,797.07989500],[-113.03528610,52.31310476,797.35302700],[-113.03523020,52.31308895,797.81439200],[-113.03517780,52.31307413,798.10022000],[-113.03512710,52.31305979,797.85479700],[-113.03507210,52.31304421,796.94641100],[-113.03501060,52.31302683,795.95397900],[-113.03494320,52.31300775,794.94152800],[-113.03487470,52.31298837,793.97149700],[-113.03480350,52.31296824,793.16711400],[-113.03473860,52.31294987,792.61541700],[-113.03468600,52.31293500,791.98352100],[-113.03466220,52.31292833,792.62420700],[-113.03459490,52.31290942,792.68920900],[-113.03453920,52.31289376,793.37982200],[-113.03448940,52.31287979,793.70507800],[-113.03444090,52.31286616,794.39709500],[-113.03439050,52.31285201,794.93707300],[-113.03434630,52.31283960,795.68872100],[-113.03428720,52.31282302,796.04132100],[-113.03422550,52.31280568,796.03930700],[-113.03416290,52.31278810,796.03472900],[-113.03410080,52.31277065,796.22961400],[-113.03404620,52.31275534,796.01269500],[-113.03398470,52.31273806,795.72021500],[-113.03392980,52.31272263,795.43737800],[-113.03386040,52.31270315,795.15850800],[-113.03379620,52.31268511,794.80902100],[-113.03372890,52.31266620,794.23992900],[-113.03365800,52.31264631,793.75311300],[-113.03358780,52.31262660,793.74572800],[-113.03352030,52.31260763,794.21801800],[-113.03345440,52.31258913,794.66357400],[-113.03339800,52.31257330,795.39129600],[-113.03334190,52.31255752,797.17700200],[-113.03328300,52.31254100,797.71441700],[-113.03322210,52.31252389,798.27050800],[-113.03316120,52.31250678,798.75238000],[-113.03310250,52.31249031,799.44000200],[-113.03304880,52.31247523,799.96051000],[-113.03298960,52.31245859,800.45562700],[-113.03293440,52.31244311,801.09649700],[-113.03287760,52.31242716,801.45910600],[-113.03282040,52.31241109,801.88720700],[-113.03275600,52.31239300,801.79370100],[-113.03274300,52.31238932,802.25347900],[-113.03268480,52.31237285,802.38067600],[-113.03261990,52.31235446,802.02502400],[-113.03254960,52.31233455,801.60919200],[-113.03247920,52.31231464,800.92327900],[-113.03241720,52.31229707,800.16009500],[-113.03235410,52.31227921,799.34631300],[-113.03228600,52.31225994,798.64147900],[-113.03221320,52.31223933,797.89947500],[-113.03214480,52.31221995,797.45092800],[-113.03208470,52.31220295,797.80322300],[-113.03202520,52.31218610,797.47137500],[-113.03195730,52.31216688,797.68627900],[-113.03189260,52.31214855,797.49969500],[-113.03182950,52.31213068,797.65130600],[-113.03176450,52.31211230,797.66918900],[-113.03169940,52.31209384,797.83007800],[-113.03163300,52.31207505,798.04418900],[-113.03156920,52.31205700,798.40167200],[-113.03150740,52.31203949,798.79888900],[-113.03144430,52.31202162,799.27069100],[-113.03138610,52.31200516,799.52948000],[-113.03131810,52.31198590,799.33978300],[-113.03125610,52.31196833,798.68609600],[-113.03119540,52.31195116,798.09692400],[-113.03113990,52.31193545,797.52398700],[-113.03107410,52.31191683,797.17291300],[-113.03100880,52.31189833,797.17767300],[-113.03094380,52.31187993,797.22650100],[-113.03087760,52.31186118,797.02392600],[-113.03081780,52.31184425,796.75177000],[-113.03076420,52.31182907,796.93597400],[-113.03071040,52.31181384,797.15460200],[-113.03065620,52.31179849,797.52117900],[-113.03060540,52.31178413,797.95288100],[-113.03055450,52.31176970,798.57031300],[-113.03050520,52.31175575,799.05377200],[-113.03045510,52.31174156,799.79907200],[-113.03041300,52.31172965,800.48931900],[-113.03036170,52.31171512,800.95587200],[-113.03030730,52.31169971,801.21600300],[-113.03025880,52.31168598,801.49621600],[-113.03021170,52.31167267,801.56347700],[-113.03016700,52.31166000,801.15466300],[-113.03015580,52.31165757,801.19427500],[-113.03010820,52.31164723,800.45318600],[-113.03005880,52.31163650,799.09191900],[-113.02999880,52.31162347,797.33837900],[-113.02994960,52.31161279,796.06622300],[-113.02989790,52.31160157,794.53118900],[-113.02984730,52.31159058,792.97479200],[-113.02980230,52.31158080,792.19940200],[-113.02975890,52.31157139,791.89447000],[-113.02970210,52.31155904,791.44879200],[-113.02964200,52.31154600,791.20861800],[-113.02959520,52.31153568,791.17352300],[-113.02953560,52.31152253,791.10748300],[-113.02947730,52.31150968,791.29907200],[-113.02942120,52.31149730,791.00311300],[-113.02935440,52.31148259,791.91229200],[-113.02929990,52.31147057,792.24987800],[-113.02925200,52.31146000,793.29687500],[-113.02922870,52.31145556,793.92297400],[-113.02918720,52.31144765,794.69177200],[-113.02914250,52.31143912,795.89147900],[-113.02909040,52.31142920,797.09698500],[-113.02904110,52.31141979,797.40057400],[-113.02899500,52.31141100,797.23181200],[-113.02895840,52.31140276,797.03472900],[-113.02890460,52.31139066,797.24090600],[-113.02885210,52.31137885,798.09930400],[-113.02880960,52.31136929,798.87609900],[-113.02875500,52.31135700,799.54467800],[-113.02875300,52.31135700,799.89831500],[-113.02873060,52.31135225,800.08282500],[-113.02868410,52.31134244,800.95001200],[-113.02862010,52.31132890,802.36669900],[-113.02857170,52.31131869,802.88079800],[-113.02852580,52.31130898,803.61151100],[-113.02847330,52.31129788,804.39349400],[-113.02842120,52.31128686,804.99951200],[-113.02836500,52.31127499,805.52789300],[-113.02831210,52.31126380,805.77941900],[-113.02826100,52.31125300,805.60839800],[-113.02740300,52.31098700,801.79534900],[-113.02737730,52.31097853,801.62951700],[-113.02732200,52.31096032,800.57360800],[-113.02727790,52.31094580,799.44769300],[-113.02723140,52.31093045,798.37182600],[-113.02718320,52.31091460,797.19482400],[-113.02713370,52.31089826,795.93829300],[-113.02708340,52.31088170,794.80200200],[-113.02703110,52.31086448,793.61499000],[-113.02697550,52.31084616,792.47308300],[-113.02692430,52.31082928,791.59777800],[-113.02686700,52.31081041,790.78570600],[-113.02680200,52.31078900,790.39575200],[-113.02676260,52.31077753,790.39398200],[-113.02670140,52.31075974,790.40472400],[-113.02663950,52.31074173,790.84381100],[-113.02658660,52.31072633,791.39440900],[-113.02653860,52.31071236,792.01818800],[-113.02649710,52.31070029,792.72668500],[-113.02645340,52.31068758,793.50817900],[-113.02639600,52.31067086,794.55749500],[-113.02633560,52.31065331,795.39630100],[-113.02629150,52.31064047,795.89532500],[-113.02625080,52.31062863,796.35742200],[-113.02620400,52.31061500,796.62139900],[-113.02615420,52.31060274,796.44140600],[-113.02608210,52.31058498,795.74432400],[-113.02601960,52.31056959,795.16650400],[-113.02595090,52.31055267,795.19348100],[-113.02588730,52.31053702,795.67279100],[-113.02582140,52.31052081,795.76678500],[-113.02575420,52.31050424,795.33648700],[-113.02568890,52.31048817,794.72851600],[-113.02562560,52.31047260,793.78912400],[-113.02556610,52.31045793,793.11798100],[-113.02551110,52.31044440,792.68450900],[-113.02545070,52.31042952,792.08331300],[-113.02538940,52.31041443,791.47168000],[-113.02532040,52.31039745,791.27069100],[-113.02525570,52.31038151,791.21337900],[-113.02519300,52.31036607,791.50402800],[-113.02513660,52.31035218,791.89587400],[-113.02508620,52.31033977,792.53350800],[-113.02503950,52.31032828,793.04498300],[-113.02499940,52.31031841,793.71002200],[-113.02493790,52.31030326,794.40087900],[-113.02489290,52.31029219,794.88360600],[-113.02485080,52.31028182,794.80877700],[-113.02477670,52.31026357,795.37457300],[-113.02473400,52.31025306,795.97192400],[-113.02468500,52.31024100,795.75836200],[-113.02462070,52.31022489,796.77978500],[-113.02455880,52.31020935,796.90710400],[-113.02447990,52.31018959,797.03002900],[-113.02441510,52.31017333,797.02020300],[-113.02435540,52.31015837,796.70788600],[-113.02429260,52.31014261,796.50982700],[-113.02423030,52.31012700,795.95068400],[-113.02417090,52.31011211,795.54211400],[-113.02412350,52.31010022,795.29901100],[-113.02407670,52.31008847,795.20257600],[-113.02401210,52.31007229,795.15130600],[-113.02394990,52.31005669,795.08209200],[-113.02389220,52.31004222,795.42511000],[-113.02382310,52.31002489,795.54077100],[-113.02374510,52.31000534,795.45690900],[-113.02368340,52.30998987,795.60357700],[-113.02362710,52.30997576,796.19500700],[-113.02356920,52.30996123,796.25109900],[-113.02350860,52.30994605,796.53857400],[-113.02346290,52.30993459,796.84417700],[-113.02342120,52.30992413,797.13830600],[-113.02336580,52.30991024,797.65338100],[-113.02332160,52.30989914,797.97113000],[-113.02325250,52.30988181,798.35192900],[-113.02319560,52.30986756,798.27197300],[-113.02313560,52.30985252,797.89917000],[-113.02307570,52.30983749,797.33801300],[-113.02302170,52.30982396,796.98938000],[-113.02297800,52.30981300,796.71289100],[-113.02296490,52.30980953,794.77862500],[-113.02291510,52.30979629,795.09210200],[-113.02286220,52.30978225,794.89062500],[-113.02280700,52.30976758,795.29779100],[-113.02274620,52.30975145,795.39587400],[-113.02268700,52.30973572,795.42047100],[-113.02263560,52.30972209,796.80621300],[-113.02258350,52.30970825,796.98742700],[-113.02254130,52.30969702,796.99487300],[-113.02249600,52.30968500,796.54687500],[-113.02247190,52.30967921,796.27197300],[-113.02241260,52.30966499,796.89550800],[-113.02234880,52.30964969,797.67852800],[-113.02229670,52.30963721,799.22747800],[-113.02223950,52.30962350,799.35919200],[-113.02218870,52.30961131,800.36218300],[-113.02213410,52.30959821,800.61889600],[-113.02208040,52.30958532,801.04248000],[-113.02202600,52.30957229,801.13427700],[-113.02196070,52.30955664,800.94458000],[-113.02190190,52.30954252,800.87060500],[-113.02184550,52.30952900,800.92492700],[-113.02179130,52.30951602,801.10290500],[-113.02173700,52.30950299,801.59027100],[-113.02168870,52.30949139,801.78118900],[-113.02163580,52.30947870,801.98541300],[-113.02159150,52.30946809,802.20129400],[-113.02153810,52.30945529,802.56378200],[-113.02148530,52.30944263,802.85211200],[-113.02144100,52.30943200,803.28363000],[-113.02140280,52.30942224,802.98138400],[-113.02133280,52.30940433,802.92150900],[-113.02126730,52.30938759,802.70629900],[-113.02120320,52.30937120,802.55468800],[-113.02114310,52.30935584,802.17468300],[-113.02107280,52.30933786,801.82428000],[-113.02101060,52.30932198,801.54797400],[-113.02094810,52.30930598,801.08551000],[-113.02088310,52.30928937,800.81378200],[-113.02081160,52.30927109,800.47210700],[-113.02074500,52.30925405,800.47912600],[-113.02068000,52.30923745,800.80297900],[-113.02062310,52.30922289,801.19702100],[-113.02056070,52.30920694,801.13562000],[-113.02050200,52.30919194,800.60131800],[-113.02044990,52.30917863,799.83190900],[-113.02039870,52.30916553,798.67211900],[-113.02034910,52.30915285,797.54199200],[-113.02029150,52.30913813,796.51770000],[-113.02023460,52.30912357,797.05352800],[-113.02017560,52.30910850,796.63867200],[-113.02011500,52.30909300,796.35870400],[-113.02009020,52.30908667,796.65411400],[-113.02003720,52.30907314,796.92279100],[-113.01998830,52.30906065,797.33032200],[-113.01993790,52.30904778,797.92779500],[-113.01989340,52.30903643,798.61022900],[-113.01985330,52.30902617,799.20452900],[-113.01979340,52.30901089,800.38739000],[-113.01973730,52.30899656,801.57202100],[-113.01968150,52.30898231,802.48870800],[-113.01962600,52.30896814,803.58599900],[-113.01958530,52.30895774,804.42321800],[-113.01952490,52.30894232,805.26049800],[-113.01946700,52.30892755,806.10742200],[-113.01940920,52.30891278,806.87597700],[-113.01936610,52.30890179,807.21258500],[-113.01932140,52.30889036,807.71020500],[-113.01927810,52.30887931,808.13012700],[-113.01923510,52.30886833,808.28857400],[-113.01918670,52.30885597,808.41827400],[-113.01913570,52.30884295,808.51702900],[-113.01908500,52.30883000,808.09509300],[-113.01902600,52.30881557,807.54937700],[-113.01896520,52.30880070,806.84259000],[-113.01891070,52.30878738,805.95831300],[-113.01885850,52.30877462,805.07922400],[-113.01881120,52.30876306,804.27288800],[-113.01876220,52.30875107,803.53942900],[-113.01871840,52.30874035,802.68139600],[-113.01866990,52.30872851,801.81939700],[-113.01861980,52.30871624,800.88751200],[-113.01857360,52.30870495,799.80731200],[-113.01852140,52.30869220,799.14563000],[-113.01845920,52.30867699,798.65972900],[-113.01839860,52.30866215,798.22467000],[-113.01833770,52.30864728,797.91259800],[-113.01827190,52.30863117,797.82647700],[-113.01820330,52.30861442,797.77868700],[-113.01813540,52.30859781,797.78717000],[-113.01806520,52.30858063,797.66558800],[-113.01799780,52.30856417,797.62469500],[-113.01793190,52.30854805,797.52307100],[-113.01786710,52.30853221,797.53912400],[-113.01780520,52.30851706,797.39587400],[-113.01774180,52.30850157,797.63970900],[-113.01767880,52.30848615,797.79919400],[-113.01761950,52.30847165,798.10321000],[-113.01756390,52.30845806,798.62371800],[-113.01750520,52.30844370,799.16052200],[-113.01745530,52.30843151,799.63897700],[-113.01740340,52.30841882,799.95721400],[-113.01735100,52.30840601,800.35888700],[-113.01729660,52.30839270,800.53692600],[-113.01724790,52.30838080,800.45477300],[-113.01719740,52.30836845,800.13299600],[-113.01713770,52.30835385,799.94409200],[-113.01707810,52.30833928,799.68237300],[-113.01702190,52.30832553,799.53210400],[-113.01694200,52.30830600,799.31768800],[-113.01691090,52.30830016,798.15948500],[-113.01684600,52.30828795,797.76269500],[-113.01677240,52.30827412,797.27771000],[-113.01671340,52.30826303,797.35522500],[-113.01665220,52.30825152,797.26660200],[-113.01658910,52.30823966,797.27221700],[-113.01651730,52.30822617,797.10760500],[-113.01645290,52.30821406,796.92327900],[-113.01638620,52.30820151,796.80389400],[-113.01631490,52.30818811,796.56012000],[-113.01624810,52.30817556,796.37707500],[-113.01618510,52.30816371,796.20489500],[-113.01610280,52.30814825,796.20550500],[-113.01604300,52.30813700,795.78521700],[-113.01601920,52.30813520,795.81402600],[-113.01595180,52.30813010,795.53302000],[-113.01589190,52.30812556,795.27020300],[-113.01583530,52.30812129,795.22442600],[-113.01577570,52.30811677,795.37597700],[-113.01571200,52.30811195,796.13641400],[-113.01564720,52.30810705,797.40777600],[-113.01562340,52.30810525,794.10070800],[-113.01560500,52.30810385,794.72619600],[-113.01557490,52.30810158,797.68182400],[-113.01554560,52.30809936,801.30059800],[-113.01550050,52.30809594,801.85540800],[-113.01545810,52.30809274,803.18469200],[-113.01539860,52.30808823,803.41522200],[-113.01533590,52.30808349,804.00817900],[-113.01527110,52.30807859,804.78192100],[-113.01522290,52.30807494,805.65179400],[-113.01516830,52.30807081,805.71380600],[-113.01511800,52.30806700,805.89025900],[-113.01506850,52.30805299,806.20367400],[-113.01501230,52.30803707,806.11529500],[-113.01495340,52.30802038,805.65271000],[-113.01488890,52.30800210,804.81427000],[-113.01483200,52.30798600,803.29681400],[-113.01481910,52.30797920,802.82440200],[-113.01478360,52.30796045,801.69329800],[-113.01474990,52.30794265,800.85510300],[-113.01471620,52.30792486,800.05603000],[-113.01467770,52.30790452,799.04699700],[-113.01463750,52.30788333,798.24877900],[-113.01459890,52.30786294,797.54821800],[-113.01455740,52.30784101,797.33313000],[-113.01451770,52.30782007,796.74987800],[-113.01447110,52.30779548,796.27008100],[-113.01441950,52.30776822,796.03997800],[-113.01437190,52.30774307,795.86987300],[-113.01432950,52.30772067,795.93621800],[-113.01428870,52.30769912,796.05792200],[-113.01424440,52.30767576,796.06982400],[-113.01420040,52.30765250,796.42901600],[-113.01415910,52.30763070,796.83520500],[-113.01412500,52.30761273,797.34680200],[-113.01408800,52.30759318,797.67840600],[-113.01404890,52.30757254,798.06500200],[-113.01401000,52.30755200,798.70440700],[-113.01396300,52.30752783,798.60821500],[-113.01391530,52.30750332,798.13501000],[-113.01387010,52.30748009,797.67010500],[-113.01382400,52.30745637,796.07281500],[-113.01377350,52.30743043,795.76049800],[-113.01372050,52.30740318,795.63488800],[-113.01367390,52.30737919,795.40789800],[-113.01362240,52.30735277,795.70611600],[-113.01357280,52.30732724,795.66021700],[-113.01352420,52.30730224,795.65600600],[-113.01347590,52.30727743,796.20898400],[-113.01344200,52.30726000,797.66461200],[-113.01342570,52.30725175,797.06811500],[-113.01338610,52.30723170,797.76690700],[-113.01335050,52.30721365,797.73657200],[-113.01331040,52.30719338,798.31652800],[-113.01327080,52.30717330,799.50231900],[-113.01323530,52.30715534,799.85137900],[-113.01320860,52.30714185,802.51629600],[-113.01317480,52.30712473,803.38922100],[-113.01314090,52.30710756,804.09387200],[-113.01310660,52.30709019,804.26568600],[-113.01307020,52.30707173,804.52960200],[-113.01302540,52.30704908,805.34912100],[-113.01296800,52.30702000,805.25677500],[-113.01292570,52.30701137,805.30029300],[-113.01287350,52.30700072,805.38208000],[-113.01281890,52.30698958,805.41009500],[-113.01276860,52.30697931,805.16241500],[-113.01271800,52.30696900,804.04199200],[-113.01268290,52.30696638,803.00769000],[-113.01264020,52.30696319,802.01367200],[-113.01259520,52.30695983,800.71490500],[-113.01254640,52.30695618,799.26391600],[-113.01248090,52.30695129,798.15948500],[-113.01241220,52.30694616,797.40051300],[-113.01233690,52.30694054,796.87530500],[-113.01226280,52.30693500,796.79760700],[-113.01219600,52.30693001,795.86981200],[-113.01212450,52.30692467,796.09698500],[-113.01205630,52.30691958,796.22338900],[-113.01199500,52.30691500,796.94213900],[-113.01197540,52.30691322,796.76452600],[-113.01190600,52.30690690,796.83477800],[-113.01184100,52.30690098,797.02710000],[-113.01177080,52.30689460,797.22290000],[-113.01170190,52.30688833,797.53820800],[-113.01163440,52.30688219,797.53601100],[-113.01157060,52.30687638,797.64617900],[-113.01150290,52.30687022,797.92919900],[-113.01143670,52.30686419,798.37237500],[-113.01137730,52.30685879,799.03247100],[-113.01132150,52.30685371,799.65002400],[-113.01127190,52.30684920,800.35022000],[-113.01122400,52.30684484,801.13031000],[-113.01117610,52.30684048,801.77032500],[-113.01112590,52.30683591,802.17669700],[-113.01107480,52.30683126,802.28338600],[-113.01100600,52.30682500,802.32208300],[-113.01098840,52.30682049,802.12567100],[-113.01093100,52.30680578,801.69262700],[-113.01087740,52.30679206,801.23101800],[-113.01083270,52.30678058,800.56158400],[-113.01078200,52.30676760,799.56640600],[-113.01072850,52.30675389,798.48797600],[-113.01067160,52.30673930,797.54437300],[-113.01061260,52.30672417,797.08300800],[-113.01055050,52.30670827,796.30548100],[-113.01048900,52.30669251,796.09881600],[-113.01044800,52.30668200,796.33648700],[-113.01039260,52.30666814,796.50842300],[-113.01033570,52.30665393,796.71801800],[-113.01028340,52.30664086,797.10540800],[-113.01023510,52.30662879,797.89038100],[-113.01018800,52.30661700,798.70037800],[-113.01012800,52.30660200,799.75170900],[-113.01008710,52.30659179,800.60217300],[-113.01004460,52.30658114,801.13720700],[-113.01000370,52.30657093,801.89007600],[-113.00994340,52.30655586,802.74762000],[-113.00990060,52.30654514,803.08459500],[-113.00984770,52.30653193,803.24469000],[-113.00980260,52.30652064,803.23889200],[-113.00976000,52.30651000,803.02923600],[-113.00974860,52.30650712,802.98761000],[-113.00968720,52.30649164,802.85162400],[-113.00962080,52.30647487,802.59417700],[-113.00955770,52.30645897,802.04541000],[-113.00949210,52.30644241,801.51593000],[-113.00943100,52.30642700,800.61169400],[-113.00936340,52.30640994,799.62622100],[-113.00929860,52.30639360,798.79449500],[-113.00923270,52.30637697,798.46307400],[-113.00917020,52.30636121,797.83709700],[-113.00910630,52.30634508,797.73053000],[-113.00904070,52.30632852,797.28418000],[-113.00897960,52.30631312,797.03662100],[-113.00891400,52.30629657,796.55639600],[-113.00885040,52.30628052,796.11248800],[-113.00878530,52.30626410,795.51709000],[-113.00872390,52.30624861,795.43627900],[-113.00866200,52.30623299,795.40911900],[-113.00860150,52.30621773,795.60260000],[-113.00855900,52.30620700,796.18121300],[-113.00854760,52.30620416,796.10577400],[-113.00849440,52.30619095,796.55011000],[-113.00844030,52.30617753,797.54290800],[-113.00839600,52.30616653,798.13122600],[-113.00833570,52.30615154,799.20721400],[-113.00827670,52.30613692,800.13702400],[-113.00822520,52.30612413,801.23138400],[-113.00817410,52.30611142,802.14477500],[-113.00812000,52.30609800,803.02679400],[-113.00807850,52.30608770,803.50830100],[-113.00802190,52.30607364,804.39679000],[-113.00798070,52.30606342,804.69812000],[-113.00792950,52.30605071,805.11200000],[-113.00787660,52.30603757,805.30511500],[-113.00782600,52.30602500,805.18017600],[-113.00777210,52.30601184,805.30609100],[-113.00770530,52.30599553,805.02368200],[-113.00764370,52.30598048,804.65838600],[-113.00757830,52.30596452,804.17260700],[-113.00751350,52.30594870,803.49041700],[-113.00744790,52.30593267,802.38061500],[-113.00739110,52.30591881,801.23028600],[-113.00732430,52.30590250,800.18231200],[-113.00724740,52.30588373,799.66088900],[-113.00717600,52.30586629,799.19567900],[-113.00710260,52.30584837,799.12701400],[-113.00703530,52.30583192,799.23291000],[-113.00696940,52.30581584,799.49060100],[-113.00690760,52.30580074,800.09350600],[-113.00684310,52.30578499,800.35919200],[-113.00678400,52.30577058,800.89349400],[-113.00672870,52.30575707,801.46527100],[-113.00667310,52.30574349,801.91680900],[-113.00661940,52.30573039,802.33502200],[-113.00656120,52.30571616,802.43499800],[-113.00649500,52.30570000,802.34710700],[-113.00645820,52.30569073,802.22802700],[-113.00639310,52.30567435,801.86547900],[-113.00633290,52.30565918,801.23992900],[-113.00627410,52.30564438,800.51928700],[-113.00621760,52.30563015,799.52148400],[-113.00616620,52.30561721,798.81140100],[-113.00610460,52.30560169,798.02948000],[-113.00604290,52.30558617,797.17187500],[-113.00598040,52.30557043,796.78009000],[-113.00593500,52.30555900,796.51611300],[-113.00588020,52.30554570,796.26428200],[-113.00581310,52.30552938,795.99877900],[-113.00574850,52.30551371,796.03161600],[-113.00568140,52.30549740,796.20813000],[-113.00561800,52.30548200,796.77423100],[-113.00557040,52.30547055,796.98840300],[-113.00551940,52.30545832,797.62530500],[-113.00546170,52.30544443,798.10968000],[-113.00541000,52.30543201,798.38531500],[-113.00536000,52.30542000,798.59722900],[-113.00532700,52.30541195,798.73352100],[-113.00526910,52.30539780,798.79809600],[-113.00520890,52.30538310,798.77337600],[-113.00514680,52.30536791,798.68652300],[-113.00509800,52.30535600,798.41540500],[-113.00508650,52.30535352,798.60137900],[-113.00502380,52.30534006,798.73718300],[-113.00497710,52.30533002,799.30999800],[-113.00491680,52.30531706,799.34350600],[-113.00487000,52.30530700,800.32672100],[-113.00485300,52.30529600,799.18133500],[-113.00483000,52.30529300,799.06793200],[-113.00477680,52.30527906,799.78479000],[-113.00471580,52.30526310,800.25122100],[-113.00465610,52.30524745,800.73132300],[-113.00462000,52.30523800,800.37023900],[-113.00456760,52.30522502,801.58209200],[-113.00450900,52.30521048,802.36889600],[-113.00446320,52.30519914,802.88757300],[-113.00441540,52.30518730,803.44989000],[-113.00435880,52.30517326,803.91131600],[-113.00430730,52.30516051,804.63671900],[-113.00427300,52.30515200,804.23162800],[-113.00425800,52.30514839,805.24389600],[-113.00420980,52.30513675,805.79827900],[-113.00415010,52.30512234,806.70257600],[-113.00410710,52.30511197,806.88140900],[-113.00405450,52.30509929,807.25427200],[-113.00399630,52.30508523,807.52142300],[-113.00392900,52.30506900,807.41772500],[-113.00385760,52.30505106,806.86718800],[-113.00379880,52.30503628,806.45819100],[-113.00373660,52.30502064,805.72998000],[-113.00366810,52.30500341,805.19689900],[-113.00361660,52.30499049,804.27368200],[-113.00355270,52.30497442,803.03448500],[-113.00350620,52.30496273,802.34137000],[-113.00344590,52.30494759,801.74707000],[-113.00339230,52.30493410,800.76220700],[-113.00333660,52.30492010,800.20819100],[-113.00327350,52.30490424,799.61560100],[-113.00320900,52.30488803,799.10119600],[-113.00314590,52.30487218,798.50470000],[-113.00308050,52.30485574,798.02911400],[-113.00301740,52.30483987,797.71771200],[-113.00296000,52.30482545,797.39532500],[-113.00290490,52.30481161,797.24829100],[-113.00283500,52.30479403,797.22961400],[-113.00276680,52.30477688,797.17138700],[-113.00270400,52.30476110,797.43670700],[-113.00264110,52.30474531,797.73339800],[-113.00258580,52.30473139,798.21539300],[-113.00253410,52.30471840,798.72509800],[-113.00249010,52.30470735,799.13269000],[-113.00244130,52.30469508,799.68280000],[-113.00239680,52.30468388,799.94702100],[-113.00234820,52.30467168,800.47180200],[-113.00229280,52.30465776,801.03460700],[-113.00225000,52.30464700,801.34137000],[-113.00223560,52.30464358,801.26550300],[-113.00217750,52.30462976,801.12847900],[-113.00211770,52.30461552,800.75927700],[-113.00205300,52.30460014,800.48028600],[-113.00199050,52.30458526,800.12152100],[-113.00192380,52.30456939,800.06347700],[-113.00185780,52.30455371,799.94952400],[-113.00179490,52.30453874,800.08032200],[-113.00172870,52.30452300,799.86291500],[-113.00166230,52.30450720,799.53479000],[-113.00159770,52.30449182,799.30932600],[-113.00153570,52.30447708,798.81182900],[-113.00145310,52.30445743,800.79968300],[-113.00138830,52.30444201,800.63018800],[-113.00132040,52.30442588,800.56897000],[-113.00125550,52.30441042,800.48382600],[-113.00119400,52.30439579,800.62280300],[-113.00113550,52.30438189,800.62829600],[-113.00107230,52.30436684,800.50470000],[-113.00101490,52.30435319,799.55499300],[-113.00095170,52.30433816,799.46588100],[-113.00088700,52.30432276,799.27252200],[-113.00082580,52.30430821,798.96691900],[-113.00076290,52.30429326,798.85839800],[-113.00070300,52.30427900,799.09478800],[-113.00068040,52.30427331,799.05371100],[-113.00062340,52.30425890,799.11700400],[-113.00056570,52.30424435,799.25280800],[-113.00050410,52.30422878,799.42852800],[-113.00045680,52.30421683,799.44427500],[-113.00039860,52.30420214,799.37298600],[-113.00033980,52.30418729,799.22271700],[-113.00027820,52.30417174,798.98242200],[-113.00021280,52.30415524,798.65417500],[-113.00015180,52.30413983,797.71160900],[-113.00008880,52.30412392,797.44238300],[-113.00002450,52.30410771,797.59777800],[-112.99996440,52.30409251,797.77600100],[-112.99990840,52.30407839,798.02130100],[-112.99985140,52.30406398,798.23480200],[-112.99979290,52.30404922,798.47637900],[-112.99973440,52.30403445,798.71972700],[-112.99967560,52.30401960,798.97827100],[-112.99961770,52.30400499,799.16088900],[-112.99956120,52.30399073,799.23657200],[-112.99949700,52.30397452,799.06909200],[-112.99943220,52.30395816,798.72277800],[-112.99937060,52.30394261,798.06091300],[-112.99930330,52.30392561,797.29809600],[-112.99923880,52.30390933,796.97930900],[-112.99917720,52.30389377,796.80517600],[-112.99911070,52.30387699,796.33850100],[-112.99904140,52.30385949,796.22839400],[-112.99897750,52.30384335,796.49548300],[-112.99891980,52.30382878,796.68121300],[-112.99886270,52.30381438,797.02179000],[-112.99881370,52.30380200,797.26232900],[-112.99876380,52.30378940,797.71398900],[-112.99871040,52.30377593,798.26300000],[-112.99865600,52.30376217,798.83361800],[-112.99860370,52.30374899,799.31842000],[-112.99854920,52.30373522,799.60119600],[-112.99848100,52.30371800,799.42852800],[-112.99843220,52.30370563,798.36090100],[-112.99836720,52.30368914,797.96368400],[-112.99830080,52.30367230,797.66522200],[-112.99823690,52.30365611,797.47979700],[-112.99817560,52.30364056,797.30908200],[-112.99811660,52.30362560,797.13891600],[-112.99805700,52.30361048,797.05737300],[-112.99799540,52.30359488,796.85290500],[-112.99793950,52.30358071,796.74060100],[-112.99787590,52.30356458,797.20251500],[-112.99780980,52.30354782,797.09161400],[-112.99774390,52.30353111,797.02002000],[-112.99767920,52.30351471,797.23651100],[-112.99761730,52.30349901,797.15911900],[-112.99755490,52.30348318,797.38928200],[-112.99749190,52.30346721,797.61547900],[-112.99742780,52.30345094,797.65728800],[-112.99736360,52.30343467,797.63952600],[-112.99730080,52.30341876,797.73461900],[-112.99723640,52.30340242,797.72448700],[-112.99717590,52.30338710,797.79669200],[-112.99711290,52.30337112,797.99060100],[-112.99705160,52.30335557,798.01001000],[-112.99701570,52.30334646,795.65679900],[-112.99695750,52.30333172,795.95898400],[-112.99689850,52.30331676,796.62420700],[-112.99683950,52.30330180,797.04711900],[-112.99679300,52.30329000,797.74993900],[-112.99674740,52.30327883,796.59008800],[-112.99664910,52.30325476,796.25500500],[-112.99658270,52.30323847,795.83099400],[-112.99651390,52.30322163,795.54187000],[-112.99644830,52.30320555,795.34362800],[-112.99637950,52.30318871,795.27020300],[-112.99631190,52.30317215,795.17327900],[-112.99624510,52.30315579,795.11749300],[-112.99617780,52.30313929,794.88952600],[-112.99610680,52.30312190,794.43981900],[-112.99604060,52.30310569,793.32257100],[-112.99597180,52.30308883,793.23809800],[-112.99592540,52.30307746,793.02752700],[-112.99587040,52.30306399,792.79180900],[-112.99580820,52.30304877,792.39459200],[-112.99574570,52.30303345,792.19659400],[-112.99568720,52.30301913,792.30767800],[-112.99562910,52.30300488,792.32360800],[-112.99556690,52.30298965,792.36962900],[-112.99550470,52.30297441,792.55969200],[-112.99543510,52.30295736,792.64398200],[-112.99537180,52.30294185,792.68170200],[-112.99530990,52.30292670,792.89587400],[-112.99524850,52.30291166,793.02612300],[-112.99518660,52.30289650,792.96881100],[-112.99512080,52.30288037,792.88189700],[-112.99506750,52.30286733,792.88018800],[-112.99500990,52.30285320,792.54058800],[-112.99495920,52.30284078,792.45428500],[-112.99490560,52.30282765,792.47857700],[-112.99485800,52.30281600,792.62945600],[-112.99476640,52.30279230,791.36987300],[-112.99472430,52.30278140,791.35662800],[-112.99466670,52.30276650,791.64300500],[-112.99460420,52.30275033,792.08990500],[-112.99454380,52.30273470,792.51202400],[-112.99448180,52.30271868,793.08960000],[-112.99442380,52.30270366,793.57647700],[-112.99436550,52.30268857,794.24151600],[-112.99431720,52.30267608,794.86450200],[-112.99426350,52.30266219,795.33239700],[-112.99421780,52.30265035,795.66229200],[-112.99416170,52.30263586,795.88702400],[-112.99409800,52.30261936,796.18060300],[-112.99403920,52.30260416,796.35150100],[-112.99397590,52.30258777,796.51800500],[-112.99391340,52.30257160,796.55688500],[-112.99385330,52.30255607,797.29028300],[-112.99379910,52.30254204,797.58062700],[-112.99374920,52.30252913,797.80749500],[-112.99368300,52.30251200,798.08746300],[-112.99366380,52.30250693,797.40039100],[-112.99359680,52.30248930,797.29950000],[-112.99352800,52.30247117,796.97369400],[-112.99345740,52.30245254,796.11828600],[-112.99338840,52.30243438,795.36877400],[-112.99331370,52.30241469,794.42999300],[-112.99323870,52.30239493,793.52880900],[-112.99316800,52.30237630,792.86779800],[-112.99309960,52.30235827,792.54388400],[-112.99303930,52.30234237,792.65667700],[-112.99297890,52.30232647,792.58349600],[-112.99292400,52.30231200,792.52978500],[-112.99287210,52.30229937,792.96301300],[-112.99281300,52.30228499,793.20202600],[-112.99275250,52.30227026,793.49487300],[-112.99269990,52.30225748,793.38909900],[-112.99263920,52.30224269,793.92462200],[-112.99258410,52.30222929,794.38720700],[-112.99252760,52.30221555,794.83038300],[-112.99246970,52.30220144,794.97412100],[-112.99240800,52.30218644,795.15490700],[-112.99234750,52.30217172,795.37158200],[-112.99228870,52.30215740,795.47949200],[-112.99222390,52.30214163,795.59381100],[-112.99216050,52.30212620,795.60089100],[-112.99209770,52.30211091,795.57818600],[-112.99203170,52.30209485,795.67077600],[-112.99196430,52.30207846,795.46331800],[-112.99189690,52.30206206,795.21130400],[-112.99183690,52.30204747,794.80682400],[-112.99177330,52.30203197,794.49877900],[-112.99171450,52.30201768,794.30310100],[-112.99164790,52.30200148,793.99920700],[-112.99158060,52.30198509,793.75018300],[-112.99151290,52.30196862,793.70690900],[-112.99144920,52.30195312,793.59948700],[-112.99139180,52.30193916,793.58862300],[-112.99133020,52.30192417,793.57928500],[-112.99127310,52.30191027,793.63739000],[-112.99121610,52.30189638,793.62750200],[-112.99116070,52.30188291,793.80981400],[-112.99110200,52.30186861,794.05700700],[-112.99104580,52.30185494,794.29522700],[-112.99098950,52.30184126,794.51568600],[-112.99093360,52.30182765,794.79968300],[-112.99088050,52.30181473,795.22387700],[-112.99082870,52.30180211,795.41662600],[-112.99077610,52.30178933,795.79681400],[-112.99072080,52.30177586,795.92297400],[-112.99066020,52.30176112,796.04449500],[-112.99060000,52.30174647,796.12731900],[-112.99055700,52.30173600,796.31909200],[-112.99054070,52.30173195,796.49487300],[-112.99047890,52.30171661,796.48761000],[-112.99041540,52.30170085,796.56408700],[-112.99034760,52.30168402,796.27478000],[-112.99028990,52.30166968,796.38348400],[-112.99022580,52.30165377,795.98730500],[-112.99015630,52.30163652,795.59350600],[-112.99008800,52.30161955,795.37731900],[-112.99002160,52.30160307,795.03051800],[-112.98995500,52.30158653,794.73449700],[-112.98988350,52.30156878,794.24237100],[-112.98981540,52.30155188,793.97222900],[-112.98974740,52.30153498,793.68298300],[-112.98968330,52.30151907,793.53167700],[-112.98962240,52.30150395,793.63690200],[-112.98955920,52.30148825,793.66339100],[-112.98949510,52.30147235,793.73297100],[-112.98943020,52.30145623,793.74139400],[-112.98936730,52.30144061,793.86999500],[-112.98929580,52.30142286,793.96490500],[-112.98922910,52.30140631,794.17730700],[-112.98915960,52.30138906,794.41760300],[-112.98909410,52.30137280,794.60540800],[-112.98903090,52.30135710,794.74359100],[-112.98896400,52.30134049,794.73040800],[-112.98890280,52.30132529,794.71759000],[-112.98883560,52.30130860,794.72882100],[-112.98876870,52.30129199,794.61731000],[-112.98870230,52.30127552,794.64312700],[-112.98864060,52.30126018,794.43890400],[-112.98857650,52.30124427,794.30780000],[-112.98851300,52.30122851,793.97802700],[-112.98844920,52.30121268,793.55542000],[-112.98838170,52.30119592,792.89502000],[-112.98831110,52.30117838,792.71618700],[-112.98824560,52.30116211,792.80798300],[-112.98818270,52.30114649,792.98199500],[-112.98812380,52.30113187,793.46252400],[-112.98807000,52.30111852,794.05932600],[-112.98801190,52.30110410,794.38427700],[-112.98795440,52.30108983,794.70129400],[-112.98790070,52.30107648,795.04028300],[-112.98784230,52.30106199,795.15033000],[-112.98779000,52.30104900,795.37432900],[-112.98772120,52.30103211,795.34021000],[-112.98765480,52.30101580,795.12402300],[-112.98759150,52.30100026,795.04467800],[-112.98752590,52.30098417,794.87817400],[-112.98746430,52.30096905,794.85589600],[-112.98740380,52.30095420,794.93737800],[-112.98733850,52.30093816,794.77667200],[-112.98727180,52.30092177,794.63787800],[-112.98720650,52.30090575,794.52160600],[-112.98714410,52.30089043,794.45648200],[-112.98708650,52.30087628,794.55151400],[-112.98702600,52.30086145,794.68408200],[-112.98696560,52.30084661,795.04962200],[-112.98690660,52.30083212,795.34631300],[-112.98684760,52.30081763,795.44549600],[-112.98678890,52.30080322,795.33709700],[-112.98672930,52.30078859,795.27063000],[-112.98667800,52.30077600,795.52270500],[-112.98663570,52.30076504,795.32019000],[-112.98658340,52.30075151,794.74981700],[-112.98652520,52.30073645,793.94647200],[-112.98646750,52.30072150,793.16381800],[-112.98641660,52.30070833,792.37921100],[-112.98636970,52.30069617,791.75909400],[-112.98631360,52.30068165,790.70367400],[-112.98626550,52.30066922,790.35461400],[-112.98620680,52.30065400,789.80639600],[-112.98614470,52.30063794,789.52740500],[-112.98608330,52.30062203,789.57000700],[-112.98602390,52.30060666,789.87042200],[-112.98596770,52.30059211,790.15521200],[-112.98591200,52.30057768,790.89862100],[-112.98586300,52.30056500,791.02838100],[-112.98582640,52.30055589,791.00500500],[-112.98576750,52.30054123,791.02752700],[-112.98570260,52.30052507,791.16192600],[-112.98563260,52.30050763,791.33587600],[-112.98556400,52.30049054,790.87567100],[-112.98549540,52.30047346,790.67779500],[-112.98542420,52.30045574,790.70788600],[-112.98535410,52.30043830,790.57580600],[-112.98529270,52.30042299,790.77252200],[-112.98523090,52.30040762,790.89062500],[-112.98517060,52.30039260,790.94018600],[-112.98510370,52.30037595,791.22949200],[-112.98504050,52.30036021,791.44287100],[-112.98497990,52.30034512,791.60797100],[-112.98491990,52.30033018,791.77349900],[-112.98485700,52.30031452,791.88330100],[-112.98479240,52.30029843,792.03857400],[-112.98472490,52.30028163,791.94689900],[-112.98466290,52.30026619,792.05261200],[-112.98460880,52.30025273,792.00952100],[-112.98454880,52.30023778,791.58880600],[-112.98448130,52.30022099,790.95813000],[-112.98441700,52.30020497,790.27740500],[-112.98435840,52.30019038,789.75207500],[-112.98430380,52.30017678,789.34613000],[-112.98424230,52.30016148,789.18328900],[-112.98417690,52.30014518,789.04779100],[-112.98413600,52.30013500,789.16973900],[-112.98408400,52.30012200,789.29241900],[-112.98401490,52.30010470,789.15771500],[-112.98394940,52.30008834,789.05328400],[-112.98388920,52.30007326,788.91778600],[-112.98382720,52.30005776,788.68347200],[-112.98376340,52.30004182,788.61151100],[-112.98369600,52.30002496,788.42627000],[-112.98363090,52.30000867,788.16082800],[-112.98356660,52.29999259,788.19982900],[-112.98350600,52.29997744,788.10760500],[-112.98344630,52.29996251,788.08001700],[-112.98338660,52.29994757,788.12957800],[-112.98332780,52.29993285,787.96240200],[-112.98326460,52.29991706,787.82128900],[-112.98321950,52.29990578,787.77148400],[-112.98317380,52.29989434,787.65429700],[-112.98311890,52.29988062,787.67987100],[-112.98306410,52.29986690,787.67431600],[-112.98301010,52.29985340,787.67791700],[-112.98296380,52.29984182,788.04339600],[-112.98291240,52.29982896,788.27941900],[-112.98285610,52.29981489,788.62268100],[-112.98281120,52.29980367,789.12402300],[-112.98276320,52.29979166,789.43420400],[-112.98270890,52.29977809,789.56640600],[-112.98265210,52.29976387,789.78381300],[-112.98259150,52.29974872,789.84967000],[-112.98252700,52.29973257,789.96130400],[-112.98245780,52.29971528,789.96057100],[-112.98239350,52.29969920,789.91680900],[-112.98234100,52.29968605,789.93408200],[-112.98228410,52.29967183,789.74182100],[-112.98222640,52.29965740,789.84271200],[-112.98216840,52.29964289,789.77978500],[-112.98211270,52.29962896,789.58557100],[-112.98205410,52.29961431,789.36322000],[-112.98200040,52.29960088,788.97058100],[-112.98195500,52.29958952,788.70471200],[-112.98189930,52.29957558,788.35510300],[-112.98183930,52.29956058,788.10321000],[-112.98176900,52.29954300,787.93158000],[-112.98175130,52.29953816,787.86010700],[-112.98168780,52.29952075,787.79522700],[-112.98162800,52.29950433,787.96667500],[-112.98157060,52.29948859,788.30499300],[-112.98151080,52.29947220,788.47180200],[-112.98145210,52.29945611,788.68078600],[-112.98139700,52.29944100,788.81103500],[-112.98134780,52.29943296,788.85180700],[-112.98129300,52.29942400,788.80371100],[-112.98123220,52.29941646,789.52581800],[-112.98117200,52.29940900,790.59368900],[-112.98115060,52.29940770,789.76702900],[-112.98109100,52.29940409,789.59008800],[-112.98104000,52.29940100,788.92681900],[-112.98100450,52.29939570,789.70831300],[-112.98095300,52.29938800,790.31408700],[-112.98094850,52.29938749,792.28900100],[-112.98090550,52.29938270,792.61779800],[-112.98084160,52.29937556,792.83911100],[-112.98078060,52.29936875,793.20971700],[-112.98072270,52.29936229,793.27502400],[-112.98066310,52.29935563,793.44091800],[-112.98060560,52.29934921,793.62152100],[-112.98055000,52.29934300,794.07659900],[-112.98052270,52.29934032,794.26470900],[-112.98046120,52.29933429,794.11492900],[-112.98039870,52.29932816,794.29327400],[-112.98033240,52.29932165,794.40362500],[-112.98027210,52.29931573,794.66522200],[-112.98020890,52.29930953,794.81701700],[-112.98015130,52.29930388,794.82141100],[-112.98009100,52.29929797,794.87609900],[-112.98003420,52.29929239,794.77569600],[-112.97997610,52.29928669,794.45892300],[-112.97990510,52.29927973,794.20520000],[-112.97984330,52.29927367,793.81292700],[-112.97978310,52.29926776,793.41650400],[-112.97971720,52.29926130,792.98742700],[-112.97965520,52.29925521,792.57922400],[-112.97959510,52.29924932,792.36981200],[-112.97953900,52.29924381,792.00457800],[-112.97948540,52.29923856,791.78320300],[-112.97943290,52.29923341,791.63842800],[-112.97938800,52.29922900,791.86645500],[-112.97936850,52.29922701,792.20361300],[-112.97931840,52.29922190,792.38647500],[-112.97926290,52.29921624,792.95098900],[-112.97920750,52.29921058,793.38989300],[-112.97914430,52.29920413,793.93139600],[-112.97908240,52.29919781,794.36352500],[-112.97902520,52.29919197,794.89917000],[-112.97896470,52.29918580,795.00732400],[-112.97890140,52.29917933,795.08520500],[-112.97884950,52.29917404,795.15692100],[-112.97879400,52.29916837,795.23712200],[-112.97874130,52.29916299,795.39990200],[-112.97868590,52.29915734,795.31402600],[-112.97863130,52.29915177,795.49682600],[-112.97857430,52.29914595,795.69049100],[-112.97851600,52.29914000,795.59198000],[-112.97849840,52.29913818,795.36908000],[-112.97843140,52.29913127,795.16998300],[-112.97836660,52.29912458,794.91333000],[-112.97830270,52.29911799,794.61932400],[-112.97823520,52.29911102,794.26709000],[-112.97815930,52.29910320,793.74298100],[-112.97809320,52.29909638,793.19952400],[-112.97802910,52.29908976,792.90661600],[-112.97796270,52.29908292,792.50158700],[-112.97790000,52.29907645,792.14831500],[-112.97783580,52.29906982,791.90258800],[-112.97776890,52.29906292,791.78833000],[-112.97770050,52.29905586,791.43341100],[-112.97763570,52.29904917,791.07440200],[-112.97757550,52.29904296,790.84301800],[-112.97750990,52.29903620,790.54089400],[-112.97744850,52.29902986,790.49719200],[-112.97738540,52.29902334,790.19537400],[-112.97732210,52.29901682,789.96472200],[-112.97726640,52.29901107,789.73382600],[-112.97720220,52.29900444,789.58331300],[-112.97714170,52.29899820,789.51660200],[-112.97708130,52.29899197,789.49578900],[-112.97702220,52.29898587,789.54412800],[-112.97696540,52.29898002,789.70837400],[-112.97691060,52.29897436,789.71777300],[-112.97685460,52.29896858,789.99969500],[-112.97680140,52.29896309,790.38501000],[-112.97674680,52.29895746,790.65179400],[-112.97668870,52.29895146,790.81359900],[-112.97662940,52.29894534,790.93560800],[-112.97657110,52.29893933,791.00408900],[-112.97651360,52.29893340,790.97607400],[-112.97645120,52.29892696,790.68957500],[-112.97639360,52.29892102,790.54791300],[-112.97633480,52.29891495,790.40460200],[-112.97628080,52.29890938,790.33129900],[-112.97622300,52.29890341,789.98767100],[-112.97616300,52.29889723,789.55090300],[-112.97609990,52.29889071,789.20159900],[-112.97603950,52.29888448,788.80157500],[-112.97597440,52.29887777,788.40869100],[-112.97591340,52.29887147,788.13000500],[-112.97584100,52.29886400,787.99890100],[-112.97578640,52.29885812,787.94268800],[-112.97572390,52.29885138,787.95770300],[-112.97566870,52.29884544,788.03668200],[-112.97561430,52.29883957,788.10089100],[-112.97556160,52.29883389,786.89367700],[-112.97550300,52.29882757,787.28997800],[-112.97544820,52.29882167,787.46868900],[-112.97539220,52.29881564,787.75189200],[-112.97533430,52.29880940,787.95367400],[-112.97527510,52.29880302,788.26037600],[-112.97521960,52.29879703,788.66107200],[-112.97516950,52.29879164,789.14691200],[-112.97511920,52.29878622,789.71960400],[-112.97506910,52.29878081,789.97180200],[-112.97501360,52.29877484,790.44500700],[-112.97496320,52.29876940,790.58941700],[-112.97490250,52.29876286,791.05938700],[-112.97485480,52.29875772,791.45721400],[-112.97479850,52.29875166,791.40112300],[-112.97474600,52.29874600,791.83953900],[-112.97471600,52.29874305,791.87292500],[-112.97465600,52.29873716,791.75030500],[-112.97460320,52.29873199,791.43280000],[-112.97454860,52.29872662,791.20782500],[-112.97448520,52.29872040,790.75689700],[-112.97442100,52.29871411,790.33868400],[-112.97435150,52.29870728,789.76782200],[-112.97427680,52.29869995,789.28222700],[-112.97420920,52.29869332,788.98278800],[-112.97413920,52.29868645,788.62207000],[-112.97407080,52.29867973,788.51532000],[-112.97400780,52.29867355,788.70379600],[-112.97394830,52.29866771,788.98242200],[-112.97388710,52.29866170,788.97302200],[-112.97383190,52.29865628,789.03369100],[-112.97377610,52.29865081,789.10339400],[-112.97371870,52.29864518,789.41790800],[-112.97366210,52.29863962,789.43792700],[-112.97360810,52.29863433,789.93438700],[-112.97355280,52.29862889,790.04821800],[-112.97349990,52.29862370,790.32897900],[-112.97344300,52.29861812,790.57330300],[-112.97338490,52.29861242,790.64929200],[-112.97332830,52.29860686,790.64337200],[-112.97327270,52.29860140,790.57128900],[-112.97320820,52.29859508,790.55407700],[-112.97314900,52.29858926,790.48107900],[-112.97308500,52.29858298,790.36517300],[-112.97302080,52.29857668,790.16949500],[-112.97295880,52.29857060,790.10839800],[-112.97290110,52.29856494,789.78112800],[-112.97284520,52.29855945,789.73547400],[-112.97278100,52.29855315,789.72619600],[-112.97271850,52.29854702,789.83099400],[-112.97265800,52.29854107,789.84411600],[-112.97259750,52.29853514,789.92950400],[-112.97254090,52.29852958,790.14672900],[-112.97248360,52.29852396,790.21527100],[-112.97242650,52.29851835,790.63049300],[-112.97237420,52.29851322,790.75872800],[-112.97231760,52.29850767,791.02862500],[-112.97226250,52.29850226,791.37957800],[-112.97220510,52.29849663,791.56457500],[-112.97214680,52.29849091,791.88952600],[-112.97209280,52.29848561,792.25872800],[-112.97203110,52.29847955,792.24169900],[-112.97197130,52.29847368,792.51342800],[-112.97191420,52.29846808,792.65667700],[-112.97186470,52.29846322,792.93878200],[-112.97180620,52.29845748,793.06500200],[-112.97174830,52.29845180,793.38128700],[-112.97168800,52.29844588,793.60510300],[-112.97163030,52.29844021,793.77227800],[-112.97157000,52.29843429,793.83721900],[-112.97151330,52.29842874,793.86981200],[-112.97145270,52.29842279,793.92077600],[-112.97139890,52.29841750,793.80328400],[-112.97135300,52.29841300,794.01147500],[-112.97134570,52.29841179,793.92767300],[-112.97129690,52.29840378,794.10961900],[-112.97123430,52.29839350,794.14147900],[-112.97117340,52.29838350,794.25848400],[-112.97112030,52.29837477,794.34942600],[-112.97106830,52.29836624,794.23791500],[-112.97100730,52.29835622,794.37170400],[-112.97095140,52.29834703,794.62591600],[-112.97089750,52.29833818,794.82629400],[-112.97083990,52.29832872,795.01971400],[-112.97078510,52.29831971,795.07879600],[-112.97073100,52.29831082,795.05957000],[-112.97067610,52.29830181,795.01739500],[-112.97062340,52.29829315,794.78930700],[-112.97056850,52.29828413,794.96807900],[-112.97051000,52.29827452,795.02191200],[-112.97045180,52.29826495,795.08789100],[-112.97039650,52.29825587,795.20257600],[-112.97033800,52.29824626,795.38879400],[-112.97027740,52.29823631,795.41491700],[-112.97021950,52.29822680,795.40002400],[-112.97016920,52.29821854,795.26031500],[-112.97011620,52.29820982,795.05780000],[-112.97007300,52.29820273,795.02771000],[-112.97003200,52.29819600,795.42138700],[-112.96998260,52.29818502,795.65600600],[-112.96992190,52.29817153,795.59869400],[-112.96985850,52.29815745,795.60229500],[-112.96980070,52.29814459,795.63549800],[-112.96974220,52.29813161,795.63317900],[-112.96968220,52.29811828,795.74017300],[-112.96962560,52.29810569,795.97998000],[-112.96956870,52.29809306,795.96112100],[-112.96951760,52.29808169,796.01977500],[-112.96946500,52.29807000,795.63769500],[-112.96941940,52.29805936,795.17559800],[-112.96936180,52.29804591,795.21801800],[-112.96930840,52.29803344,795.64563000],[-112.96926210,52.29802264,795.46099900],[-112.96920700,52.29800978,795.48840300],[-112.96914970,52.29799641,795.62329100],[-112.96909160,52.29798284,795.69537400],[-112.96903050,52.29796858,795.70819100],[-112.96896810,52.29795402,795.72210700],[-112.96890290,52.29793879,795.76190200],[-112.96885080,52.29792665,795.83020000],[-112.96880320,52.29791552,795.90148900],[-112.96874710,52.29790243,796.05828900],[-112.96869200,52.29788957,796.09509300],[-112.96865100,52.29788000,795.92272900],[-112.96859840,52.29786833,795.53161600],[-112.96853660,52.29785463,795.33557100],[-112.96847570,52.29784114,794.94397000],[-112.96841830,52.29782841,794.45239300],[-112.96836160,52.29781585,794.13519300],[-112.96830290,52.29780282,793.72937000],[-112.96824440,52.29778987,793.08422900],[-112.96818020,52.29777562,792.70098900],[-112.96811450,52.29776106,792.22821000],[-112.96804990,52.29774674,791.50720200],[-112.96799190,52.29773388,791.33831800],[-112.96792990,52.29772013,790.66119400],[-112.96786240,52.29770518,790.13879400],[-112.96780570,52.29769259,790.05810500],[-112.96774460,52.29767905,789.70440700],[-112.96768580,52.29766601,789.35119600],[-112.96762170,52.29765181,788.93048100],[-112.96756240,52.29763866,788.78112800],[-112.96750030,52.29762488,788.45990000],[-112.96743970,52.29761146,788.25701900],[-112.96737900,52.29759800,788.24536100],[-112.96734910,52.29758955,787.11480700],[-112.96728830,52.29757234,788.53698700],[-112.96724330,52.29755964,788.78338600],[-112.96719510,52.29754599,789.46820100],[-112.96714460,52.29753171,790.19439700],[-112.96708910,52.29751601,790.65148900],[-112.96703940,52.29750196,790.53448500],[-112.96698910,52.29748774,790.71490500],[-112.96693480,52.29747239,790.78912400],[-112.96688550,52.29745845,790.64801000],[-112.96682980,52.29744271,790.99072300],[-112.96677760,52.29742795,791.00878900],[-112.96672360,52.29741267,791.42028800],[-112.96667130,52.29739790,791.63177500],[-112.96661520,52.29738203,791.72168000],[-112.96655500,52.29736500,791.91717500],[-112.96653650,52.29735923,791.73510700],[-112.96648060,52.29734184,791.68627900],[-112.96643340,52.29732713,791.50970500],[-112.96638680,52.29731263,791.43512000],[-112.96633360,52.29729607,791.08837900],[-112.96627300,52.29727719,790.60540800],[-112.96621470,52.29725902,790.46069300],[-112.96615550,52.29724061,789.93389900],[-112.96610720,52.29722556,789.82287600],[-112.96605400,52.29720900,789.35961900],[-112.96601110,52.29719551,789.33917200],[-112.96595130,52.29717669,789.54821800],[-112.96589780,52.29715986,789.93499800],[-112.96584790,52.29714417,790.05279500],[-112.96579740,52.29712831,790.36621100],[-112.96574620,52.29711220,790.69641100],[-112.96569090,52.29709479,790.99987800],[-112.96563910,52.29707851,791.40411400],[-112.96558900,52.29706277,791.65802000],[-112.96553700,52.29704641,791.80731200],[-112.96549000,52.29703162,792.04888900],[-112.96543730,52.29701506,792.12701400],[-112.96538280,52.29699790,792.15747100],[-112.96532270,52.29697900,792.14831500],[-112.96526600,52.29696118,792.21502700],[-112.96521360,52.29694469,792.16680900],[-112.96515850,52.29692738,792.12420700],[-112.96510190,52.29690956,791.92718500],[-112.96504560,52.29689186,791.47522000],[-112.96499560,52.29687613,791.07318100],[-112.96495450,52.29686320,790.82031300],[-112.96490040,52.29684619,790.40771500],[-112.96484370,52.29682837,790.11761500],[-112.96478940,52.29681129,789.96588100],[-112.96473510,52.29679422,789.82220500],[-112.96468500,52.29677845,789.70269800],[-112.96463490,52.29676271,789.70459000],[-112.96458310,52.29674642,789.78772000],[-112.96453640,52.29673172,789.89502000],[-112.96448300,52.29671495,790.01251200],[-112.96443820,52.29670084,790.11822500],[-112.96438230,52.29668326,790.46667500],[-112.96432720,52.29666595,790.81677200],[-112.96426700,52.29664700,791.38092000],[-112.96424010,52.29663850,791.43280000],[-112.96418800,52.29662202,791.53070100],[-112.96413060,52.29660388,792.06720000],[-112.96407400,52.29658600,791.66430700],[-112.96401580,52.29656760,791.66052200],[-112.96396370,52.29655114,791.70092800],[-112.96390820,52.29653359,791.62530500],[-112.96385660,52.29651728,791.69659400],[-112.96380420,52.29650071,791.66101100],[-112.96375090,52.29648387,791.87158200],[-112.96369940,52.29646758,791.99353000],[-112.96364070,52.29644903,792.15191700],[-112.96358620,52.29643182,792.46441700],[-112.96352890,52.29641369,792.55700700],[-112.96347550,52.29639683,792.74249300],[-112.96342440,52.29638068,792.99029500],[-112.96337050,52.29636363,793.01672400],[-112.96331740,52.29634684,793.18170200],[-112.96326290,52.29632963,793.38000500],[-112.96321180,52.29631348,793.43219000],[-112.96315810,52.29629650,793.45922900],[-112.96310030,52.29627824,793.56329300],[-112.96304520,52.29626081,793.66741900],[-112.96298790,52.29624271,793.74969500],[-112.96292660,52.29622332,793.60607900],[-112.96287010,52.29620548,793.55529800],[-112.96280600,52.29618522,793.50561500],[-112.96274770,52.29616679,793.21789600],[-112.96269160,52.29614906,793.01220700],[-112.96263370,52.29613076,792.78918500],[-112.96257450,52.29611204,792.46521000],[-112.96251550,52.29609339,792.39447000],[-112.96246000,52.29607584,792.30181900],[-112.96240630,52.29605888,792.16882300],[-112.96235290,52.29604200,792.14172400],[-112.96231210,52.29602911,791.31878700],[-112.96225800,52.29601200,792.05078100],[-112.96216330,52.29598186,792.78997800],[-112.96210160,52.29596225,792.85351600],[-112.96203820,52.29594207,792.90252700],[-112.96198070,52.29592377,792.85931400],[-112.96191870,52.29590402,792.87280300],[-112.96185300,52.29588312,792.75457800],[-112.96179690,52.29586528,792.89001500],[-112.96173850,52.29584670,792.87091100],[-112.96168100,52.29582838,792.71380600],[-112.96162360,52.29581013,792.60778800],[-112.96156230,52.29579063,792.30151400],[-112.96150130,52.29577120,792.19860800],[-112.96143930,52.29575148,792.21862800],[-112.96138030,52.29573269,792.25750700],[-112.96132500,52.29571511,792.20507800],[-112.96126810,52.29569700,792.33758500],[-112.96121850,52.29568122,792.43200700],[-112.96116150,52.29566308,792.60559100],[-112.96111640,52.29564872,792.85302700],[-112.96106260,52.29563162,793.25988800],[-112.96100450,52.29561311,793.40478500],[-112.96094710,52.29559486,793.56420900],[-112.96088490,52.29557508,793.67047100],[-112.96082420,52.29555575,793.55761700],[-112.96076620,52.29553729,793.59558100],[-112.96071500,52.29552100,793.67761200],[-112.96067880,52.29550969,793.67138700],[-112.96061260,52.29548905,793.76470900],[-112.96054650,52.29546841,793.76342800],[-112.96047860,52.29544724,793.60400400],[-112.96041240,52.29542656,793.60339400],[-112.96034940,52.29540691,793.52337600],[-112.96029040,52.29538850,793.54589800],[-112.96023000,52.29536963,793.36621100],[-112.96017160,52.29535143,793.26031500],[-112.96011190,52.29533277,793.27648900],[-112.96005140,52.29531391,793.07611100],[-112.95998710,52.29529385,792.64898700],[-112.95992830,52.29527548,792.41619900],[-112.95986890,52.29525695,792.27227800],[-112.95980990,52.29523854,792.23657200],[-112.95974900,52.29521955,792.07818600],[-112.95968650,52.29520002,791.88958700],[-112.95962500,52.29518083,791.86328100],[-112.95956280,52.29516143,792.03082300],[-112.95950500,52.29514339,791.60162400],[-112.95944360,52.29512424,791.73242200],[-112.95937880,52.29510401,791.81567400],[-112.95931710,52.29508473,791.99231000],[-112.95925590,52.29506566,792.30419900],[-112.95919300,52.29504602,792.72869900],[-112.95914050,52.29502963,792.66961700],[-112.95908520,52.29501237,793.06042500],[-112.95902740,52.29499433,793.62658700],[-112.95897080,52.29497667,794.03912400],[-112.95891850,52.29496036,794.47180200],[-112.95886680,52.29494422,794.87170400],[-112.95880910,52.29492623,795.25689700],[-112.95875950,52.29491075,795.61669900],[-112.95869980,52.29489209,795.76470900],[-112.95864500,52.29487500,796.11755400],[-112.95861920,52.29486679,795.96460000],[-112.95856120,52.29484837,796.05340600],[-112.95849960,52.29482878,796.17407200],[-112.95844640,52.29481186,796.40832500],[-112.95838490,52.29479228,796.33062700],[-112.95832630,52.29477366,796.09051500],[-112.95826510,52.29475420,795.88708500],[-112.95819470,52.29473182,795.86810300],[-112.95813050,52.29471141,796.17059300],[-112.95807100,52.29469250,796.80658000],[-112.95801690,52.29467529,797.05969200],[-112.95795670,52.29465615,797.21691900],[-112.95789830,52.29463759,797.23791500],[-112.95784840,52.29462171,797.49310300],[-112.95779900,52.29460600,797.18176300],[-112.95764900,52.29456100,796.78503400],[-112.95760210,52.29454629,796.50457800],[-112.95753920,52.29452656,796.33038300],[-112.95748750,52.29451036,796.87139900],[-112.95743710,52.29449454,796.93151900],[-112.95737830,52.29447610,797.00640900],[-112.95732090,52.29445810,797.07061800],[-112.95725630,52.29443783,797.38952600],[-112.95720900,52.29442300,797.29754600],[-112.95716610,52.29440933,797.24548300],[-112.95710290,52.29438919,797.41357400],[-112.95703620,52.29436791,797.70129400],[-112.95697200,52.29434746,797.67608600],[-112.95692420,52.29433222,797.72027600],[-112.95685890,52.29431141,797.68829300],[-112.95679430,52.29429080,797.78198200],[-112.95673240,52.29427106,797.59289600],[-112.95667330,52.29425225,797.22082500],[-112.95661330,52.29423312,796.59851100],[-112.95655250,52.29421373,796.07208300],[-112.95648890,52.29419345,795.64227300],[-112.95642540,52.29417321,795.24609400],[-112.95636070,52.29415258,795.04779100],[-112.95630090,52.29413355,795.01647900],[-112.95623720,52.29411323,795.05908200],[-112.95617400,52.29409309,795.13848900],[-112.95610950,52.29407253,795.08410600],[-112.95604500,52.29405196,794.72058100],[-112.95598350,52.29403236,794.49823000],[-112.95591810,52.29401151,794.46392800],[-112.95585220,52.29399052,794.45947300],[-112.95579010,52.29397070,794.41497800],[-112.95573050,52.29395171,794.45318600],[-112.95567370,52.29393362,794.28717000],[-112.95561440,52.29391470,794.09820600],[-112.95555460,52.29389563,793.93219000],[-112.95549450,52.29387650,793.91278100],[-112.95543510,52.29385754,793.94049100],[-112.95538170,52.29384052,794.34851100],[-112.95532620,52.29382285,794.64141800],[-112.95527330,52.29380597,794.94873000],[-112.95521970,52.29378891,795.15387000],[-112.95515950,52.29376971,795.39642300],[-112.95510050,52.29375089,796.19958500],[-112.95504810,52.29373419,796.30871600],[-112.95499750,52.29371806,796.28649900],[-112.95494480,52.29370125,796.48681600],[-112.95489400,52.29368508,796.75451700],[-112.95484310,52.29366885,796.99322500],[-112.95478780,52.29365122,797.13000500],[-112.95473250,52.29363359,797.32800300],[-112.95469300,52.29362100,797.21447800],[-112.95464320,52.29360508,796.67791700],[-112.95458450,52.29358629,796.55151400],[-112.95453280,52.29356977,796.25671400],[-112.95447280,52.29355059,796.02819800],[-112.95441420,52.29353187,795.71191400],[-112.95436110,52.29351488,795.54492200],[-112.95430270,52.29349620,795.18640100],[-112.95424170,52.29347670,794.78460700],[-112.95418880,52.29345977,794.63940400],[-112.95413280,52.29344188,794.51141400],[-112.95407830,52.29342446,794.57281500],[-112.95401840,52.29340531,794.67810100],[-112.95396000,52.29338663,795.06591800],[-112.95390440,52.29336885,795.32617200],[-112.95384170,52.29334881,795.86981200],[-112.95378760,52.29333150,796.04669200],[-112.95373260,52.29331393,796.09332300],[-112.95367960,52.29329697,796.00897200],[-112.95361910,52.29327765,795.73461900],[-112.95355740,52.29325789,795.59570300],[-112.95349880,52.29323918,795.38037100],[-112.95344390,52.29322161,795.28082300],[-112.95339100,52.29320469,794.98852500],[-112.95333280,52.29318609,794.73242200],[-112.95327570,52.29316784,794.53747600],[-112.95321650,52.29314891,794.50647000],[-112.95315980,52.29313077,794.44989000],[-112.95310290,52.29311259,794.44000200],[-112.95304480,52.29309402,794.46948200],[-112.95299350,52.29307760,794.53491200],[-112.95293910,52.29306021,794.59631300],[-112.95288460,52.29304279,794.58947800],[-112.95283290,52.29302626,794.57440200],[-112.95277980,52.29300926,794.63720700],[-112.95271550,52.29298872,795.17022700],[-112.95266440,52.29297238,795.15570100],[-112.95261400,52.29295628,795.29998800],[-112.95256000,52.29293900,795.33880600],[-112.95249900,52.29292031,795.76361100],[-112.95243820,52.29290166,795.60601800],[-112.95237010,52.29288078,795.56500200],[-112.95230720,52.29286149,795.49859600],[-112.95224040,52.29284101,795.35449200],[-112.95217820,52.29282196,795.39868200],[-112.95211880,52.29280376,795.31628400],[-112.95205600,52.29278451,795.42401100],[-112.95199450,52.29276564,795.54309100],[-112.95194300,52.29274986,795.51837200],[-112.95188890,52.29273326,795.51867700],[-112.95183040,52.29271533,795.24389600],[-112.95176630,52.29269570,794.39599600],[-112.95170190,52.29267596,793.96337900],[-112.95163290,52.29265480,793.80847200],[-112.95156240,52.29263318,793.52050800],[-112.95149500,52.29261251,793.39477500],[-112.95143400,52.29259382,793.41259800],[-112.95137600,52.29257604,793.66857900],[-112.95132660,52.29256088,794.04187000],[-112.95126690,52.29254259,794.01898200],[-112.95120920,52.29252490,794.35839800],[-112.95115660,52.29250879,794.58441200],[-112.95110200,52.29249204,794.89257800],[-112.95104220,52.29247372,794.88848900],[-112.95097890,52.29245431,795.01788300],[-112.95091420,52.29243446,794.95611600],[-112.95085820,52.29241731,794.71698000],[-112.95079140,52.29239683,794.37200900],[-112.95072170,52.29237547,794.00299100],[-112.95066800,52.29235900,793.86554000],[-112.95062120,52.29234419,793.56250000],[-112.95056230,52.29232551,793.18292200],[-112.95050000,52.29230580,793.07318100],[-112.95043930,52.29228659,792.55242900],[-112.95038670,52.29226991,792.15661600],[-112.95033560,52.29225374,791.93072500],[-112.95027930,52.29223591,791.77758800],[-112.95022060,52.29221731,791.57318100],[-112.95015640,52.29219699,791.36810300],[-112.95009620,52.29217791,791.38311800],[-112.95003710,52.29215920,791.41229200],[-112.94997630,52.29213995,791.15698200],[-112.94991640,52.29212099,791.19537400],[-112.94985030,52.29210006,791.09582500],[-112.94978880,52.29208056,790.84478800],[-112.94972770,52.29206122,790.86731000],[-112.94966890,52.29204260,791.04028300],[-112.94959060,52.29201782,793.44091800],[-112.94953830,52.29200124,792.88629200],[-112.94947450,52.29198105,792.67938200],[-112.94943480,52.29196848,793.40460200],[-112.94937640,52.29194998,792.77221700],[-112.94931440,52.29193035,792.46112100],[-112.94925360,52.29191110,792.05749500],[-112.94919390,52.29189218,791.73321500],[-112.94913880,52.29187473,791.59912100],[-112.94908560,52.29185790,791.65502900],[-112.94903080,52.29184055,791.50238000],[-112.94898030,52.29182455,791.90277100],[-112.94893090,52.29180889,792.03857400],[-112.94888010,52.29179283,792.22949200],[-112.94882700,52.29177600,792.75634800],[-112.94878140,52.29176157,792.37127700],[-112.94871890,52.29174180,792.33551000],[-112.94866270,52.29172402,792.57122800],[-112.94860040,52.29170433,792.57428000],[-112.94854190,52.29168581,792.57421900],[-112.94848650,52.29166828,792.49731400],[-112.94842890,52.29165009,792.54077100],[-112.94837440,52.29163285,792.56707800],[-112.94831980,52.29161558,792.56842000],[-112.94826270,52.29159752,792.54309100],[-112.94820200,52.29157832,792.65368700],[-112.94813630,52.29155752,792.59277300],[-112.94807760,52.29153898,793.10687300],[-112.94801840,52.29152024,793.17187500],[-112.94796120,52.29150214,793.35449200],[-112.94790280,52.29148366,793.49237100],[-112.94784800,52.29146635,793.67138700],[-112.94778850,52.29144753,793.77990700],[-112.94773130,52.29142942,793.92089800],[-112.94767420,52.29141135,793.78088400],[-112.94761410,52.29139237,793.70208700],[-112.94755430,52.29137343,793.79180900],[-112.94749540,52.29135481,793.71911600],[-112.94744020,52.29133734,793.69970700],[-112.94738510,52.29131991,793.72009300],[-112.94732610,52.29130126,793.67187500],[-112.94725900,52.29128003,793.45367400],[-112.94719600,52.29126013,793.24249300],[-112.94713220,52.29123993,793.04211400],[-112.94706870,52.29121986,792.93847700],[-112.94700850,52.29120080,792.77722200],[-112.94694170,52.29117968,792.60540800],[-112.94688340,52.29116124,792.55041500],[-112.94682360,52.29114231,792.54150400],[-112.94676440,52.29112358,792.54760700],[-112.94671000,52.29110640,792.43347200],[-112.94664140,52.29108469,793.43939200],[-112.94658670,52.29106738,793.25762900],[-112.94653320,52.29105045,793.16259800],[-112.94647540,52.29103218,793.14270000],[-112.94641860,52.29101423,793.13568100],[-112.94636230,52.29099642,793.08490000],[-112.94630400,52.29097798,793.00201400],[-112.94626300,52.29096500,792.75433300],[-112.94625610,52.29096284,792.84790000],[-112.94542800,52.29070200,793.60913100],[-112.94540000,52.29069288,793.31262200],[-112.94535230,52.29067735,793.21929900],[-112.94530090,52.29066062,793.77862500],[-112.94524800,52.29064340,793.35302700],[-112.94520320,52.29062880,793.26721200],[-112.94515100,52.29061182,793.14971900],[-112.94509930,52.29059497,793.03210400],[-112.94504100,52.29057600,793.80377200],[-112.94499710,52.29056088,792.93652300],[-112.94492770,52.29053701,793.94000200],[-112.94488340,52.29052179,793.05218500],[-112.94480400,52.29049448,793.66961700],[-112.94476720,52.29048180,792.35870400],[-112.94463170,52.29043519,796.52990700],[-112.94448000,52.29038300,796.49719200],[-112.94446210,52.29037587,796.61370800],[-112.94438880,52.29034672,795.67541500],[-112.94433150,52.29032391,795.09478800],[-112.94427630,52.29030197,794.89007600],[-112.94422660,52.29028217,794.85998500],[-112.94417370,52.29026113,794.70977800],[-112.94412720,52.29024265,794.72387700],[-112.94407410,52.29022152,794.58807400],[-112.94401860,52.29019942,794.94641100],[-112.94398020,52.29018416,794.98822000],[-112.94378810,52.29010770,795.97631800],[-112.94372600,52.29008300,795.97595200],[-112.94356670,52.29003262,795.84008800],[-112.94351140,52.29001516,795.97747800],[-112.94345610,52.28999766,795.95648200],[-112.94340560,52.28998169,795.79809600],[-112.94336240,52.28996804,795.78698700],[-112.94331820,52.28995405,795.74450700],[-112.94327300,52.28993975,795.67431600],[-112.94321730,52.28992216,795.69989000],[-112.94317430,52.28990855,795.66107200],[-112.94311600,52.28989011,795.69708300],[-112.94305270,52.28987010,795.73248300],[-112.94298580,52.28984893,795.77911400],[-112.94291960,52.28982802,795.73297100],[-112.94286040,52.28980930,795.74823000],[-112.94279670,52.28978916,795.80847200],[-112.94273660,52.28977016,795.70849600],[-112.94267730,52.28975141,795.70861800],[-112.94262180,52.28973385,795.82452400],[-112.94256120,52.28971468,795.83477800],[-112.94250070,52.28969557,795.84942600],[-112.94244360,52.28967751,795.93579100],[-112.94239080,52.28966081,796.07702600],[-112.94234400,52.28964600,796.41058300],[-112.94230420,52.28963406,796.37097200],[-112.94224590,52.28961660,796.55401600],[-112.94218270,52.28959764,796.30792200],[-112.94212690,52.28958090,796.16302500],[-112.94207610,52.28956566,796.16400100],[-112.94201690,52.28954792,796.03631600],[-112.94195280,52.28952871,795.95190400],[-112.94188780,52.28950922,795.82812500],[-112.94182380,52.28949002,795.67120400],[-112.94175700,52.28947000,795.55517600],[-112.94168880,52.28944954,795.44158900],[-112.94162180,52.28942947,795.44128400],[-112.94156470,52.28941235,795.40911900],[-112.94150450,52.28939431,795.37860100],[-112.94144290,52.28937583,795.40332000],[-112.94137980,52.28935692,795.31201200],[-112.94131150,52.28933641,795.09277300],[-112.94124000,52.28931499,794.84930400],[-112.94116710,52.28929313,794.49432400],[-112.94110890,52.28927567,794.46380600],[-112.94105630,52.28925990,794.56958000],[-112.94100140,52.28924346,794.69049100],[-112.94093750,52.28922430,794.73852500],[-112.94087870,52.28920665,794.69372600],[-112.94081620,52.28918794,794.74469000],[-112.94075540,52.28916971,794.72399900],[-112.94069830,52.28915258,794.93939200],[-112.94064300,52.28913600,795.13427700],[-112.94058590,52.28911888,795.35491900],[-112.94052610,52.28910093,795.47869900],[-112.94045780,52.28908048,795.70178200],[-112.94039690,52.28906219,795.79809600],[-112.94033960,52.28904503,795.83209200],[-112.94028950,52.28902999,795.64300500],[-112.94022910,52.28901190,795.51739500],[-112.94016360,52.28899227,795.44989000],[-112.94010020,52.28897326,795.41369600],[-112.94003310,52.28895314,795.29602100],[-112.93997040,52.28893433,795.14019800],[-112.93991050,52.28891638,795.11669900],[-112.93985550,52.28889989,794.93249500],[-112.93980970,52.28888616,794.83740200],[-112.93975280,52.28886909,794.66851800],[-112.93970120,52.28885361,794.81298800],[-112.93965230,52.28883896,794.67907700],[-112.93959070,52.28882049,794.66650400],[-112.93954560,52.28880695,794.53088400],[-112.93950300,52.28879418,794.44427500],[-112.93945220,52.28877895,794.34338400],[-112.93939010,52.28876033,794.20330800],[-112.93932620,52.28874117,794.15081800],[-112.93926250,52.28872207,793.96588100],[-112.93920680,52.28870538,793.79589800],[-112.93915660,52.28869033,793.99462900],[-112.93911560,52.28867804,794.04809600],[-112.93905910,52.28866111,793.98388700],[-112.93900640,52.28864529,794.11541700],[-112.93895640,52.28863029,793.99267600],[-112.93891380,52.28861753,793.96728500],[-112.93886310,52.28860234,793.96832300],[-112.93880990,52.28858638,793.95941200],[-112.93875380,52.28856955,793.92657500],[-112.93871010,52.28855644,793.94018600],[-112.93865380,52.28853956,794.10559100],[-112.93860310,52.28852438,793.99957300],[-112.93855880,52.28851108,793.95861800],[-112.93850120,52.28849381,793.95239300],[-112.93842810,52.28847190,793.89270000],[-112.93837200,52.28845507,793.90191700],[-112.93831650,52.28843843,793.90930200],[-112.93827500,52.28842600,794.22711200],[-112.93825200,52.28841800,795.11663800],[-112.93820550,52.28840383,794.01178000],[-112.93814560,52.28838557,793.45050000],[-112.93808840,52.28836811,793.13378900],[-112.93803750,52.28835260,793.10467500],[-112.93798880,52.28833775,792.86761500],[-112.93794700,52.28832500,794.87377900],[-112.93792500,52.28831700,793.05517600],[-112.93775500,52.28826800,793.61132800],[-112.93772150,52.28824904,793.03241000],[-112.93768600,52.28822900,792.88751200],[-112.93765450,52.28821961,793.08667000],[-112.93758470,52.28819881,792.47027600],[-112.93751110,52.28817686,792.06408700],[-112.93743500,52.28815419,791.65387000],[-112.93736090,52.28813209,791.36627200],[-112.93728810,52.28811038,791.17150900],[-112.93722080,52.28809030,791.08697500],[-112.93715600,52.28807100,791.31720000],[-112.93708220,52.28804828,791.35778800],[-112.93701300,52.28802694,791.40179400],[-112.93694050,52.28800459,791.41027800],[-112.93687150,52.28798334,791.35083000],[-112.93680580,52.28796309,791.10852100],[-112.93673570,52.28794152,790.97711200],[-112.93666660,52.28792023,790.85809300],[-112.93659940,52.28789951,790.85199000],[-112.93653200,52.28787875,790.87249800],[-112.93646820,52.28785909,791.06982400],[-112.93640300,52.28783900,791.19781500],[-112.93572200,52.28762700,790.29022200],[-112.93569900,52.28761900,790.33288600],[-112.93563700,52.28760100,790.41723600],[-112.93563700,52.28760100,790.44714400],[-112.93556500,52.28756000,789.65863000],[-112.93550190,52.28754019,789.77447500],[-112.93544420,52.28752209,789.71649200],[-112.93540040,52.28750835,789.89910900],[-112.93534360,52.28749054,789.91247600],[-112.93528080,52.28747085,790.14550800],[-112.93522910,52.28745463,790.34887700],[-112.93516650,52.28743498,790.33068800],[-112.93510170,52.28741463,790.42230200],[-112.93503590,52.28739400,790.64740000],[-112.93497800,52.28737583,790.86108400],[-112.93491500,52.28735606,790.96057100],[-112.93486350,52.28733993,791.15637200],[-112.93479970,52.28731991,791.11340300],[-112.93474160,52.28730168,791.86541700],[-112.93467780,52.28728166,791.84967000],[-112.93462120,52.28726389,791.95910600],[-112.93455760,52.28724396,792.40960700],[-112.93449900,52.28722556,792.37432900],[-112.93443780,52.28720637,792.51440400],[-112.93437720,52.28718734,792.48492400],[-112.93432210,52.28717005,792.54718000],[-112.93426100,52.28715089,793.10382100],[-112.93420480,52.28713327,793.22601300],[-112.93414760,52.28711531,793.23400900],[-112.93409590,52.28709910,793.40142800],[-112.93404340,52.28708261,793.53057900],[-112.93398050,52.28706288,793.49078400],[-112.93391800,52.28704327,793.28997800],[-112.93385370,52.28702312,793.50750700],[-112.93379520,52.28700474,793.60882600],[-112.93374500,52.28698900,793.99914600],[-112.93366820,52.28695877,792.85357700],[-112.93361810,52.28693905,792.87268100],[-112.93356940,52.28691988,793.10528600],[-112.93352390,52.28690198,793.19702100],[-112.93347330,52.28688206,794.01269500],[-112.93343000,52.28686500,793.47448700],[-112.93330510,52.28683645,792.66101100],[-112.93324210,52.28682205,792.17547600],[-112.93317720,52.28680722,792.20397900],[-112.93310830,52.28679147,792.04657000],[-112.93303690,52.28677515,792.14990200],[-112.93296970,52.28675980,792.07330300],[-112.93290740,52.28674556,792.10778800],[-112.93284040,52.28673025,792.11541700],[-112.93277660,52.28671566,792.11261000],[-112.93270920,52.28670027,791.72100800],[-112.93264670,52.28668597,791.48687700],[-112.93257640,52.28666991,791.10241700],[-112.93250950,52.28665461,790.65252700],[-112.93244280,52.28663938,790.29901100],[-112.93237910,52.28662481,789.91333000],[-112.93232140,52.28661164,789.72552500],[-112.93226260,52.28659819,789.39630100],[-112.93219820,52.28658348,788.86108400],[-112.93214800,52.28657200,788.74554400],[-112.93208400,52.28656403,788.55041500],[-112.93201550,52.28655550,788.36431900],[-112.93194220,52.28654637,788.07592800],[-112.93188200,52.28653887,788.20550500],[-112.93183120,52.28653254,788.25860600],[-112.93176430,52.28652421,788.36102300],[-112.93169830,52.28651599,788.39257800],[-112.93162830,52.28650727,788.25012200],[-112.93156680,52.28649961,788.25769000],[-112.93150630,52.28649208,788.08581500],[-112.93143850,52.28648363,788.10510300],[-112.93136640,52.28647466,788.04888900],[-112.93129640,52.28646593,787.85998500],[-112.93122850,52.28645748,787.75000000],[-112.93115780,52.28644867,787.79669200],[-112.93108290,52.28643934,787.66888400],[-112.93101630,52.28643105,787.84521500],[-112.93094300,52.28642192,787.84277300],[-112.93087770,52.28641379,787.80352800],[-112.93081950,52.28640653,787.98370400],[-112.93074520,52.28639729,788.11492900],[-112.93067550,52.28638860,787.90960700],[-112.93061560,52.28638114,787.97631800],[-112.93056760,52.28637516,788.11572300],[-112.93052150,52.28636942,788.06152300],[-112.93047800,52.28636400,787.96710200],[-112.93044700,52.28636010,787.93847700],[-112.93038870,52.28635277,787.98321500],[-112.93033560,52.28634609,787.99377400],[-112.93028530,52.28633978,787.98559600],[-112.93022940,52.28633275,788.24292000],[-112.93017980,52.28632652,788.46868900],[-112.93012160,52.28631920,788.54162600],[-112.93005410,52.28631071,788.95648200],[-112.92998560,52.28630210,789.11492900],[-112.92992350,52.28629430,789.35461400],[-112.92986430,52.28628686,789.52362100],[-112.92981530,52.28628070,789.82959000],[-112.92975390,52.28627297,790.13897700],[-112.92969180,52.28626517,790.35351600],[-112.92963770,52.28625837,790.45269800],[-112.92958650,52.28625194,790.68347200],[-112.92953980,52.28624607,790.87902800],[-112.92946370,52.28623650,791.02160600],[-112.92940740,52.28622942,791.11511200],[-112.92933730,52.28622061,791.23510700],[-112.92926920,52.28621205,791.30603000],[-112.92919910,52.28620324,791.22918700],[-112.92913220,52.28619484,791.24951200],[-112.92908070,52.28618836,791.28051800],[-112.92899150,52.28617714,791.44329800],[-112.92892240,52.28616845,791.62561000],[-112.92885040,52.28615941,791.71380600],[-112.92878250,52.28615088,791.79150400],[-112.92871310,52.28614215,791.88507100],[-112.92864630,52.28613375,792.03631600],[-112.92857490,52.28612478,792.16949500],[-112.92850840,52.28611642,792.42157000],[-112.92843740,52.28610749,792.54119900],[-112.92836860,52.28609884,792.51702900],[-112.92829820,52.28608999,792.52038600],[-112.92822620,52.28608095,792.50329600],[-112.92815610,52.28607214,792.46502700],[-112.92808670,52.28606341,792.31781000],[-112.92803710,52.28605718,792.14080800],[-112.92795520,52.28604688,792.01568600],[-112.92788840,52.28603848,792.08422900],[-112.92781610,52.28602939,792.14282200],[-112.92774570,52.28602054,792.14141800],[-112.92768070,52.28601238,792.16168200],[-112.92761640,52.28600429,792.26391600],[-112.92754920,52.28599585,792.61291500],[-112.92748210,52.28598741,792.83892800],[-112.92741360,52.28597880,792.85687300],[-112.92734230,52.28596983,792.86761500],[-112.92727540,52.28596143,792.91912800],[-112.92720690,52.28595282,792.83477800],[-112.92714680,52.28594526,792.86309800],[-112.92708020,52.28593689,792.90502900],[-112.92703160,52.28593078,792.97113000],[-112.92698460,52.28592487,793.06872600],[-112.92691710,52.28591638,793.01910400],[-112.92683870,52.28590653,793.20562700],[-112.92676860,52.28589772,793.16931200],[-112.92669630,52.28588864,793.01489300],[-112.92662500,52.28587967,792.99237100],[-112.92655360,52.28587070,792.78021200],[-112.92648770,52.28586242,792.73669400],[-112.92642660,52.28585473,792.63122600],[-112.92637090,52.28584774,792.62982200],[-112.92631750,52.28584102,792.58990500],[-112.92625800,52.28583354,792.40521200],[-112.92618890,52.28582486,792.25091600],[-112.92612270,52.28581653,792.11132800],[-112.92604850,52.28580720,791.78552200],[-112.92597010,52.28579735,791.71051000],[-112.92590000,52.28578854,791.66052200],[-112.92582800,52.28577949,791.53558300],[-112.92575930,52.28577085,791.59491000],[-112.92569460,52.28576272,791.50378400],[-112.92562710,52.28575424,791.57739300],[-112.92555700,52.28574543,791.57800300],[-112.92548310,52.28573614,791.58789100],[-112.92541110,52.28572709,791.53259300],[-112.92535320,52.28571981,791.37200900],[-112.92529860,52.28571294,791.42138700],[-112.92524460,52.28570615,791.49139400],[-112.92518990,52.28569928,791.53820800],[-112.92513200,52.28569200,791.60406500],[-112.92507290,52.28568517,791.51562500],[-112.92500930,52.28567781,791.47808800],[-112.92494640,52.28567055,791.55242900],[-112.92488300,52.28566321,791.59729000],[-112.92481530,52.28565538,791.96637000],[-112.92474400,52.28564715,791.95318600],[-112.92467380,52.28563903,792.00128200],[-112.92460480,52.28563105,792.04608200],[-112.92453570,52.28562306,792.01788300],[-112.92446470,52.28561486,792.18560800],[-112.92439970,52.28560734,792.21978800],[-112.92433180,52.28559948,792.26171900],[-112.92427780,52.28559325,792.27172900],[-112.92422320,52.28558694,792.24200400],[-112.92414980,52.28557845,792.31317100],[-112.92408050,52.28557043,792.21887200],[-112.92400860,52.28556213,792.24340800],[-112.92394160,52.28555438,792.14080800],[-112.92387760,52.28554698,792.13787800],[-112.92381240,52.28553945,792.09368900],[-112.92375720,52.28553306,792.15612800],[-112.92369620,52.28552600,791.98199500],[-112.92364930,52.28552058,792.07940700],[-112.92358870,52.28551358,792.20727500],[-112.92353250,52.28550708,792.14947500],[-112.92348790,52.28550193,792.04998800],[-112.92342450,52.28549460,791.86492900],[-112.92337440,52.28548881,791.89172400],[-112.92329570,52.28547970,791.94970700],[-112.92323230,52.28547238,792.06750500],[-112.92315720,52.28546369,792.18951400],[-112.92309510,52.28545652,792.46618700],[-112.92303270,52.28544930,792.63787800],[-112.92297430,52.28544254,792.64947500],[-112.92292000,52.28543627,792.76300000],[-112.92286360,52.28542976,792.81158400],[-112.92281720,52.28542439,792.91717500],[-112.92276630,52.28541850,793.02069100],[-112.92272210,52.28541339,793.11688200],[-112.92266880,52.28540723,793.07348600],[-112.92261040,52.28540048,793.14001500],[-112.92256300,52.28539500,793.21856700],[-112.92249710,52.28538599,793.16119400],[-112.92242900,52.28537666,793.24871800],[-112.92235500,52.28536655,793.18560800],[-112.92228260,52.28535664,793.11718800],[-112.92221500,52.28534739,793.04010000],[-112.92214910,52.28533837,793.08410600],[-112.92208710,52.28532990,793.16082800],[-112.92203080,52.28532221,793.07897900],[-112.92196400,52.28531306,793.17749000],[-112.92189710,52.28530392,793.30908200],[-112.92185060,52.28529754,793.32110600],[-112.92178540,52.28528863,793.32470700],[-112.92171690,52.28527926,793.25939900],[-112.92164680,52.28526967,793.21221900],[-112.92157160,52.28525938,793.04998800],[-112.92150280,52.28524997,793.16619900],[-112.92143490,52.28524068,793.19940200],[-112.92137480,52.28523246,793.25512700],[-112.92130650,52.28522312,793.43188500],[-112.92124410,52.28521458,793.52172900],[-112.92118290,52.28520621,793.63458300],[-112.92112040,52.28519767,793.59857200],[-112.92105960,52.28518935,793.75372300],[-112.92100010,52.28518120,793.76129200],[-112.92095310,52.28517478,793.63909900],[-112.92090540,52.28516825,793.65228300],[-112.92084090,52.28515943,793.67077600],[-112.92077830,52.28515086,793.58117700],[-112.92071410,52.28514208,793.43011500],[-112.92064850,52.28513310,793.33679200],[-112.92058130,52.28512391,793.38562000],[-112.92051660,52.28511506,793.24871800],[-112.92044830,52.28510573,793.22699000],[-112.92037860,52.28509619,793.29211400],[-112.92031280,52.28508719,793.29791300],[-112.92024430,52.28507782,793.14611800],[-112.92017640,52.28506853,793.15832500],[-112.92010730,52.28505908,793.06170700],[-112.92004070,52.28504997,793.05352800],[-112.91999140,52.28504323,793.08020000],[-112.91992510,52.28503415,793.15240500],[-112.91986680,52.28502617,793.11718800],[-112.91981610,52.28501925,793.15429700],[-112.91976850,52.28501272,793.31140100],[-112.91972200,52.28500637,793.10247800],[-112.91966650,52.28499878,793.11291500],[-112.91960700,52.28499064,793.15380900],[-112.91955410,52.28498339,792.98571800],[-112.91950000,52.28497600,791.44305400],[-112.91943880,52.28496864,791.33728000],[-112.91936580,52.28495986,791.36853000],[-112.91929620,52.28495150,791.36340300],[-112.91922790,52.28494329,791.58618200],[-112.91916030,52.28493516,791.40667700],[-112.91909400,52.28492719,791.36230500],[-112.91904150,52.28492087,791.44287100],[-112.91899380,52.28491515,791.23858600],[-112.91894280,52.28490901,791.17541500],[-112.91887690,52.28490109,791.16998300],[-112.91882700,52.28489509,791.19427500],[-112.91876000,52.28488703,791.26812700],[-112.91869040,52.28487867,791.29791300],[-112.91863010,52.28487142,791.22747800],[-112.91857320,52.28486458,791.15222200],[-112.91851010,52.28485700,791.43151900],[-112.91845160,52.28484996,791.61041300],[-112.91838670,52.28484215,793.52502400],[-112.91832760,52.28483505,793.50000000],[-112.91826910,52.28482801,793.63623000],[-112.91819890,52.28481958,793.76049800],[-112.91813140,52.28481147,793.65448000],[-112.91807010,52.28480409,793.80981400],[-112.91801940,52.28479799,793.97760000],[-112.91795700,52.28479049,794.14508100],[-112.91788350,52.28478166,794.16790800],[-112.91781000,52.28477283,793.98608400],[-112.91773500,52.28476381,793.88952600],[-112.91766260,52.28475510,793.81988500],[-112.91759460,52.28474692,793.80352800],[-112.91752310,52.28473833,793.70678700],[-112.91745760,52.28473045,793.67181400],[-112.91739270,52.28472265,793.63348400],[-112.91733000,52.28471511,793.59082000],[-112.91725820,52.28470648,793.54101600],[-112.91719230,52.28469856,793.42309600],[-112.91712180,52.28469009,793.33422900],[-112.91704720,52.28468111,793.28869600],[-112.91697310,52.28467221,793.37829600],[-112.91689780,52.28466316,793.51232900],[-112.91682150,52.28465398,793.51367200],[-112.91674620,52.28464493,793.52337600],[-112.91666260,52.28463487,794.36731000],[-112.91659760,52.28462706,794.26312300],[-112.91652970,52.28461889,794.14398200],[-112.91646170,52.28461072,794.07269300],[-112.91641850,52.28460553,794.41803000],[-112.91636270,52.28459882,794.35760500],[-112.91629620,52.28459083,794.54010000],[-112.91623450,52.28458341,794.70147700],[-112.91618750,52.28457775,794.53497300],[-112.91614000,52.28457205,794.52069100],[-112.91607320,52.28456402,794.81280500],[-112.91601480,52.28455700,794.99017300],[-112.91596220,52.28455067,795.07708700],[-112.91591720,52.28454526,795.41461200],[-112.91587610,52.28454032,795.22448700],[-112.91581040,52.28453242,795.28070100],[-112.91573990,52.28452394,795.34429900],[-112.91567160,52.28451573,795.05572500],[-112.91560620,52.28450787,794.99591100],[-112.91553670,52.28449951,795.02069100],[-112.91546270,52.28449062,795.48638900],[-112.91536710,52.28447913,795.29351800],[-112.91528990,52.28446985,795.42590300],[-112.91521780,52.28446118,795.35949700],[-112.91515020,52.28445305,795.32037400],[-112.91508040,52.28444465,795.37542700],[-112.91501600,52.28443691,795.37457300],[-112.91494390,52.28442825,795.26391600],[-112.91486860,52.28441919,795.38531500],[-112.91479930,52.28441086,795.27270500],[-112.91472660,52.28440212,795.24890100],[-112.91465610,52.28439364,795.24420200],[-112.91458340,52.28438490,795.14599600],[-112.91451130,52.28437623,794.97259500],[-112.91444140,52.28436783,794.87347400],[-112.91436800,52.28435901,794.80041500],[-112.91429970,52.28435080,794.70507800],[-112.91422530,52.28434186,794.67858900],[-112.91415100,52.28433292,794.60199000],[-112.91408430,52.28432490,794.42059300],[-112.91402060,52.28431725,794.54357900],[-112.91395370,52.28430920,794.51049800],[-112.91388100,52.28430046,794.32812500],[-112.91381340,52.28429233,794.45440700],[-112.91375300,52.28428507,794.54028300],[-112.91369550,52.28427816,794.57220500],[-112.91364660,52.28427228,794.42022700],[-112.91360170,52.28426689,794.31732200],[-112.91342800,52.28424600,794.55249000],[-112.91341960,52.28424491,793.89270000],[-112.91335630,52.28423671,794.39477500],[-112.91328940,52.28422805,793.94830300],[-112.91321970,52.28421902,793.75097700],[-112.91315000,52.28420999,793.69897500],[-112.91308210,52.28420120,793.67547600],[-112.91301760,52.28419285,793.59387200],[-112.91296890,52.28418655,793.59301800],[-112.91290680,52.28417850,793.92962600],[-112.91284010,52.28416985,793.80749500],[-112.91276940,52.28416071,793.82641600],[-112.91270880,52.28415285,793.75140400],[-112.91264690,52.28414484,793.66980000],[-112.91258600,52.28413695,793.89721700],[-112.91252800,52.28412944,793.86669900],[-112.91247530,52.28412261,793.89190700],[-112.91242160,52.28411566,793.98779300],[-112.91235930,52.28410759,794.00408900],[-112.91230740,52.28410086,794.01757800],[-112.91226190,52.28409497,793.90618900],[-112.91220000,52.28408696,793.76782200],[-112.91212970,52.28407785,793.69769300],[-112.91205970,52.28406879,793.64477500],[-112.91198620,52.28405927,793.26989700],[-112.91191680,52.28405028,793.31732200],[-112.91184870,52.28404147,793.18890400],[-112.91180590,52.28403593,792.67730700],[-112.91174190,52.28402764,792.95642100],[-112.91168510,52.28402028,792.05847200],[-112.91163660,52.28401400,794.35089100],[-112.91157310,52.28400577,793.71099900],[-112.91150180,52.28399653,794.03179900],[-112.91145440,52.28399039,792.87231400],[-112.91140890,52.28398450,792.38140900],[-112.91135840,52.28397797,793.12793000],[-112.91128810,52.28396886,793.86230500],[-112.91123000,52.28396134,793.09759500],[-112.91116760,52.28395326,793.10089100],[-112.91111100,52.28394592,793.29303000],[-112.91105510,52.28393869,793.13238500],[-112.91099910,52.28393143,793.62707500],[-112.91093400,52.28392300,793.74157700],[-112.91090010,52.28391870,793.45941200],[-112.91084790,52.28391209,793.65057400],[-112.91078210,52.28390374,793.84130900],[-112.91073320,52.28389754,793.99908400],[-112.91067010,52.28388955,793.93701200],[-112.91061580,52.28388266,794.08502200],[-112.91055440,52.28387488,794.21008300],[-112.91050800,52.28386900,794.17926000],[-112.91044070,52.28385736,794.29510500],[-112.91037670,52.28384629,794.09912100],[-112.91031960,52.28383641,794.01782200],[-112.91027290,52.28382833,793.84198000],[-112.91020830,52.28381717,793.72650100],[-112.91015160,52.28380736,793.23028600],[-112.91010310,52.28379897,793.40197800],[-112.91005810,52.28379118,793.36700400],[-112.91000500,52.28378200,792.87774700],[-112.90995470,52.28377738,792.94390900],[-112.90990700,52.28377300,793.02465800],[-112.90977000,52.28376000,794.84722900],[-112.90963100,52.28373900,792.37970000],[-112.90957300,52.28373000,792.03692600],[-112.90957200,52.28373000,791.82885700],[-112.90950620,52.28372161,794.49768100],[-112.90942530,52.28371130,794.58020000],[-112.90934310,52.28370083,794.38861100],[-112.90926450,52.28369081,794.42309600],[-112.90918390,52.28368054,794.39080800],[-112.90910490,52.28367047,794.50372300],[-112.90902440,52.28366021,794.45990000],[-112.90894510,52.28365010,794.62677000],[-112.90886700,52.28364015,794.93957500],[-112.90879000,52.28363033,794.96160900],[-112.90871320,52.28362054,794.99652100],[-112.90864060,52.28361129,795.15747100],[-112.90856430,52.28360156,795.12597700],[-112.90848340,52.28359126,794.83282500],[-112.90841090,52.28358202,794.93188500],[-112.90834800,52.28357400,793.29187000],[-112.90830130,52.28356773,795.10528600],[-112.90822950,52.28355808,795.07281500],[-112.90815590,52.28354819,795.21667500],[-112.90809960,52.28354062,795.92388900],[-112.90796070,52.28352195,794.00067100],[-112.90790370,52.28351429,794.00671400],[-112.90783600,52.28350519,794.47381600],[-112.90777500,52.28349700,792.95910600],[-112.90769770,52.28348767,795.24298100],[-112.90762840,52.28347931,795.42102100],[-112.90755950,52.28347100,795.60717800],[-112.90748720,52.28346227,795.72851600],[-112.90741320,52.28345334,795.76062000],[-112.90736900,52.28344800,793.80395500],[-112.90731050,52.28344157,795.85522500],[-112.90723550,52.28343333,795.79327400],[-112.90716100,52.28342513,795.68621800],[-112.90709200,52.28341755,795.45220900],[-112.90701880,52.28340951,795.36657700],[-112.90694580,52.28340149,795.28070100],[-112.90686570,52.28339269,795.12597700],[-112.90679090,52.28338447,794.96929900],[-112.90671560,52.28337619,794.87731900],[-112.90664270,52.28336818,794.76312300],[-112.90656990,52.28336018,795.43011500],[-112.90648780,52.28335115,795.25170900],[-112.90642260,52.28334398,795.69708300],[-112.90633990,52.28333489,795.58880600],[-112.90621860,52.28332157,796.42431600],[-112.90607700,52.28330600,793.89660600],[-112.90590840,52.28328481,795.26770000],[-112.90585820,52.28327849,795.15789800],[-112.90580820,52.28327221,795.36077900],[-112.90575290,52.28326526,795.22589100],[-112.90571900,52.28326100,793.98645000],[-112.90563830,52.28325160,795.08221400],[-112.90556430,52.28324297,795.29858400],[-112.90548880,52.28323417,795.37231400],[-112.90541450,52.28322552,795.33331300],[-112.90534080,52.28321692,795.03839100],[-112.90526610,52.28320822,795.31518600],[-112.90519440,52.28319986,794.69329800],[-112.90511550,52.28319067,793.81890900],[-112.90505120,52.28318317,793.66662600],[-112.90500510,52.28317780,793.77972400],[-112.90494720,52.28317105,791.41937300],[-112.90485970,52.28316085,793.09021000],[-112.90465500,52.28313700,796.04211400],[-112.90463480,52.28313429,797.75390600],[-112.90453640,52.28312112,797.19348100],[-112.90446100,52.28311102,793.39971900],[-112.90436020,52.28309751,793.38879400],[-112.90429550,52.28308885,792.36047400],[-112.90422970,52.28308003,793.81317100],[-112.90417500,52.28307271,794.42248500],[-112.90411880,52.28306519,795.10192900],[-112.90405600,52.28305677,795.64917000],[-112.90401090,52.28305073,795.73669400],[-112.90396510,52.28304460,795.85650600],[-112.90389940,52.28303580,795.97180200],[-112.90385250,52.28302952,794.68151900],[-112.90380030,52.28302253,794.65039100],[-112.90373320,52.28301354,794.89160200],[-112.90365990,52.28300372,794.96911600],[-112.90360000,52.28299570,795.02020300],[-112.90355000,52.28298900,795.08538800],[-112.90349330,52.28298210,794.98681600],[-112.90344670,52.28297643,794.92620800],[-112.90339500,52.28297013,793.98468000],[-112.90331870,52.28296084,794.61737100],[-112.90325710,52.28295335,794.72497600],[-112.90318760,52.28294489,794.32360800],[-112.90310720,52.28293510,792.85937500],[-112.90305240,52.28292844,793.43249500],[-112.90296630,52.28291797,795.43310500],[-112.90289460,52.28290923,794.67669700],[-112.90282880,52.28290123,794.27038600],[-112.90276600,52.28289358,794.91241500],[-112.90269130,52.28288449,795.24591100],[-112.90261790,52.28287556,795.21942100],[-112.90257430,52.28287025,794.04498300],[-112.90251150,52.28286260,794.86132800],[-112.90243890,52.28285378,794.19671600],[-112.90238480,52.28284719,794.40679900],[-112.90230560,52.28283755,794.65832500],[-112.90221970,52.28282709,795.75061000],[-112.90214940,52.28281854,795.47058100],[-112.90209500,52.28281192,794.66729700],[-112.90203550,52.28280468,795.41650400],[-112.90198490,52.28279852,796.83239700],[-112.90191640,52.28279018,797.09021000],[-112.90186860,52.28278436,797.66162100],[-112.90182820,52.28277944,795.08837900],[-112.90172880,52.28276734,795.27569600],[-112.90168350,52.28276184,794.54931600],[-112.90165200,52.28275800,797.82843000],[-112.90118810,52.28267861,794.63232400],[-112.90092840,52.28263416,795.03472900],[-112.90086900,52.28262400,793.84014900],[-112.90081760,52.28261785,793.53698700],[-112.90075260,52.28261007,793.57458500],[-112.90068150,52.28260155,794.08648700],[-112.90060870,52.28259285,794.24792500],[-112.90053790,52.28258438,794.39831500],[-112.90046750,52.28257595,794.34057600],[-112.90039740,52.28256756,794.40429700],[-112.90032750,52.28255919,794.06720000],[-112.90025600,52.28255063,793.91119400],[-112.90018850,52.28254256,793.71411100],[-112.90012760,52.28253526,793.68267800],[-112.90007090,52.28252848,793.55627400],[-112.90000640,52.28252077,793.34350600],[-112.89993270,52.28251194,793.35229500],[-112.89985800,52.28250300,793.68518100],[-112.89982610,52.28249955,793.56591800],[-112.89975090,52.28249141,793.53942900],[-112.89968080,52.28248382,793.61108400],[-112.89962700,52.28247800,793.76080300],[-112.89953160,52.28248481,793.65863000],[-112.89946270,52.28248973,793.83898900],[-112.89938620,52.28249520,793.90460200],[-112.89931170,52.28250052,794.01837200],[-112.89923500,52.28250600,793.92034900],[-112.89917150,52.28251453,794.13812300],[-112.89910000,52.28252413,794.03912400],[-112.89902310,52.28253445,794.07031300],[-112.89895130,52.28254409,794.11590600],[-112.89887830,52.28255389,794.25109900],[-112.89880090,52.28256429,794.09332300],[-112.89872910,52.28257392,793.98181200],[-112.89865540,52.28258383,793.93902600],[-112.89858380,52.28259344,793.76019300],[-112.89851000,52.28260334,793.74450700],[-112.89845300,52.28261100,793.81622300],[-112.89844340,52.28261269,793.96508800],[-112.89838590,52.28262287,793.05670200],[-112.89830600,52.28263702,793.34338400],[-112.89823100,52.28265027,793.56610100],[-112.89815470,52.28266377,793.76672400],[-112.89808080,52.28267685,793.93450900],[-112.89800690,52.28268992,794.27148400],[-112.89793300,52.28270300,794.97985800],[-112.89789600,52.28272300,794.38861100],[-112.89784190,52.28275300,794.32690400],[-112.89779490,52.28277907,793.66107200],[-112.89775000,52.28280400,794.51959200],[-112.89769600,52.28283400,794.44964600],[-112.89764500,52.28284300,794.36755400],[-112.89761700,52.28283800,794.47729500],[-112.89740400,52.28281200,794.81329300],[-112.89733240,52.28280224,794.99951200],[-112.89727500,52.28279443,794.97119100],[-112.89720830,52.28278535,794.96032700],[-112.89714700,52.28277700,794.83142100],[-112.89712990,52.28277467,794.83239700],[-112.89705580,52.28276454,794.87689200],[-112.89698310,52.28275461,794.94049100],[-112.89690730,52.28274425,794.97088600],[-112.89683330,52.28273414,795.01007100],[-112.89675780,52.28272383,795.05761700],[-112.89667990,52.28271319,795.12890600],[-112.89660600,52.28270308,795.06091300],[-112.89652500,52.28269202,794.87780800],[-112.89645290,52.28268217,794.81481900],[-112.89638290,52.28267260,794.87902800],[-112.89630730,52.28266227,795.09661900],[-112.89622920,52.28265161,795.07012900],[-112.89615530,52.28264151,795.20159900],[-112.89608820,52.28263235,795.38122600],[-112.89602030,52.28262307,795.29742400],[-112.89595090,52.28261358,795.21112100],[-112.89587760,52.28260357,795.27490200],[-112.89580370,52.28259348,795.21661400],[-112.89572650,52.28258292,795.14740000],[-112.89564980,52.28257245,795.29541000],[-112.89557400,52.28256209,795.26251200],[-112.89549950,52.28255191,795.03527800],[-112.89542550,52.28254181,794.94043000],[-112.89535060,52.28253157,794.91961700],[-112.89528860,52.28252310,793.55169700],[-112.89522200,52.28251400,795.30218500],[-112.89517280,52.28250744,795.30627400],[-112.89509940,52.28249763,795.06390400],[-112.89502120,52.28248718,795.10907000],[-112.89494490,52.28247700,795.17260700],[-112.89486730,52.28246664,795.16827400],[-112.89479980,52.28245763,795.30389400],[-112.89472940,52.28244822,795.58691400],[-112.89465840,52.28243875,795.61352500],[-112.89459350,52.28243009,795.71521000],[-112.89452890,52.28242146,795.81591800],[-112.89446960,52.28241354,796.02050800],[-112.89440780,52.28240529,796.09600800],[-112.89434030,52.28239628,795.42248500],[-112.89427550,52.28238762,795.70300300],[-112.89417610,52.28237435,795.62970000],[-112.89409830,52.28236396,795.72302200],[-112.89401980,52.28235348,795.49707000],[-112.89394570,52.28234359,795.66070600],[-112.89386940,52.28233341,795.71002200],[-112.89379610,52.28232361,795.71600300],[-112.89372430,52.28231403,796.02191200],[-112.89365050,52.28230417,796.47619600],[-112.89357490,52.28229408,796.03942900],[-112.89350340,52.28228453,796.07537800],[-112.89342770,52.28227443,796.13482700],[-112.89335330,52.28226450,796.14270000],[-112.89328160,52.28225491,795.93939200],[-112.89322010,52.28224670,796.27533000],[-112.89314770,52.28223703,796.18060300],[-112.89307400,52.28222719,796.11267100],[-112.89300030,52.28221735,796.22857700],[-112.89292980,52.28220794,796.22631800],[-112.89285570,52.28219804,795.93158000],[-112.89278130,52.28218812,795.99560500],[-112.89270980,52.28217857,795.84613000],[-112.89263520,52.28216860,795.61999500],[-112.89256300,52.28215896,795.40081800],[-112.89249470,52.28214985,795.36438000],[-112.89242520,52.28214057,795.47467000],[-112.89235220,52.28213082,795.42218000],[-112.89227780,52.28212088,795.36059600],[-112.89220590,52.28211129,795.20092800],[-112.89213450,52.28210176,795.21002200],[-112.89206530,52.28209252,795.37152100],[-112.89199310,52.28208288,795.41027800],[-112.89192170,52.28207334,795.40191700],[-112.89184790,52.28206349,795.45892300],[-112.89178030,52.28205446,795.32757600],[-112.89171070,52.28204517,795.22082500],[-112.89164140,52.28203592,795.12017800],[-112.89156740,52.28202604,794.89599600],[-112.89150850,52.28201817,795.09082000],[-112.89143250,52.28200802,794.97137500],[-112.89136010,52.28199836,794.86248800],[-112.89128280,52.28198803,794.86169400],[-112.89120910,52.28197819,794.78967300],[-112.89113280,52.28196801,794.57019000],[-112.89105710,52.28195790,794.52551300],[-112.89098400,52.28194814,794.52752700],[-112.89092050,52.28193966,794.57202100],[-112.89085700,52.28193118,794.56048600],[-112.89078650,52.28192176,794.59661900],[-112.89070870,52.28191138,794.50872800],[-112.89063500,52.28190154,794.63409400],[-112.89056160,52.28189173,794.68560800],[-112.89048850,52.28188198,794.70159900],[-112.89042180,52.28187307,795.43682900],[-112.89035370,52.28186398,795.96191400],[-112.89028240,52.28185446,796.32049600],[-112.89021470,52.28184542,796.85180700],[-112.89014870,52.28183660,797.21368400],[-112.89007520,52.28182679,796.58032200],[-112.89000970,52.28181804,797.29852300],[-112.88994040,52.28180879,797.58367900],[-112.88988010,52.28180075,797.71209700],[-112.88976870,52.28178587,795.41601600],[-112.88969690,52.28177628,795.50878900],[-112.88962060,52.28176610,795.67590300],[-112.88954430,52.28175591,795.53851300],[-112.88947440,52.28174658,795.52349900],[-112.88940200,52.28173690,795.40380900],[-112.88933570,52.28172805,795.48858600],[-112.88926030,52.28171799,795.49798600],[-112.88918730,52.28170824,795.53112800],[-112.88911280,52.28169829,795.38678000],[-112.88904770,52.28168960,795.36999500],[-112.88897880,52.28168040,795.49218800],[-112.88890690,52.28167080,795.60272200],[-112.88883690,52.28166146,795.63098100],[-112.88876940,52.28165244,795.35821500],[-112.88869320,52.28164227,795.23400900],[-112.88861860,52.28163231,795.17511000],[-112.88854740,52.28162280,795.23992900],[-112.88847400,52.28161300,795.50732400],[-112.88843660,52.28160812,795.96942100],[-112.88835970,52.28159807,795.56689500],[-112.88828560,52.28158839,795.47491500],[-112.88820710,52.28157814,795.21112100],[-112.88812720,52.28156771,795.15130600],[-112.88804990,52.28155761,795.13061500],[-112.88797810,52.28154822,795.06481900],[-112.88791880,52.28154048,795.05908200],[-112.88784950,52.28153142,795.05011000],[-112.88778500,52.28152300,795.27594000],[-112.88776520,52.28152011,796.73809800],[-112.88768910,52.28150900,796.71032700],[-112.88761650,52.28149841,796.91601600],[-112.88754360,52.28148777,797.20489500],[-112.88746650,52.28147651,796.90509000],[-112.88739370,52.28146590,796.77331500],[-112.88731560,52.28145450,796.33313000],[-112.88724140,52.28144366,796.04101600],[-112.88716990,52.28143324,795.78808600],[-112.88709390,52.28142215,795.65429700],[-112.88701800,52.28141107,795.35467500],[-112.88694730,52.28140075,795.26940900],[-112.88687790,52.28139063,795.22351100],[-112.88680680,52.28138025,795.11438000],[-112.88674830,52.28137172,795.93780500],[-112.88667380,52.28136085,795.61029100],[-112.88660200,52.28135037,795.31610100],[-112.88653100,52.28134000,795.05285600],[-112.88652170,52.28133900,794.39587400],[-112.88624200,52.28130900,793.76709000],[-112.88620250,52.28130452,794.17462200],[-112.88614500,52.28129800,794.24664300],[-112.88612580,52.28129568,794.35260000],[-112.88606460,52.28128829,794.95831300],[-112.88601660,52.28128249,795.80230700],[-112.88594990,52.28127444,795.90039100],[-112.88588000,52.28126601,796.02050800],[-112.88582300,52.28125912,795.10772700],[-112.88576400,52.28125200,793.72088600],[-112.88504800,52.28114900,793.84631300],[-112.88501970,52.28114515,794.20367400],[-112.88496190,52.28113729,794.31988500],[-112.88489530,52.28112824,794.22601300],[-112.88482760,52.28111904,794.26348900],[-112.88476620,52.28111069,794.35577400],[-112.88470050,52.28110176,794.67608600],[-112.88463640,52.28109304,794.82251000],[-112.88457030,52.28108406,794.69641100],[-112.88450950,52.28107579,794.67590300],[-112.88445650,52.28106858,794.69287100],[-112.88440160,52.28106111,794.56628400],[-112.88434780,52.28105380,794.31768800],[-112.88428140,52.28104478,794.29339600],[-112.88421890,52.28103627,794.17627000],[-112.88415640,52.28102778,794.19488500],[-112.88409140,52.28101893,794.32641600],[-112.88402320,52.28100966,794.24737500],[-112.88395750,52.28100074,794.29480000],[-112.88389340,52.28099202,794.34130900],[-112.88383320,52.28098382,794.29351800],[-112.88377350,52.28097571,794.30279500],[-112.88370790,52.28096679,794.35662800],[-112.88364660,52.28095847,794.47570800],[-112.88358320,52.28094983,794.50647000],[-112.88352030,52.28094128,794.42712400],[-112.88345620,52.28093258,794.36938500],[-112.88339240,52.28092390,794.40033000],[-112.88333630,52.28091626,794.46179200],[-112.88327900,52.28090848,794.49182100],[-112.88322400,52.28090100,794.48260500],[-112.88319500,52.28089722,794.07012900],[-112.88312820,52.28088854,794.07708700],[-112.88306620,52.28088048,794.20440700],[-112.88300200,52.28087213,794.06420900],[-112.88293810,52.28086382,794.10241700],[-112.88287130,52.28085513,794.01141400],[-112.88280200,52.28084612,793.98999000],[-112.88272400,52.28083598,793.80279500],[-112.88267540,52.28082966,793.66961700],[-112.88262080,52.28082255,793.57531700],[-112.88256620,52.28081546,793.49682600],[-112.88250660,52.28080771,793.52191200],[-112.88243580,52.28079850,793.56781000],[-112.88236150,52.28078885,793.63800000],[-112.88228970,52.28077950,793.60711700],[-112.88221300,52.28076953,793.60949700],[-112.88213900,52.28075991,793.69470200],[-112.88207630,52.28075175,793.79412800],[-112.88200900,52.28074300,793.91418500],[-112.88195070,52.28073510,793.94891400],[-112.88188310,52.28072593,793.92327900],[-112.88181140,52.28071622,794.17749000],[-112.88176510,52.28070994,794.23779300],[-112.88170540,52.28070184,794.09948700],[-112.88165150,52.28069454,794.08618200],[-112.88158400,52.28068540,794.11669900],[-112.88152270,52.28067709,794.03668200],[-112.88146050,52.28066865,793.98199500],[-112.88139050,52.28065916,793.75720200],[-112.88131600,52.28064906,793.79418900],[-112.88124480,52.28063942,793.78851300],[-112.88117300,52.28062968,793.71679700],[-112.88110460,52.28062041,793.88562000],[-112.88103810,52.28061140,793.99859600],[-112.88097180,52.28060241,793.94427500],[-112.88090390,52.28059320,793.73999000],[-112.88083360,52.28058367,793.55267300],[-112.88077280,52.28057544,793.70141600],[-112.88070300,52.28056597,793.73419200],[-112.88063750,52.28055710,793.67742900],[-112.88058560,52.28055006,793.61187700],[-112.88051890,52.28054101,793.46911600],[-112.88044960,52.28053163,793.54180900],[-112.88037800,52.28052192,793.54760700],[-112.88030240,52.28051167,793.30548100],[-112.88023130,52.28050204,793.10467500],[-112.88016060,52.28049246,793.03833000],[-112.88011320,52.28048603,793.02362100],[-112.88005400,52.28047800,793.90960700],[-112.88003680,52.28047570,793.90759300],[-112.87997610,52.28046761,794.00427200],[-112.87991170,52.28045901,794.06451400],[-112.87984220,52.28044973,794.14062500],[-112.87977290,52.28044049,794.17999300],[-112.87970140,52.28043095,794.18200700],[-112.87963400,52.28042196,794.16247600],[-112.87956670,52.28041297,794.34887700],[-112.87949810,52.28040382,794.46447800],[-112.87942690,52.28039432,794.44720500],[-112.87935960,52.28038535,794.60437000],[-112.87929410,52.28037660,794.56207300],[-112.87922170,52.28036694,794.58789100],[-112.87915310,52.28035779,794.62817400],[-112.87907960,52.28034799,794.50360100],[-112.87901110,52.28033884,794.43627900],[-112.87894200,52.28032963,794.13568100],[-112.87887800,52.28032108,794.08978300],[-112.87882040,52.28031340,794.20330800],[-112.87876140,52.28030553,794.36291500],[-112.87869700,52.28029693,794.55188000],[-112.87862840,52.28028778,794.75427200],[-112.87856180,52.28027889,794.49737500],[-112.87849530,52.28027003,794.63201900],[-112.87842630,52.28026082,794.68969700],[-112.87836220,52.28025226,794.93292200],[-112.87829710,52.28024359,794.95709200],[-112.87823590,52.28023541,794.85357700],[-112.87816560,52.28022604,794.92962600],[-112.87809640,52.28021679,795.04998800],[-112.87802800,52.28020767,795.31610100],[-112.87796230,52.28019890,795.31811500],[-112.87789940,52.28019051,795.38519300],[-112.87783270,52.28018162,795.28430200],[-112.87776700,52.28017285,795.39147900],[-112.87769360,52.28016306,795.39422600],[-112.87762650,52.28015411,795.43457000],[-112.87755730,52.28014487,795.48797600],[-112.87749000,52.28013589,795.52850300],[-112.87742100,52.28012669,795.51538100],[-112.87735340,52.28011766,795.56951900],[-112.87728640,52.28010872,795.63531500],[-112.87722290,52.28010025,795.74261500],[-112.87715850,52.28009165,795.55389400],[-112.87709590,52.28008330,795.49041700],[-112.87703230,52.28007482,795.28363000],[-112.87696790,52.28006622,795.34429900],[-112.87690210,52.28005745,795.33917200],[-112.87683800,52.28004890,795.27758800],[-112.87677100,52.28003995,795.27117900],[-112.87670520,52.28003118,795.29089400],[-112.87663630,52.28002198,795.20752000],[-112.87656900,52.28001300,794.95947300],[-112.87401460,52.27966667,796.03790300],[-112.87395800,52.27965900,796.44097900],[-112.87393340,52.27965568,796.73089600],[-112.87386180,52.27964600,796.50170900],[-112.87379630,52.27963715,796.58947800],[-112.87372810,52.27962794,796.51257300],[-112.87365990,52.27961873,796.60699500],[-112.87359730,52.27961027,796.48529100],[-112.87353170,52.27960140,796.61071800],[-112.87346090,52.27959184,796.53350800],[-112.87339510,52.27958295,796.51080300],[-112.87332650,52.27957368,796.43512000],[-112.87325960,52.27956464,796.29028300],[-112.87319250,52.27955558,796.20080600],[-112.87312740,52.27954679,796.13299600],[-112.87305850,52.27953748,796.06237800],[-112.87299610,52.27952904,796.03009000],[-112.87293250,52.27952045,796.02227800],[-112.87286680,52.27951158,796.02081300],[-112.87280480,52.27950320,796.02221700],[-112.87274860,52.27949561,795.94519000],[-112.87268970,52.27948765,795.90747100],[-112.87263360,52.27948007,795.92932100],[-112.87257300,52.27947189,795.85662800],[-112.87251460,52.27946400,796.00207500],[-112.87245380,52.27945578,795.90777600],[-112.87238550,52.27944656,795.62548800],[-112.87231450,52.27943696,795.58807400],[-112.87224450,52.27942751,795.62402300],[-112.87217630,52.27941828,795.64611800],[-112.87210580,52.27940877,795.68090800],[-112.87203340,52.27939898,795.71710200],[-112.87196920,52.27939032,795.81799300],[-112.87190250,52.27938129,795.83160400],[-112.87184200,52.27937313,795.85620100],[-112.87177720,52.27936437,795.91119400],[-112.87171410,52.27935584,795.94372600],[-112.87165440,52.27934779,796.02038600],[-112.87159260,52.27933944,796.04388400],[-112.87154500,52.27933300,796.28997800],[-112.87149080,52.27932571,796.38708500],[-112.87142510,52.27931686,796.41522200],[-112.87135740,52.27930774,796.45062300],[-112.87129260,52.27929902,796.44610600],[-112.87122630,52.27929008,796.47699000],[-112.87115540,52.27928055,796.49169900],[-112.87109130,52.27927191,796.37182600],[-112.87102850,52.27926345,796.40618900],[-112.87096690,52.27925517,796.44641100],[-112.87090280,52.27924653,796.72180200],[-112.87084000,52.27923807,796.71270800],[-112.87077590,52.27922945,796.67169200],[-112.87071550,52.27922132,796.66717500],[-112.87065460,52.27921312,796.72052000],[-112.87059600,52.27920523,796.65582300],[-112.87054620,52.27919853,796.77172900],[-112.87048410,52.27919016,796.79742400],[-112.87041730,52.27918117,796.79510500],[-112.87035070,52.27917219,796.75762900],[-112.87028320,52.27916311,796.74328600],[-112.87021620,52.27915409,796.62579300],[-112.87015440,52.27914576,796.63281300],[-112.87008970,52.27913706,796.66687000],[-112.87002580,52.27912846,796.79327400],[-112.86996300,52.27912000,796.79431200],[-112.86989730,52.27911115,796.76129200],[-112.86983440,52.27910268,796.81347700],[-112.86976770,52.27909371,796.87341300],[-112.86970260,52.27908493,796.76751700],[-112.86964040,52.27907656,796.87738000],[-112.86957630,52.27906793,796.88378900],[-112.86951510,52.27905969,796.70507800],[-112.86944680,52.27905050,796.84051500],[-112.86938330,52.27904195,796.79370100],[-112.86931790,52.27903314,796.82092300],[-112.86925320,52.27902443,796.69421400],[-112.86918940,52.27901584,796.74261500],[-112.86912490,52.27900716,796.83538800],[-112.86906310,52.27899884,796.84710700],[-112.86899930,52.27899024,796.83398400],[-112.86893640,52.27898178,796.77288800],[-112.86886970,52.27897280,796.66998300],[-112.86880390,52.27896394,796.74798600],[-112.86873790,52.27895505,796.64929200],[-112.86867160,52.27894612,796.70098900],[-112.86860690,52.27893740,796.77917500],[-112.86854140,52.27892858,796.76861600],[-112.86847760,52.27892001,796.63171400],[-112.86841170,52.27891113,796.65417500],[-112.86834950,52.27890276,796.59967000],[-112.86828730,52.27889438,796.66809100],[-112.86822500,52.27888599,796.49267600],[-112.86816250,52.27887758,796.42407200],[-112.86810290,52.27886955,796.46881100],[-112.86804410,52.27886164,796.46142600],[-112.86798390,52.27885353,796.26519800],[-112.86792420,52.27884549,796.32940700],[-112.86787330,52.27883864,796.22631800],[-112.86782400,52.27883200,796.38903800],[-112.86719100,52.27874100,797.61218300],[-112.86715250,52.27873586,797.77191200],[-112.86709480,52.27872817,797.93481400],[-112.86703640,52.27872038,798.02819800],[-112.86697860,52.27871267,798.12158200],[-112.86691090,52.27870364,797.99401900],[-112.86683980,52.27869415,798.16699200],[-112.86677050,52.27868491,798.22778300],[-112.86670130,52.27867567,798.24072300],[-112.86662720,52.27866580,798.12323000],[-112.86656020,52.27865686,798.30169700],[-112.86649100,52.27864763,798.31378200],[-112.86642400,52.27863869,798.39520300],[-112.86635690,52.27862975,798.30548100],[-112.86628760,52.27862050,798.23382600],[-112.86621710,52.27861110,798.35949700],[-112.86614560,52.27860156,798.38891600],[-112.86607700,52.27859241,798.50598100],[-112.86600360,52.27858261,798.56768800],[-112.86593120,52.27857295,798.58068800],[-112.86585930,52.27856337,798.60717800],[-112.86578940,52.27855405,798.43292200],[-112.86571850,52.27854459,798.40441900],[-112.86564960,52.27853539,798.63879400],[-112.86558260,52.27852645,798.57257100],[-112.86551200,52.27851704,798.58868400],[-112.86545910,52.27850999,798.43048100],[-112.86540230,52.27850241,798.06530800],[-112.86533370,52.27849326,798.12921100],[-112.86526730,52.27848440,798.19561800],[-112.86519680,52.27847500,798.14227300],[-112.86512940,52.27846601,797.99420200],[-112.86506070,52.27845685,798.03949000],[-112.86499180,52.27844766,797.98291000],[-112.86492340,52.27843854,798.01062000],[-112.86486050,52.27843014,797.94580100],[-112.86479190,52.27842099,797.88159200],[-112.86473100,52.27841287,797.97192400],[-112.86466250,52.27840373,798.02789300],[-112.86459870,52.27839522,798.16638200],[-112.86453010,52.27838607,798.15991200],[-112.86446250,52.27837705,798.14520300],[-112.86439960,52.27836866,797.92767300],[-112.86433290,52.27835977,797.98571800],[-112.86426970,52.27835134,797.99420200],[-112.86420020,52.27834206,798.15472400],[-112.86413030,52.27833275,798.15820300],[-112.86406250,52.27832370,798.21502700],[-112.86399620,52.27831486,798.24957300],[-112.86392870,52.27830585,797.94970700],[-112.86386010,52.27829671,797.95837400],[-112.86379320,52.27828778,797.77362100],[-112.86372430,52.27827859,797.61731000],[-112.86366060,52.27827010,797.35638400],[-112.86361450,52.27826395,797.26617400],[-112.86355210,52.27825562,797.14117400],[-112.86348510,52.27824669,797.08581500],[-112.86342000,52.27823800,797.07257100],[-112.86334770,52.27822815,797.00360100],[-112.86327660,52.27821847,796.83679200],[-112.86320310,52.27820847,796.80798300],[-112.86313040,52.27819858,796.72692900],[-112.86305960,52.27818893,796.72900400],[-112.86298980,52.27817944,796.69531300],[-112.86292510,52.27817063,796.71283000],[-112.86285850,52.27816156,796.67749000],[-112.86279110,52.27815239,796.59002700],[-112.86272230,52.27814301,796.67370600],[-112.86265150,52.27813338,796.54699700],[-112.86258700,52.27812460,796.36328100],[-112.86252000,52.27811548,796.40228300],[-112.86245660,52.27810685,796.51080300],[-112.86239470,52.27809842,797.05078100],[-112.86233480,52.27809027,797.20977800],[-112.86227950,52.27808275,797.01348900],[-112.86223000,52.27807600,796.37634300],[-112.86216890,52.27806780,796.48730500],[-112.86208890,52.27805706,796.79748500],[-112.86201790,52.27804754,797.16302500],[-112.86197340,52.27804155,796.55169700],[-112.86193200,52.27803600,797.25872800],[-112.86192110,52.27803508,796.81988500],[-112.86185290,52.27802935,796.77990700],[-112.86178400,52.27802355,796.88897700],[-112.86171980,52.27801816,796.97113000],[-112.86164970,52.27801226,797.11230500],[-112.86159900,52.27800800,798.00402800],[-112.86153910,52.27799977,797.40582300],[-112.86146930,52.27799017,797.31060800],[-112.86139740,52.27798028,797.18212900],[-112.86132140,52.27796984,797.07659900],[-112.86124920,52.27795990,796.97619600],[-112.86117560,52.27794978,797.03747600],[-112.86110510,52.27794009,796.93127400],[-112.86103210,52.27793006,797.02978500],[-112.86095880,52.27791997,797.05078100],[-112.86088800,52.27791025,797.04248000],[-112.86081020,52.27789955,797.24408000],[-112.86073760,52.27788956,797.44659400],[-112.86066350,52.27787937,797.58111600],[-112.86061200,52.27787230,797.53247100],[-112.86054480,52.27786306,797.45300300],[-112.86046850,52.27785257,797.16961700],[-112.86042800,52.27784700,797.94470200],[-112.86039510,52.27784265,797.25872800],[-112.86032140,52.27783291,797.35858200],[-112.86024900,52.27782334,797.41967800],[-112.86017880,52.27781406,797.37609900],[-112.86010630,52.27780447,797.53149400],[-112.86003860,52.27779553,797.60882600],[-112.85998410,52.27778831,797.65991200],[-112.85993390,52.27778168,797.77551300],[-112.85986050,52.27777197,797.88519300],[-112.85978700,52.27776226,798.47961400],[-112.85971810,52.27775315,798.48278800],[-112.85966400,52.27774600,798.45074500],[-112.85965450,52.27774499,798.59790000],[-112.85959260,52.27773842,798.61102300],[-112.85954280,52.27773313,798.56451400],[-112.85949170,52.27772770,798.61297600],[-112.85942720,52.27772085,798.61639400],[-112.85936000,52.27771371,798.36090100],[-112.85929110,52.27770639,797.86639400],[-112.85921520,52.27769834,797.76068100],[-112.85914000,52.27769036,797.94873000],[-112.85909900,52.27768600,796.93225100],[-112.85903870,52.27767792,798.10687300],[-112.85896850,52.27766851,798.01141400],[-112.85889390,52.27765852,798.08850100],[-112.85882650,52.27764950,798.02117900],[-112.85875880,52.27764042,798.01239000],[-112.85868670,52.27763076,797.87188700],[-112.85861530,52.27762120,797.78881800],[-112.85854020,52.27761113,798.48431400],[-112.85847590,52.27760253,798.38372800],[-112.85840440,52.27759294,798.02410900],[-112.85833520,52.27758367,798.72668500],[-112.85825730,52.27757324,798.49481200],[-112.85821630,52.27756775,798.92877200],[-112.85817580,52.27756232,798.54467800],[-112.85810210,52.27755244,798.19720500],[-112.85803610,52.27754361,799.18689000],[-112.85799260,52.27753778,798.15539600],[-112.85793080,52.27752950,797.78820800],[-112.85785850,52.27751982,798.16510000],[-112.85779150,52.27751084,798.14758300],[-112.85772450,52.27750186,797.86749300],[-112.85765900,52.27749308,797.71051000],[-112.85759140,52.27748403,797.52307100],[-112.85751870,52.27747429,797.68408200],[-112.85744720,52.27746471,797.61297600],[-112.85737910,52.27745559,798.51849400],[-112.85731500,52.27744700,797.54632600],[-112.85727250,52.27744081,798.01971400],[-112.85720260,52.27743062,798.05181900],[-112.85713380,52.27742060,797.94708300],[-112.85706410,52.27741044,798.07629400],[-112.85699850,52.27740088,797.93420400],[-112.85692800,52.27739061,797.88769500],[-112.85685710,52.27738028,797.39270000],[-112.85678700,52.27737006,797.30688500],[-112.85671520,52.27735960,797.33429000],[-112.85664430,52.27734927,797.40838600],[-112.85657470,52.27733914,797.45910600],[-112.85651200,52.27733000,797.66186500],[-112.85649890,52.27732827,797.95239300],[-112.85645360,52.27732224,797.95721400],[-112.85640010,52.27731514,798.01782200],[-112.85635530,52.27730920,797.92651400],[-112.85629490,52.27730117,797.91967800],[-112.85623620,52.27729338,797.84680200],[-112.85617540,52.27728531,798.01818800],[-112.85611840,52.27727774,797.95599400],[-112.85605660,52.27726953,797.91497800],[-112.85599520,52.27726138,797.79681400],[-112.85594500,52.27725471,798.03881800],[-112.85589830,52.27724852,797.98687700],[-112.85583880,52.27724062,797.97247300],[-112.85577860,52.27723262,797.99188200],[-112.85570940,52.27722343,797.94940200],[-112.85564890,52.27721540,797.87957800],[-112.85560320,52.27720933,798.00622600],[-112.85554900,52.27720214,798.13122600],[-112.85549130,52.27719448,798.03302000],[-112.85543710,52.27718728,798.05712900],[-112.85536120,52.27717719,798.21508800],[-112.85528810,52.27716748,798.42187500],[-112.85521440,52.27715770,798.61468500],[-112.85513900,52.27714770,798.91040000],[-112.85506600,52.27713800,799.31829800],[-112.85503590,52.27713395,799.19891400],[-112.85498160,52.27712663,799.06939700],[-112.85492900,52.27711954,799.03442400],[-112.85487070,52.27711167,798.99762000],[-112.85480950,52.27710343,799.02600100],[-112.85474730,52.27709504,799.09368900],[-112.85468340,52.27708643,799.22778300],[-112.85461940,52.27707780,799.22338900],[-112.85455880,52.27706964,799.35418700],[-112.85450110,52.27706186,799.28619400],[-112.85444160,52.27705385,799.28222700],[-112.85438440,52.27704614,799.21038800],[-112.85432130,52.27703764,799.19250500],[-112.85425750,52.27702903,799.10260000],[-112.85418800,52.27701967,799.15741000],[-112.85412740,52.27701149,799.14190700],[-112.85406460,52.27700303,799.21209700],[-112.85399950,52.27699427,799.20440700],[-112.85393130,52.27698506,799.22869900],[-112.85387070,52.27697690,799.20849600],[-112.85380330,52.27696782,799.20752000],[-112.85373920,52.27695918,799.17858900],[-112.85367130,52.27695002,799.18188500],[-112.85360440,52.27694100,799.21777300],[-112.85354270,52.27693269,799.16687000],[-112.85347860,52.27692406,799.14538600],[-112.85341880,52.27691599,799.10772700],[-112.85335530,52.27690743,799.19830300],[-112.85329120,52.27689879,799.21960400],[-112.85322440,52.27688980,799.19757100],[-112.85316840,52.27688224,799.14752200],[-112.85310830,52.27687415,799.15429700],[-112.85304510,52.27686563,799.20062300],[-112.85298150,52.27685705,799.14117400],[-112.85291070,52.27684752,799.22583000],[-112.85284790,52.27683905,799.11682100],[-112.85277550,52.27682929,799.25408900],[-112.85272330,52.27682226,799.18420400],[-112.85265690,52.27681330,799.20428500],[-112.85258990,52.27680428,799.32092300],[-112.85252650,52.27679574,799.40679900],[-112.85246360,52.27678725,799.44860800],[-112.85239400,52.27677787,799.49371300],[-112.85232850,52.27676905,799.56561300],[-112.85226350,52.27676028,799.62908900],[-112.85220510,52.27675242,799.51001000],[-112.85214280,52.27674402,799.38830600],[-112.85207910,52.27673543,799.37042200],[-112.85203500,52.27672949,799.33581500],[-112.85196990,52.27672071,799.34118700],[-112.85191590,52.27671343,799.41821300],[-112.85185110,52.27670470,799.37518300],[-112.85180040,52.27669787,799.46069300],[-112.85175780,52.27669213,799.59100300],[-112.85169820,52.27668409,799.67602500],[-112.85164320,52.27667669,799.64941400],[-112.85157600,52.27666762,799.74328600],[-112.85150870,52.27665856,799.78710900],[-112.85144260,52.27664965,799.87457300],[-112.85137880,52.27664105,799.86419700],[-112.85131150,52.27663197,799.82592800],[-112.85125030,52.27662373,799.80621300],[-112.85119610,52.27661643,799.76800500],[-112.85113950,52.27660879,799.68127400],[-112.85107350,52.27659990,799.63531500],[-112.85100310,52.27659040,799.81591800],[-112.85093740,52.27658155,799.77850300],[-112.85086910,52.27657235,799.85339400],[-112.85080410,52.27656359,799.78210400],[-112.85073350,52.27655408,799.78540000],[-112.85066330,52.27654462,799.78540000],[-112.85059220,52.27653503,799.66510000],[-112.85051790,52.27652502,799.68878200],[-112.85045000,52.27651586,799.59930400],[-112.85038180,52.27650667,799.79809600],[-112.85031180,52.27649724,799.83477800],[-112.85024520,52.27648826,799.70489500],[-112.85017410,52.27647868,799.87908900],[-112.85010490,52.27646935,800.06549100],[-112.85004170,52.27646083,800.20587200],[-112.84997500,52.27645184,800.08789100],[-112.84990990,52.27644307,800.11572300],[-112.84984960,52.27643494,800.03491200],[-112.84978590,52.27642635,800.15747100],[-112.84972840,52.27641861,800.13897700],[-112.84966820,52.27641049,800.23248300],[-112.84960810,52.27640240,800.23321500],[-112.84953820,52.27639298,800.31677200],[-112.84946260,52.27638279,800.28448500],[-112.84939000,52.27637300,800.22082500],[-112.84935340,52.27636805,800.16040000],[-112.84929890,52.27636068,800.16149900],[-112.84923650,52.27635225,800.17547600],[-112.84917820,52.27634438,800.09008800],[-112.84911350,52.27633563,800.13641400],[-112.84904840,52.27632683,800.10559100],[-112.84898530,52.27631830,800.02252200],[-112.84892170,52.27630971,800.00280800],[-112.84885140,52.27630020,800.04211400],[-112.84878650,52.27629143,799.99200400],[-112.84871810,52.27628219,800.09222400],[-112.84864670,52.27627254,800.33441200],[-112.84857950,52.27626345,800.37817400],[-112.84850870,52.27625389,800.47100800],[-112.84844230,52.27624491,800.54119900],[-112.84839050,52.27623791,800.47460900],[-112.84833130,52.27622992,800.45837400],[-112.84826570,52.27622104,800.32312000],[-112.84819270,52.27621118,800.33880600],[-112.84812670,52.27620226,800.35217300],[-112.84805760,52.27619292,800.37518300],[-112.84799030,52.27618382,800.25537100],[-112.84791630,52.27617383,800.26068100],[-112.84785320,52.27616529,800.14691200],[-112.84780600,52.27615892,800.11798100],[-112.84775270,52.27615172,800.27380400],[-112.84770720,52.27614556,800.15979000],[-112.84764380,52.27613699,800.17700200],[-112.84757080,52.27612712,800.22857700],[-112.84750070,52.27611765,800.21209700],[-112.84742950,52.27610803,800.25897200],[-112.84735780,52.27609834,800.10180700],[-112.84728450,52.27608843,800.19531300],[-112.84721080,52.27607847,800.35052500],[-112.84714290,52.27606929,800.37377900],[-112.84707590,52.27606024,800.22991900],[-112.84700530,52.27605070,800.15710400],[-112.84693550,52.27604126,800.18261700],[-112.84686590,52.27603185,800.23767100],[-112.84679760,52.27602262,800.20947300],[-112.84672310,52.27601255,800.29119900],[-112.84665510,52.27600337,800.31140100],[-112.84660470,52.27599655,800.38989300],[-112.84653710,52.27598742,800.40307600],[-112.84646760,52.27597802,800.18200700],[-112.84640500,52.27596957,800.37231400],[-112.84633740,52.27596042,800.39691200],[-112.84626810,52.27595105,800.42431600],[-112.84618860,52.27594032,800.48010300],[-112.84611450,52.27593030,800.35290500],[-112.84604400,52.27592077,800.24682600],[-112.84597470,52.27591140,800.21637000],[-112.84593130,52.27590554,800.23132300],[-112.84586530,52.27589661,800.19342000],[-112.84580400,52.27588833,800.12298600],[-112.84574640,52.27588055,800.07977300],[-112.84568510,52.27587226,800.07128900],[-112.84561350,52.27586259,800.24188200],[-112.84554070,52.27585275,800.26550300],[-112.84546890,52.27584304,800.23388700],[-112.84540160,52.27583394,799.96569800],[-112.84534370,52.27582612,799.84790000],[-112.84528020,52.27581755,799.90490700],[-112.84521550,52.27580880,800.09130900],[-112.84514660,52.27579948,800.14361600],[-112.84507670,52.27579004,800.18328900],[-112.84499940,52.27577959,800.21179200],[-112.84492700,52.27576980,800.34460400],[-112.84485050,52.27575946,800.39398200],[-112.84477490,52.27574925,800.24700900],[-112.84470640,52.27573998,800.46588100],[-112.84463400,52.27573020,800.31152300],[-112.84456490,52.27572086,800.42981000],[-112.84448860,52.27571055,800.58898900],[-112.84441420,52.27570049,800.60668900],[-112.84433700,52.27569006,800.65771500],[-112.84426420,52.27568022,800.76428200],[-112.84419440,52.27567078,800.82470700],[-112.84412230,52.27566104,801.11358600],[-112.84405600,52.27565208,800.99200400],[-112.84401100,52.27564600,800.79821800],[-112.84396890,52.27564009,800.66522200],[-112.84392640,52.27563413,800.52197300],[-112.84388030,52.27562767,800.37988300],[-112.84380990,52.27561779,800.51641800],[-112.84374470,52.27560865,800.53509500],[-112.84367130,52.27559835,800.59448200],[-112.84359850,52.27558814,800.40338100],[-112.84352280,52.27557752,800.55877700],[-112.84344470,52.27556657,800.66528300],[-112.84336700,52.27555566,800.56707800],[-112.84328950,52.27554480,800.62457300],[-112.84320990,52.27553363,800.65289300],[-112.84313490,52.27552311,800.50701900],[-112.84305960,52.27551255,800.53448500],[-112.84298540,52.27550214,800.52948000],[-112.84291000,52.27549156,800.66162100],[-112.84284040,52.27548180,800.65179400],[-112.84278420,52.27547392,800.45251500],[-112.84274020,52.27546775,800.52471900],[-112.84268430,52.27545991,800.57910200],[-112.84263050,52.27545236,800.62591600],[-112.84257870,52.27544510,800.66790800],[-112.84253490,52.27543895,800.73748800],[-112.84246330,52.27542891,801.06951900],[-112.84239500,52.27541933,801.13378900],[-112.84232510,52.27540952,801.13348400],[-112.84225720,52.27539999,801.23999000],[-112.84219140,52.27539076,801.31250000],[-112.84212500,52.27538145,801.13647500],[-112.84207490,52.27537442,801.27691700],[-112.84201680,52.27536628,801.39361600],[-112.84196810,52.27535945,801.24877900],[-112.84191210,52.27535159,801.06469700],[-112.84185150,52.27534309,800.88678000],[-112.84178150,52.27533327,801.07879600],[-112.84172030,52.27532469,801.05999800],[-112.84166100,52.27531636,800.80999800],[-112.84158210,52.27530530,800.69512900],[-112.84151910,52.27529646,800.64300500],[-112.84145420,52.27528737,800.67358400],[-112.84138710,52.27527795,800.95758100],[-112.84132380,52.27526908,800.95770300],[-112.84126760,52.27526118,801.03558300],[-112.84120750,52.27525275,800.91809100],[-112.84114750,52.27524434,800.96521000],[-112.84109090,52.27523640,801.04040500],[-112.84099710,52.27522324,801.35083000],[-112.84093140,52.27521403,801.29138200],[-112.84086750,52.27520507,801.52099600],[-112.84081450,52.27519764,801.37677000],[-112.84075020,52.27518861,801.36010700],[-112.84068130,52.27517895,801.24700900],[-112.84061510,52.27516967,801.13409400],[-112.84054630,52.27516001,801.12439000],[-112.84048430,52.27515131,801.13848900],[-112.84041090,52.27514102,801.42797900],[-112.84033920,52.27513096,801.54931600],[-112.84027020,52.27512128,801.63061500],[-112.84020750,52.27511249,801.82379200],[-112.84013910,52.27510289,801.95007300],[-112.84007580,52.27509401,802.01312300],[-112.84002530,52.27508693,802.01178000],[-112.83995960,52.27507772,801.96002200],[-112.83989240,52.27506829,801.35821500],[-112.83983700,52.27506051,801.28320300],[-112.83977860,52.27505234,801.20910600],[-112.83971680,52.27504366,801.15411400],[-112.83965570,52.27503510,801.01397700],[-112.83959340,52.27502635,800.83557100],[-112.83953830,52.27501862,800.77917500],[-112.83947920,52.27501033,800.45507800],[-112.83939520,52.27499855,800.46612500],[-112.83934760,52.27499187,800.56018100],[-112.83930130,52.27498538,800.52679400],[-112.83925040,52.27497823,800.45379600],[-112.83918560,52.27496916,800.32330300],[-112.83911760,52.27495961,800.35540800],[-112.83904530,52.27494947,800.31280500],[-112.83897740,52.27493994,800.28851300],[-112.83890240,52.27492943,800.37487800],[-112.83882800,52.27491899,800.35449200],[-112.83875870,52.27490927,800.36401400],[-112.83871400,52.27490300,799.88177500],[-112.83870320,52.27490175,800.48767100],[-112.83865010,52.27489563,800.61932400],[-112.83860900,52.27489089,801.11267100],[-112.83858290,52.27488789,801.25720200],[-112.83853470,52.27488234,801.30029300],[-112.83847820,52.27487582,800.85089100],[-112.83841900,52.27486900,801.49737500],[-112.83839910,52.27486645,801.50982700],[-112.83833490,52.27485821,801.57098400],[-112.83826900,52.27484976,801.71118200],[-112.83820860,52.27484201,801.86572300],[-112.83814920,52.27483439,801.94201700],[-112.83808310,52.27482591,802.15838600],[-112.83803700,52.27482000,801.59704600],[-112.83797010,52.27481151,802.05157500],[-112.83790360,52.27480306,802.25830100],[-112.83783520,52.27479437,802.47540300],[-112.83776350,52.27478528,802.56048600],[-112.83769700,52.27477683,802.80279500],[-112.83765900,52.27477200,801.13122600],[-112.83760540,52.27476412,802.88812300],[-112.83753250,52.27475342,803.00262500],[-112.83745900,52.27474263,803.09729000],[-112.83739270,52.27473288,803.38507100],[-112.83733900,52.27472500,802.26916500],[-112.83733500,52.27472300,803.23083500],[-112.83728320,52.27471619,803.03820800],[-112.83721490,52.27470720,802.91870100],[-112.83714560,52.27469809,802.96911600],[-112.83708940,52.27469070,802.96948200],[-112.83704390,52.27468472,803.14782700],[-112.83698190,52.27467657,803.19067400],[-112.83691390,52.27466762,803.22937000],[-112.83684100,52.27465803,803.39630100],[-112.83677260,52.27464904,803.36981200],[-112.83670170,52.27463971,803.52191200],[-112.83663260,52.27463062,803.46838400],[-112.83656070,52.27462117,803.50091600],[-112.83649070,52.27461196,803.72509800],[-112.83641970,52.27460263,803.87487800],[-112.83634500,52.27459280,803.97100800],[-112.83627370,52.27458342,804.01641800],[-112.83620060,52.27457381,804.26379400],[-112.83612600,52.27456400,804.14184600],[-112.83609650,52.27456001,804.37628200],[-112.83604190,52.27455264,803.94561800],[-112.83598470,52.27454491,804.12347400],[-112.83591210,52.27453508,804.14251700],[-112.83583810,52.27452508,804.08050500],[-112.83577250,52.27451622,804.21698000],[-112.83572310,52.27450954,803.82952900],[-112.83566710,52.27450198,803.89740000],[-112.83562240,52.27449594,803.76141400],[-112.83555340,52.27448661,803.89111300],[-112.83548240,52.27447702,804.00811800],[-112.83541220,52.27446752,803.98449700],[-112.83533830,52.27445754,803.86608900],[-112.83526930,52.27444822,803.69097900],[-112.83520060,52.27443893,803.65319800],[-112.83513060,52.27442947,803.63671900],[-112.83505910,52.27441981,803.52960200],[-112.83498760,52.27441014,803.53967300],[-112.83493590,52.27440315,803.47680700],[-112.83488570,52.27439636,803.41210900],[-112.83484600,52.27439100,804.56921400],[-112.83477880,52.27438201,803.38757300],[-112.83470510,52.27437215,803.69262700],[-112.83463110,52.27436224,803.66851800],[-112.83455730,52.27435237,803.86181600],[-112.83448070,52.27434211,803.83190900],[-112.83441100,52.27433279,803.83728000],[-112.83434090,52.27432340,803.79168700],[-112.83427240,52.27431423,803.83410600],[-112.83419960,52.27430449,803.69598400],[-112.83413000,52.27429518,803.65240500],[-112.83405850,52.27428561,803.79760700],[-112.83398700,52.27427604,803.78460700],[-112.83392030,52.27426712,803.77777100],[-112.83379470,52.27425030,803.96820100],[-112.83374070,52.27424307,803.98797600],[-112.83368780,52.27423599,803.79699700],[-112.83363680,52.27422917,803.72930900],[-112.83358060,52.27422165,803.78350800],[-112.83351600,52.27421300,804.03173800],[-112.83349850,52.27421101,803.41400100],[-112.83344320,52.27420474,803.51452600],[-112.83338460,52.27419809,803.64147900],[-112.83332800,52.27419167,803.56768800],[-112.83326730,52.27418478,803.56597900],[-112.83319740,52.27417685,803.40460200],[-112.83312460,52.27416858,803.47528100],[-112.83305210,52.27416036,803.39672900],[-112.83298240,52.27415246,803.82702600],[-112.83290600,52.27414378,804.00061000],[-112.83283190,52.27413537,804.01098600],[-112.83276030,52.27412725,804.19549600],[-112.83268510,52.27411872,804.34521500],[-112.83263140,52.27411263,804.32379200],[-112.83257730,52.27410649,804.56237800],[-112.83250180,52.27409792,804.54888900],[-112.83243200,52.27409000,804.95312500],[-112.83240280,52.27408603,804.65020800],[-112.83233370,52.27407667,804.74939000],[-112.83226370,52.27406717,804.85998500],[-112.83220320,52.27405896,804.50531000],[-112.83215480,52.27405239,804.36157200],[-112.83211060,52.27404639,804.68817100],[-112.83207330,52.27404133,806.41717500],[-112.83203850,52.27403662,804.47827100],[-112.83197390,52.27402785,804.38269000],[-112.83190530,52.27401856,805.51489300],[-112.83183490,52.27400900,804.91998300],[-112.83176070,52.27399893,804.90258800],[-112.83169390,52.27398987,804.74652100],[-112.83162420,52.27398042,804.72222900],[-112.83155480,52.27397101,804.76129200],[-112.83148210,52.27396114,804.91241500],[-112.83140690,52.27395094,805.28741500],[-112.83133260,52.27394086,805.17590300],[-112.83126220,52.27393130,805.12402300],[-112.83118640,52.27392102,805.16949500],[-112.83111590,52.27391146,804.84912100],[-112.83104680,52.27390209,804.76049800],[-112.83098220,52.27389333,804.86590600],[-112.83091070,52.27388362,804.82000700],[-112.83084260,52.27387439,804.85418700],[-112.83078790,52.27386697,804.78759800],[-112.83073420,52.27385969,804.84332300],[-112.83067160,52.27385119,804.77972400],[-112.83060960,52.27384278,804.77410900],[-112.83054310,52.27383376,804.78161600],[-112.83047520,52.27382455,804.82452400],[-112.83040690,52.27381528,804.87127700],[-112.83033560,52.27380561,804.91558800],[-112.83026210,52.27379563,804.77490200],[-112.83019390,52.27378639,804.83752400],[-112.83012550,52.27377711,804.76702900],[-112.83006730,52.27376922,805.13592500],[-112.83000670,52.27376099,805.06127900],[-112.82995640,52.27375416,805.25061000],[-112.82990930,52.27374777,804.70538300],[-112.82984810,52.27373948,804.76898200],[-112.82978170,52.27373047,804.92431600],[-112.82970680,52.27372031,805.14721700],[-112.82963060,52.27370997,805.09967000],[-112.82955690,52.27369998,805.29272500],[-112.82948780,52.27369060,805.37097200],[-112.82941540,52.27368077,805.27948000],[-112.82934460,52.27367117,804.87847900],[-112.82926940,52.27366097,804.86969000],[-112.82919410,52.27365076,804.83801300],[-112.82912140,52.27364089,804.80230700],[-112.82905100,52.27363134,804.88659700],[-112.82898430,52.27362230,804.98400900],[-112.82891420,52.27361278,804.93188500],[-112.82884170,52.27360296,804.87658700],[-112.82877090,52.27359334,804.96020500],[-112.82870200,52.27358400,805.00299100],[-112.82868600,52.27358179,804.79711900],[-112.82862640,52.27357359,804.77777100],[-112.82856040,52.27356451,804.97717300],[-112.82849420,52.27355539,804.71032700],[-112.82842820,52.27354629,805.06543000],[-112.82836180,52.27353716,805.07373000],[-112.82828980,52.27352724,805.17742900],[-112.82821990,52.27351762,805.22082500],[-112.82815020,52.27350801,805.28839100],[-112.82807790,52.27349806,805.29852300],[-112.82800770,52.27348840,805.71008300],[-112.82793870,52.27347889,805.74267600],[-112.82786630,52.27346893,805.78869600],[-112.82779650,52.27345932,805.82287600],[-112.82772730,52.27344979,805.84027100],[-112.82765350,52.27343963,805.92407200],[-112.82757920,52.27342940,805.88568100],[-112.82750620,52.27341935,805.92608600],[-112.82743110,52.27340900,805.86529500],[-112.82735720,52.27339882,805.83520500],[-112.82728760,52.27338925,805.98547400],[-112.82721730,52.27337956,806.33282500],[-112.82714900,52.27337017,806.07830800],[-112.82709700,52.27336300,806.09210200],[-112.82704390,52.27335568,805.85327100],[-112.82697030,52.27334555,806.13958700],[-112.82689920,52.27333576,805.86022900],[-112.82682400,52.27332540,806.14428700],[-112.82675950,52.27331653,806.32299800],[-112.82669670,52.27330788,806.38989300],[-112.82665400,52.27330200,806.29907200],[-112.82663060,52.27329818,806.14611800],[-112.82657930,52.27328978,806.02801500],[-112.82651760,52.27327969,805.73327600],[-112.82644950,52.27326855,805.64068600],[-112.82638030,52.27325725,805.73101800],[-112.82035590,52.27245271,805.05328400],[-112.82029800,52.27244700,804.56726100],[-112.82026360,52.27244228,804.93048100],[-112.82019480,52.27243285,805.11657700],[-112.82012240,52.27242293,804.86962900],[-112.82004810,52.27241274,804.99481200],[-112.81997350,52.27240250,804.95410200],[-112.81990320,52.27239286,805.01617400],[-112.81984190,52.27238446,804.71582000],[-112.81979530,52.27237807,804.18682900],[-112.81972510,52.27236844,804.28027300],[-112.81965050,52.27235822,804.38751200],[-112.81958270,52.27234892,804.31988500],[-112.81951260,52.27233931,804.22888200],[-112.81944650,52.27233024,804.26202400],[-112.81938190,52.27232138,804.28588900],[-112.81932540,52.27231364,804.23107900],[-112.81925750,52.27230433,804.32330300],[-112.81918930,52.27229497,804.33410600],[-112.81913090,52.27228696,804.46838400],[-112.81907960,52.27227993,803.99420200],[-112.81901420,52.27227096,804.10302700],[-112.81895290,52.27226256,804.02398700],[-112.81889200,52.27225420,803.98620600],[-112.81880610,52.27224243,803.75982700],[-112.81875200,52.27223502,803.91357400],[-112.81868820,52.27222626,803.81921400],[-112.81862470,52.27221756,803.75012200],[-112.81856650,52.27220957,803.77508500],[-112.81851260,52.27220219,803.80432100],[-112.81845890,52.27219482,803.88647500],[-112.81839660,52.27218628,803.87500000],[-112.81834930,52.27217979,803.76470900],[-112.81829170,52.27217190,803.77801500],[-112.81823190,52.27216370,803.75531000],[-112.81817300,52.27215561,803.80749500],[-112.81812020,52.27214837,803.89721700],[-112.81806230,52.27214043,803.75122100],[-112.81800370,52.27213240,803.97399900],[-112.81794980,52.27212501,803.83728000],[-112.81789370,52.27211732,803.95068400],[-112.81783740,52.27210959,804.28051800],[-112.81778130,52.27210190,804.23468000],[-112.81771830,52.27209327,804.13568100],[-112.81765800,52.27208500,804.45745800],[-112.81760080,52.27207754,804.15448000],[-112.81753400,52.27206884,804.35968000],[-112.81746630,52.27206001,804.60369900],[-112.81739120,52.27205022,804.71777300],[-112.81731740,52.27204060,805.06671100],[-112.81724560,52.27203123,805.52331500],[-112.81718070,52.27202277,805.63891600],[-112.81711640,52.27201440,805.70129400],[-112.81705840,52.27200683,806.59637500],[-112.81699640,52.27199875,806.27978500],[-112.81693290,52.27199047,806.03442400],[-112.81686860,52.27198209,805.66497800],[-112.81680180,52.27197338,805.30120800],[-112.81672650,52.27196356,805.36572300],[-112.81664910,52.27195348,805.44488500],[-112.81657600,52.27194394,805.80157500],[-112.81650190,52.27193428,806.34600800],[-112.81643000,52.27192491,806.91082800],[-112.81635400,52.27191500,807.33300800],[-112.81632720,52.27191141,806.89709500],[-112.81628260,52.27190544,806.90557900],[-112.81622000,52.27189706,806.77331500],[-112.81615870,52.27188885,806.41168200],[-112.81609180,52.27187989,806.31939700],[-112.81602180,52.27187053,806.00067100],[-112.81595290,52.27186130,805.80719000],[-112.81588550,52.27185228,805.62017800],[-112.81582580,52.27184429,805.69897500],[-112.81574900,52.27183400,805.23571800],[-112.81479900,52.27171300,804.86193800],[-112.81471720,52.27170209,805.91998300],[-112.81466400,52.27169500,806.77380400],[-112.81463980,52.27169167,805.79010000],[-112.81459370,52.27168534,805.71759000],[-112.81455060,52.27167942,805.98101800],[-112.81448830,52.27167086,805.97583000],[-112.81443670,52.27166378,805.61022900],[-112.81438780,52.27165705,805.65728800],[-112.81434050,52.27165055,805.57659900],[-112.81429140,52.27164381,805.83648700],[-112.81423370,52.27163588,805.82672100],[-112.81417160,52.27162736,805.79351800],[-112.81410970,52.27161884,805.74121100],[-112.81404580,52.27161007,805.58532700],[-112.81398280,52.27160141,805.45129400],[-112.81392410,52.27159334,805.26709000],[-112.81386270,52.27158492,805.15002400],[-112.81380610,52.27157713,805.20019500],[-112.81374770,52.27156912,805.09539800],[-112.81369020,52.27156122,804.76141400],[-112.81363070,52.27155304,805.27331500],[-112.81359140,52.27154764,804.90441900],[-112.81355570,52.27154274,804.96502700],[-112.81352450,52.27153846,804.97912600],[-112.81348410,52.27153290,804.97717300],[-112.81343990,52.27152683,804.95318600],[-112.81338200,52.27151888,805.06897000],[-112.81331950,52.27151029,805.05261200],[-112.81325780,52.27150182,805.14190700],[-112.81321030,52.27149528,805.12957800],[-112.81315970,52.27148834,805.16619900],[-112.81310260,52.27148049,805.19348100],[-112.81304320,52.27147233,805.18670700],[-112.81297700,52.27146324,805.29657000],[-112.81291800,52.27145514,805.36212200],[-112.81286950,52.27144846,805.20092800],[-112.81281190,52.27144056,805.37237500],[-112.81275840,52.27143321,805.44201700],[-112.81268830,52.27142358,805.22497600],[-112.81262860,52.27141537,805.38708500],[-112.81256090,52.27140608,805.54950000],[-112.81250210,52.27139800,805.79412800],[-112.81244670,52.27139038,805.80017100],[-112.81239290,52.27138299,805.93591300],[-112.81233080,52.27137447,806.24200400],[-112.81226420,52.27136531,806.34259000],[-112.81219730,52.27135613,806.43261700],[-112.81212910,52.27134675,806.45837400],[-112.81206340,52.27133772,806.55011000],[-112.81198990,52.27132763,806.31219500],[-112.81194590,52.27132158,806.35553000],[-112.81188050,52.27131260,806.44012500],[-112.81181610,52.27130375,806.43670700],[-112.81175010,52.27129469,806.48657200],[-112.81168550,52.27128580,806.35632300],[-112.81162320,52.27127725,806.22491500],[-112.81156050,52.27126864,806.15838600],[-112.81150420,52.27126089,805.95898400],[-112.81143520,52.27125143,806.14697300],[-112.81137200,52.27124274,806.25622600],[-112.81130450,52.27123346,806.34649700],[-112.81124120,52.27122477,806.32977300],[-112.81117740,52.27121600,806.37017800],[-112.81112190,52.27120838,806.39502000],[-112.81105890,52.27119972,806.41320800],[-112.81099500,52.27119095,806.41400100],[-112.81092940,52.27118193,806.49121100],[-112.81086670,52.27117332,806.46240200],[-112.81080680,52.27116508,806.52880900],[-112.81073840,52.27115570,806.55542000],[-112.81066310,52.27114535,806.57989500],[-112.81058840,52.27113509,806.60369900],[-112.81052540,52.27112643,806.46997100],[-112.81046130,52.27111762,806.43432600],[-112.81040510,52.27110990,806.41119400],[-112.81034750,52.27110199,806.21887200],[-112.81029290,52.27109449,806.20947300],[-112.81022720,52.27108546,806.20312500],[-112.81017400,52.27107815,806.15863000],[-112.81011000,52.27106937,806.37500000],[-112.81004160,52.27105997,806.53540000],[-112.80997050,52.27105020,806.69097900],[-112.80990520,52.27104123,806.83447300],[-112.80983610,52.27103173,806.81012000],[-112.80977030,52.27102270,806.66137700],[-112.80970590,52.27101385,806.52642800],[-112.80963810,52.27100454,806.37268100],[-112.80956930,52.27099508,806.32879600],[-112.80950620,52.27098641,806.16040000],[-112.80945080,52.27097880,806.10809300],[-112.80939830,52.27097159,806.08990500],[-112.80934310,52.27096401,805.86090100],[-112.80927960,52.27095528,805.69232200],[-112.80921460,52.27094635,805.77038600],[-112.80916560,52.27093962,807.54022200],[-112.80910560,52.27093138,807.49462900],[-112.80904220,52.27092267,807.42681900],[-112.80897620,52.27091359,807.34942600],[-112.80891140,52.27090470,807.55578600],[-112.80885010,52.27089627,807.48120100],[-112.80878720,52.27088763,807.36901900],[-112.80872410,52.27087897,807.22210700],[-112.80866000,52.27087015,807.12750200],[-112.80859740,52.27086157,807.28320300],[-112.80853410,52.27085286,807.24310300],[-112.80847230,52.27084438,807.13232400],[-112.80840860,52.27083562,807.24200400],[-112.80835100,52.27082771,807.09161400],[-112.80828920,52.27081922,806.95001200],[-112.80822590,52.27081053,807.02899200],[-112.80816600,52.27080229,806.96020500],[-112.80810300,52.27079364,806.81427000],[-112.80804380,52.27078550,806.68072500],[-112.80798060,52.27077683,806.67529300],[-112.80791950,52.27076843,806.73132300],[-112.80785750,52.27075991,806.69372600],[-112.80779440,52.27075124,806.67437700],[-112.80773130,52.27074257,806.68652300],[-112.80766800,52.27073388,806.81640600],[-112.80760420,52.27072511,806.94311500],[-112.80753760,52.27071596,806.91717500],[-112.80747330,52.27070712,806.89508100],[-112.80741820,52.27069956,806.77740500],[-112.80735530,52.27069091,806.68859900],[-112.80729500,52.27068263,806.63592500],[-112.80723690,52.27067465,806.66131600],[-112.80717520,52.27066617,806.72241200],[-112.80711050,52.27065728,806.81811500],[-112.80705280,52.27064936,806.69689900],[-112.80699280,52.27064112,806.68707300],[-112.80692980,52.27063246,806.56030300],[-112.80687150,52.27062445,806.33538800],[-112.80681380,52.27061652,806.35229500],[-112.80675530,52.27060849,806.43280000],[-112.80669960,52.27060083,806.53161600],[-112.80664170,52.27059289,806.47540300],[-112.80657980,52.27058438,806.46252400],[-112.80651360,52.27057528,806.32061800],[-112.80645120,52.27056670,806.53381300],[-112.80639000,52.27055831,806.73138400],[-112.80632570,52.27054947,806.90808100],[-112.80626150,52.27054066,806.91668700],[-112.80619850,52.27053200,807.10907000],[-112.80613090,52.27052271,806.80358900],[-112.80606850,52.27051413,806.87890600],[-112.80600480,52.27050539,806.83252000],[-112.80595280,52.27049824,806.80352800],[-112.80589240,52.27048995,806.67620800],[-112.80583670,52.27048229,806.95990000],[-112.80577400,52.27047368,807.01849400],[-112.80571180,52.27046514,807.00262500],[-112.80564970,52.27045659,807.16339100],[-112.80559370,52.27044890,807.25341800],[-112.80552780,52.27043986,807.41491700],[-112.80546320,52.27043097,807.67578100],[-112.80540400,52.27042285,807.55639600],[-112.80533950,52.27041399,807.77758800],[-112.80527450,52.27040505,807.84979200],[-112.80521130,52.27039637,807.79248000],[-112.80514780,52.27038765,807.72570800],[-112.80508360,52.27037882,807.74218800],[-112.80501570,52.27036950,807.75293000],[-112.80494910,52.27036035,807.82672100],[-112.80488440,52.27035145,807.78149400],[-112.80482160,52.27034283,807.85467500],[-112.80476390,52.27033491,807.81567400],[-112.80470370,52.27032663,807.90429700],[-112.80464020,52.27031791,807.88732900],[-112.80457460,52.27030889,807.86511200],[-112.80451330,52.27030048,807.87799100],[-112.80445080,52.27029190,807.92157000],[-112.80439540,52.27028428,807.95007300],[-112.80432660,52.27027483,808.03192100],[-112.80426500,52.27026637,808.08929400],[-112.80420220,52.27025774,808.10180700],[-112.80414080,52.27024930,808.00207500],[-112.80407580,52.27024037,807.93267800],[-112.80401420,52.27023191,807.73779300],[-112.80394500,52.27022240,807.70050000],[-112.80388330,52.27021392,807.65631100],[-112.80381980,52.27020521,807.60022000],[-112.80375380,52.27019614,807.47338900],[-112.80369810,52.27018848,807.43359400],[-112.80363750,52.27018015,807.52972400],[-112.80357530,52.27017161,807.44921900],[-112.80351160,52.27016286,807.40179400],[-112.80344880,52.27015424,807.43377700],[-112.80339340,52.27014662,807.35998500],[-112.80332700,52.27013750,807.36932400],[-112.80326360,52.27012879,807.40741000],[-112.80319820,52.27011981,807.14520300],[-112.80313400,52.27011099,807.15972900],[-112.80307590,52.27010300,807.11853000],[-112.80301730,52.27009496,807.13281300],[-112.80295960,52.27008703,807.03778100],[-112.80289710,52.27007844,807.11889600],[-112.80283030,52.27006926,807.12091100],[-112.80276810,52.27006072,807.03399700],[-112.80270470,52.27005201,807.10241700],[-112.80265470,52.27004514,807.60217300],[-112.80260020,52.27003765,807.49469000],[-112.80254600,52.27003020,807.26568600],[-112.80248650,52.27002203,807.27899200],[-112.80242940,52.27001418,807.24560500],[-112.80237100,52.27000616,807.40728800],[-112.80231310,52.26999821,807.49169900],[-112.80225590,52.26999036,807.36938500],[-112.80220140,52.26998286,807.43811000],[-112.80210960,52.26997026,807.22967500],[-112.80204710,52.26996167,807.14489700],[-112.80198240,52.26995278,806.89740000],[-112.80192350,52.26994468,806.86468500],[-112.80186350,52.26993644,806.89050300],[-112.80180580,52.26992852,806.92291300],[-112.80174420,52.26992006,806.75592000],[-112.80168350,52.26991171,806.78942900],[-112.80162260,52.26990335,806.70800800],[-112.80155220,52.26989368,806.78411900],[-112.80148620,52.26988462,806.76489300],[-112.80142220,52.26987581,806.79748500],[-112.80135910,52.26986715,806.78369100],[-112.80128780,52.26985735,806.72802700],[-112.80122700,52.26984900,806.34539800],[-112.80118090,52.26984316,806.28381300],[-112.80111990,52.26983540,806.30151400],[-112.80105460,52.26982713,806.30487100],[-112.80099290,52.26981929,806.41357400],[-112.80093310,52.26981170,806.34698500],[-112.80087040,52.26980375,806.19592300],[-112.80081000,52.26979608,806.24890100],[-112.80074920,52.26978837,806.43103000],[-112.80068430,52.26978013,806.43682900],[-112.80062130,52.26977213,806.39489700],[-112.80055380,52.26976357,806.24377400],[-112.80049560,52.26975618,806.23272700],[-112.80043320,52.26974826,806.20367400],[-112.80037600,52.26974100,806.37323000],[-112.80032680,52.26973435,807.27880900],[-112.80026850,52.26972647,807.28039600],[-112.80020910,52.26971846,807.26910400],[-112.80014810,52.26971022,807.22210700],[-112.80008490,52.26970167,807.33160400],[-112.80001990,52.26969289,807.25158700],[-112.79995010,52.26968347,807.38061500],[-112.79988980,52.26967532,807.59478800],[-112.79982460,52.26966652,807.61810300],[-112.79976900,52.26965900,806.84869400],[-112.79975850,52.26965710,806.61700400],[-112.79971260,52.26964883,806.68457000],[-112.79966960,52.26964106,806.59637500],[-112.79961270,52.26963079,806.37829600],[-112.79956400,52.26962200,806.44952400],[-112.79946750,52.26957492,807.45019500],[-112.79941760,52.26955058,807.34790000],[-112.79936970,52.26952724,807.28057900],[-112.79932000,52.26950300,807.09613000],[-112.79927770,52.26947495,807.41052200],[-112.79923650,52.26944762,807.51690700],[-112.79919330,52.26941898,807.49188200],[-112.79915180,52.26939142,807.48297100],[-112.79910540,52.26936064,807.36212200],[-112.79906490,52.26933378,807.37512200],[-112.79902590,52.26930791,806.96081500],[-112.79898440,52.26928035,807.12017800],[-112.79894090,52.26925150,807.06988500],[-112.79889670,52.26922217,807.06481900],[-112.79886030,52.26919802,806.89202900],[-112.79881920,52.26917079,806.89111300],[-112.79877650,52.26914245,807.01721200],[-112.79873510,52.26911496,806.91601600],[-112.79869020,52.26908517,807.02117900],[-112.79864450,52.26905486,806.96331800],[-112.79859830,52.26902422,806.82141100],[-112.79855950,52.26899845,807.02978500],[-112.79853040,52.26897917,807.03320300],[-112.79850300,52.26896100,807.19378700],[-112.79849750,52.26895614,807.54058800],[-112.79847020,52.26893177,807.75079300],[-112.79844100,52.26890578,807.30798300],[-112.79842510,52.26889159,807.06469700],[-112.79839010,52.26886045,806.74218800],[-112.79836600,52.26883900,808.52545200],[-112.79835990,52.26883491,806.95300300],[-112.79831670,52.26880581,806.84820600],[-112.79827410,52.26877715,806.86218300],[-112.79823340,52.26874970,806.93817100],[-112.79819550,52.26872421,807.00769000],[-112.79815000,52.26869359,806.93109100],[-112.79810710,52.26866467,806.87921100],[-112.79807590,52.26864370,806.78082300],[-112.79803750,52.26861779,806.79742400],[-112.79800310,52.26859463,806.85730000],[-112.79796500,52.26856900,806.89117400],[-112.79795270,52.26856016,806.68579100],[-112.79789570,52.26851924,806.87579300],[-112.79784910,52.26848575,806.86700400],[-112.79780900,52.26845700,808.24249300],[-112.79777380,52.26843939,807.37841800],[-112.79772900,52.26841700,807.03247100],[-112.79769340,52.26840522,807.52490200],[-112.79762960,52.26838412,807.65441900],[-112.79756360,52.26836227,807.78448500],[-112.79750110,52.26834162,807.83599900],[-112.79744020,52.26832145,807.79998800],[-112.79738130,52.26830196,807.79199200],[-112.79732120,52.26828208,807.98931900],[-112.79726190,52.26826248,808.02728300],[-112.79720110,52.26824237,807.94043000],[-112.79713730,52.26822127,807.97479200],[-112.79707420,52.26820039,807.98358200],[-112.79701470,52.26818071,808.18487500],[-112.79695170,52.26815986,808.16589400],[-112.79689080,52.26813972,808.13989300],[-112.79682780,52.26811887,808.07031300],[-112.79676730,52.26809885,808.03381300],[-112.79670680,52.26807885,808.04431200],[-112.79664660,52.26805894,807.96038800],[-112.79658590,52.26803883,807.93438700],[-112.79652140,52.26801750,807.95111100],[-112.79645900,52.26799685,807.94000200],[-112.79639500,52.26797569,807.99737500],[-112.79633410,52.26795555,808.01159700],[-112.79627160,52.26793487,808.05609100],[-112.79621280,52.26791543,807.95117200],[-112.79616330,52.26789905,808.01940900],[-112.79610940,52.26788121,807.93957500],[-112.79604480,52.26785985,807.97802700],[-112.79598770,52.26784096,807.95050000],[-112.79592460,52.26782009,808.03747600],[-112.79587600,52.26780400,808.11486800],[-112.79585690,52.26779790,808.89880400],[-112.79581590,52.26778481,809.08898900],[-112.79576110,52.26776733,809.05957000],[-112.79570480,52.26774937,809.20471200],[-112.79564290,52.26772962,809.00262500],[-112.79557840,52.26770902,809.00671400],[-112.79551360,52.26768837,809.05639600],[-112.79545070,52.26766829,808.95471200],[-112.79538360,52.26764688,809.17260700],[-112.79532490,52.26762813,809.07861300],[-112.79526240,52.26760820,809.24621600],[-112.79519570,52.26758691,809.39209000],[-112.79513530,52.26756763,809.32659900],[-112.79507320,52.26754781,809.14752200],[-112.79501360,52.26752879,808.96649200],[-112.79495230,52.26750923,808.95587200],[-112.79489200,52.26749000,808.81720000],[-112.79485410,52.26747756,808.81408700],[-112.79480070,52.26746002,809.08807400],[-112.79474900,52.26744302,809.22692900],[-112.79469200,52.26742430,809.15850800],[-112.79463470,52.26740548,809.22979700],[-112.79457860,52.26738704,809.41949500],[-112.79452380,52.26736905,809.43347200],[-112.79447330,52.26735247,809.44598400],[-112.79441470,52.26733320,809.58142100],[-112.79436060,52.26731544,809.45739700],[-112.79430440,52.26729697,809.40460200],[-112.79424920,52.26727885,809.51562500],[-112.79419540,52.26726118,809.49267600],[-112.79414030,52.26724306,809.48297100],[-112.79408310,52.26722428,809.48132300],[-112.79402420,52.26720492,809.53729200],[-112.79396810,52.26718648,809.51422100],[-112.79391460,52.26716891,809.49572800],[-112.79386220,52.26715172,809.50628700],[-112.79380910,52.26713427,809.57647700],[-112.79375480,52.26711644,809.65197800],[-112.79370000,52.26709842,809.80871600],[-112.79364430,52.26708011,809.92199700],[-112.79358730,52.26706139,809.95752000],[-112.79353250,52.26704340,810.00598100],[-112.79347960,52.26702602,810.08142100],[-112.79342750,52.26700892,810.05041500],[-112.79337690,52.26699228,810.03149400],[-112.79333640,52.26697898,809.94989000],[-112.79328720,52.26696284,809.95782500],[-112.79323470,52.26694558,809.98181200],[-112.79317600,52.26692629,810.07360800],[-112.79311840,52.26690737,810.04480000],[-112.79306200,52.26688884,810.02288800],[-112.79300480,52.26687006,810.16302500],[-112.79294930,52.26685181,810.18762200],[-112.79289050,52.26683252,810.08477800],[-112.79283100,52.26681296,810.10321000],[-112.79277080,52.26679319,810.15960700],[-112.79271220,52.26677393,810.06811500],[-112.79265250,52.26675431,810.18450900],[-112.79259670,52.26673600,810.11022900],[-112.79254570,52.26671923,809.79107700],[-112.79249060,52.26670114,809.56311000],[-112.79243640,52.26668335,809.23547400],[-112.79238030,52.26666491,808.88171400],[-112.79232630,52.26664715,807.88690200],[-112.79227100,52.26662900,807.99755900],[-112.79226470,52.26662687,807.35601800],[-112.79218170,52.26659900,809.11352500],[-112.79212240,52.26657907,808.74292000],[-112.79206710,52.26656047,808.02349900],[-112.79201430,52.26654273,806.28741500],[-112.79195970,52.26652437,804.43890400],[-112.79183020,52.26648086,810.35919200],[-112.79178600,52.26646600,810.20452900],[-112.79177270,52.26646163,810.35980200],[-112.79171610,52.26644303,810.32897900],[-112.79165470,52.26642284,810.24530000],[-112.79159080,52.26640185,810.20971700],[-112.79152480,52.26638018,810.53680400],[-112.79145870,52.26635846,810.63812300],[-112.79140000,52.26633916,810.67462200],[-112.79134870,52.26632231,810.63220200],[-112.79129300,52.26630400,810.09613000],[-112.79124410,52.26628839,810.66821300],[-112.79117570,52.26626654,810.73230000],[-112.79111110,52.26624591,810.97729500],[-112.79105500,52.26622800,809.85083000],[-112.79096000,52.26619700,808.96557600],[-112.79083500,52.26615900,810.32263200],[-112.79082310,52.26615443,811.52380400],[-112.79076180,52.26613079,811.53979500],[-112.79071780,52.26611382,810.89239500],[-112.79068200,52.26610000,808.65167200],[-112.79065430,52.26609112,810.32391400],[-112.79059370,52.26607167,813.12072800],[-112.79053180,52.26605179,813.21429400],[-112.79047200,52.26603263,813.17022700],[-112.79041160,52.26601325,813.06390400],[-112.79034730,52.26599261,813.11859100],[-112.79028650,52.26597309,813.28601100],[-112.79022710,52.26595403,813.31909200],[-112.79022700,52.26595400,808.58990500],[-112.78997600,52.26587000,807.84283400],[-112.78993400,52.26585800,808.66967800],[-112.78993400,52.26585800,813.33740200],[-112.78987500,52.26583890,813.52880900],[-112.78986600,52.26583600,809.09857200],[-112.78986600,52.26583600,813.57428000],[-112.78984770,52.26581222,813.41772500],[-112.78983600,52.26579700,809.45245400],[-112.78983470,52.26579316,813.67981000],[-112.78982150,52.26575330,813.62249800],[-112.78980770,52.26571152,813.69567900],[-112.78979310,52.26566734,813.78021200],[-112.78979100,52.26566100,809.78588900],[-112.78978700,52.26564484,813.87768600],[-112.78977640,52.26560206,814.03582800],[-112.78976570,52.26555887,813.99829100],[-112.78976100,52.26554000,810.99676500],[-112.78975980,52.26553492,814.07788100],[-112.78974830,52.26548679,814.04162600],[-112.78973950,52.26545030,814.02587900],[-112.78973800,52.26544400,810.37951700],[-112.78973700,52.26538900,809.50842300],[-112.78973900,52.26536000,810.23120100]
		],
		"bbox": null
	},
	"id": "vpm_1",
	"properties": {
		"id": "1",
		"name": "ACME 24 inch Main Line",
    "category": "mainline"
	},
	"bbox": null
}
